requests_per_minute,requests_per_second,failed_request_ratio,unique_endpoints,repeated_endpoint_ratio,avg_response_time_ms,session_duration_sec,avg_payload_size_bytes,login_attempts,login_failure_ratio,endpoint_entropy,request_interval_variance,status_4xx_count,is_bot
13.9723,0.1337,0.3573,5,0.1054,323.09,293.2,1663.77,0,0.0,3.545,10.035717,22,0
14.655,0.2717,0.0892,6,0.5683,276.37,251.22,3184.79,0,0.0,3.1258,1.285287,5,0
11.4646,0.2742,0.0885,7,0.4583,368.25,215.87,941.96,2,0.1662,3.214,10.424644,4,0
32.5539,0.6895,0.0089,7,0.5099,119.52,93.84,4966.95,0,0.0,2.6677,4.981885,0,0
8.445,0.2728,0.0559,7,0.4152,233.12,120.68,3799.75,0,0.0,1.8785,2.610323,1,0
10.6744,0.1288,0.033,4,0.4273,262.02,294.87,4395.1,2,0.161,3.2298,8.81617,1,0
26.3755,0.4279,0.0622,3,0.3244,134.57,123.41,3572.77,1,0.1729,2.9825,9.152714,3,0
8.4842,0.1038,0.0646,4,0.4288,379.72,172.41,895.68,1,0.0918,3.2867,11.22594,1,0
15.4841,0.1432,0.028,5,0.1,80.43,276.92,1762.77,0,0.0,2.1098,1.599158,1,0
5.5268,0.0587,0.0833,6,0.1,341.47,101.47,1189.26,0,0.0,2.5006,5.70172,0,0
0.0,0.0,0.0215,5,0.4205,107.48,265.74,550.22,0,0.0,2.837,11.587858,0,0
18.8802,0.2413,0.1626,7,0.1772,246.09,217.09,3627.37,0,0.0,3.2544,9.364454,9,0
19.7876,0.3641,0.0687,7,0.1905,315.66,55.8,3803.34,0,0.0,2.1206,1.469285,1,0
2.4243,0.0,0.0515,7,0.187,365.32,174.58,2543.29,0,0.0,3.4356,6.125059,0,0
484.9777,8.0967,0.4591,1,0.9696,179.18,22.93,193.43,302,0.8006,0.2349,0.015117,84,1
372.5963,6.2636,0.3402,1,0.8596,97.21,49.93,197.8,348,0.8974,0.4526,0.00974,105,1
5.1053,0.1361,0.0808,6,0.311,148.89,168.62,4726.46,0,0.0,2.5309,11.817811,0,0
1000.0,30.0,0.2103,2,0.7058,94.42,9.31,2053.92,0,0.0,0.8112,0.00436,156,1
26.2378,0.3594,0.2478,7,0.2508,330.39,89.2,2077.89,0,0.0,1.9052,8.493609,9,0
5.9536,0.1371,0.2069,7,0.2549,282.19,206.48,4562.23,0,0.0,2.2738,1.816307,4,0
19.6725,0.3816,0.0827,3,0.1,317.31,219.08,3437.93,0,0.0,1.872,5.465616,5,0
0.0,0.2349,0.5,2,0.4,277.43,181.77,1030.97,5,0.5971,0.8954,0.52955,10,1
17.3013,0.2789,0.0295,7,0.3823,140.85,250.48,4585.38,1,0.0094,2.5639,6.162941,2,0
40.8336,0.6032,0.088,5,0.1861,122.7,32.29,1729.98,1,0.0872,3.5837,13.711469,1,0
1000.0,27.5724,0.2693,1,0.9943,160.83,20.25,6552.45,0,0.0,0.6212,0.042628,150,1
21.1965,0.3713,0.1099,5,0.3069,209.7,88.21,3353.23,0,0.0,1.4563,0.648391,3,0
240.241,3.6897,0.5134,1,0.8,124.58,22.89,92.38,232,0.8989,0.5865,0.008662,45,1
16.486,0.2121,0.0167,3,0.1913,302.71,206.11,4345.56,0,0.0,1.2066,3.734805,0,0
1000.0,30.0,0.5475,1,0.9157,95.03,14.66,212.8,373,0.9312,0.2469,0.016007,257,1
8.4393,0.2148,0.0726,5,0.1481,90.89,267.92,2371.62,0,0.0,3.5273,5.947734,2,0
38.4939,0.5855,0.1608,3,0.3516,280.79,105.52,3950.22,1,0.0265,2.7617,12.91314,11,0
9.0771,0.2203,0.2494,7,0.2207,389.55,191.81,4309.49,0,0.0,1.6409,9.044376,9,0
335.8939,5.4738,0.7231,1,0.975,72.34,47.67,199.13,350,0.8614,0.1534,0.009929,189,1
263.0956,4.3032,0.5301,1,0.9809,134.37,38.62,55.87,368,0.8648,0.1622,0.008263,87,1
6.3304,0.0785,0.0511,6,0.4628,171.2,230.38,2841.78,1,0.0667,3.1268,11.873535,1,0
17.9283,0.3562,0.2836,3,0.2869,296.14,205.44,4347.2,0,0.0,1.7172,4.922753,19,0
176.8214,3.0455,0.8401,1,0.9712,43.21,48.37,253.89,84,0.6396,0.3655,0.004762,121,1
1000.0,30.0,0.2669,1,0.9914,99.94,11.48,4755.89,0,0.0,0.0967,0.010411,209,1
1000.0,30.0,0.2481,1,0.806,119.91,11.23,7312.6,0,0.0,0.903,0.038311,184,1
46.7236,0.7551,0.0241,3,0.4419,266.43,99.9,3665.41,0,0.0,2.6811,14.114464,1,0
1000.0,30.0,0.3798,1,0.8,56.87,6.03,212.18,284,0.7052,0.374,0.010606,97,1
1000.0,30.0,0.05,1,0.7588,134.32,9.79,2576.47,0,0.0,0.8017,0.025312,19,1
44.2322,0.7797,0.1021,5,0.4009,408.33,61.01,1950.59,1,0.0423,2.9798,9.136762,5,0
23.26,0.3667,0.1161,5,0.1228,382.46,103.61,2675.96,1,0.1299,2.8465,14.295348,4,0
4.9887,0.1952,0.2347,5,0.205,137.77,145.17,4380.32,0,0.0,3.5533,1.540345,2,0
768.0066,12.703,0.6637,2,0.9306,83.76,33.6,90.8,108,0.7097,0.1759,0.00436,282,1
327.3221,5.2993,0.6617,1,0.9777,105.97,27.62,120.82,288,0.8892,0.4038,0.001655,97,1
1000.0,25.472,0.5077,1,0.8763,177.5,15.13,98.96,356,0.7981,0.1065,0.008243,196,1
640.7173,10.6353,0.3714,1,0.8,56.54,34.24,151.72,321,0.9635,0.0,0.01122,136,1
12.9189,0.2096,0.0057,5,0.1,234.29,58.38,1056.39,0,0.0,1.6687,4.80833,0,0
15.0392,0.5214,0.1242,3,0.7059,204.15,132.06,2382.87,0,0.0,0.6764,0.764959,4,1
1000.0,30.0,0.1119,1,0.8535,142.43,14.0,6978.73,0,0.0,0.2684,0.049511,49,1
22.2464,0.3784,0.1184,3,0.4055,89.74,41.41,4658.11,1,0.1832,1.6585,7.720236,2,0
5.5765,0.0213,0.1535,3,0.3139,350.04,117.63,3850.43,0,0.0,1.6835,5.377814,1,0
1.4874,0.0459,0.1232,5,0.5281,96.34,208.5,4599.49,0,0.0,2.561,2.418285,0,0
8.6894,0.2885,0.1477,2,0.6399,101.55,112.29,707.8,10,0.2791,0.4009,0.598236,4,1
0.0,0.0287,0.0769,5,0.1,265.1,240.99,1207.95,1,0.1162,3.2656,9.375586,0,0
69.7293,1.2171,0.1383,5,0.1229,314.86,62.5,4540.84,0,0.0,2.1848,1.953561,10,0
9.0026,0.022,0.1427,7,0.2922,372.71,204.27,4137.63,0,0.0,2.8435,3.321893,2,0
48.0472,0.8016,0.0342,7,0.5273,383.32,66.98,3686.11,0,0.0,3.3699,2.104636,1,0
19.5908,0.316,0.0724,4,0.5486,276.6,219.12,1029.47,1,0.2908,2.2298,7.478088,5,0
384.3606,6.0627,0.503,2,0.9287,162.01,15.93,154.33,172,0.9419,0.1514,0.017623,49,1
607.3279,10.3522,0.7586,1,0.907,165.18,40.24,66.11,369,0.5321,0.0333,0.00644,309,1
1000.0,30.0,0.05,2,0.8013,97.9,12.77,4516.42,0,0.0,0.7659,0.008371,22,1
15.2141,0.2984,0.0468,6,0.393,114.7,179.01,2077.64,0,0.0,2.2993,6.843386,2,0
2.1561,0.029,0.0475,4,0.3833,162.3,191.1,4854.08,0,0.0,2.4842,11.164565,0,0
476.2252,8.098,0.7589,1,0.9703,48.27,57.76,66.1,52,0.7008,0.5135,0.012241,349,1
13.1189,0.2956,0.1223,3,0.1021,367.49,260.54,4480.89,0,0.0,2.49,6.904861,9,0
495.5205,8.1465,0.5177,1,0.8,175.11,43.26,221.29,319,0.8422,0.2973,0.00583,183,1
1000.0,30.0,0.1582,2,0.9088,51.51,3.91,4985.49,0,0.0,0.7571,0.046005,34,1
7.0599,0.1645,0.132,3,0.5173,167.5,119.17,3231.19,2,0.2331,2.5699,9.290099,2,0
14.6051,0.2469,0.0823,6,0.422,369.72,226.97,1622.96,0,0.0,3.0391,7.021228,5,0
1.161,0.0313,0.0319,5,0.2302,382.51,299.67,4751.18,0,0.0,2.3132,13.689133,0,0
5.1944,0.0872,0.0611,5,0.4789,94.63,145.32,3048.45,1,0.0163,2.909,7.369713,0,0
11.4475,0.0965,0.0524,6,0.1852,308.59,243.86,2718.99,1,0.1337,1.927,7.414489,2,0
8.8252,0.1226,0.0456,5,0.3059,286.88,140.79,4097.54,0,0.0,1.7715,9.36598,1,0
11.9482,0.3084,0.0145,3,0.3947,166.24,214.11,2873.18,0,0.0,2.5869,8.682947,0,0
65.3466,1.1504,0.2571,7,0.2217,237.44,64.06,1288.95,1,0.2012,2.1684,9.458544,18,0
18.6394,0.2648,0.0747,6,0.1063,254.23,138.47,3552.07,0,0.0,1.8479,3.65531,2,0
29.5505,0.5551,0.3042,2,0.4432,245.45,69.45,2133.35,10,0.2974,0.6069,0.651034,11,1
505.4871,8.5025,0.7769,1,0.9776,136.17,47.29,243.25,304,0.9169,0.1365,0.013491,315,1
203.1184,3.1919,0.6845,1,0.9962,93.94,51.55,130.05,65,0.9284,0.0,0.009186,117,1
1000.0,30.0,0.3,1,0.7215,69.85,17.98,1614.53,0,0.0,0.727,0.019724,227,1
51.8838,0.813,0.1101,7,0.5097,118.19,71.1,3186.77,0,0.0,3.2427,7.600109,6,0
280.0493,4.714,0.3952,1,0.9491,91.62,41.37,68.93,390,0.9248,0.4961,0.016262,77,1
34.8685,0.5575,0.1207,4,0.3077,395.55,115.07,4714.03,1,0.3852,1.9426,1.217511,8,0
31.5035,0.6055,0.0822,3,0.1173,237.8,83.62,4331.46,1,0.0034,2.778,11.053472,3,0
80.151,1.3194,0.1048,4,0.1,264.84,46.3,1570.66,2,0.086,1.4501,10.353535,6,0
339.9177,5.6385,0.3,1,0.9113,56.04,57.95,82.91,160,0.6631,0.5096,0.002096,99,1
581.556,9.5402,0.7904,1,0.8751,138.74,48.92,266.17,391,0.7961,0.3239,0.015845,372,1
548.5647,9.2015,0.5907,2,0.8768,180.36,36.58,129.99,124,0.8005,0.3116,0.009848,198,1
29.0642,0.4659,0.1244,5,0.1086,89.52,159.67,4768.95,1,0.2968,2.8962,14.423659,8,0
84.6423,1.3665,0.0832,4,0.2505,313.23,43.4,1566.2,1,0.1205,2.0337,1.459395,4,0
4.1466,0.0326,0.0133,7,0.3594,301.88,241.36,3845.46,1,0.1484,3.3929,1.863943,0,0
9.3174,0.1457,0.0575,7,0.4946,82.47,299.63,1489.1,0,0.0,2.7368,8.244475,2,0
0.0,0.0,0.2059,3,0.6812,264.84,170.21,864.6,10,0.4683,0.5754,0.233901,2,1
7.1975,0.0358,0.1378,3,0.3584,254.43,295.56,2468.39,1,0.0964,2.0626,12.081374,3,0
1000.0,23.0373,0.05,1,0.7,101.56,24.6,5164.9,0,0.0,0.2945,0.038049,28,1
30.4855,0.5229,0.0632,5,0.2837,321.47,114.58,1634.31,0,0.0,2.1087,14.740122,3,0
11.4315,0.155,0.0507,6,0.2359,216.09,227.86,541.99,0,0.0,3.0706,14.881244,2,0
30.661,0.5344,0.0877,4,0.1714,134.76,106.65,2945.79,0,0.0,2.5871,3.075765,5,0
78.6891,1.2983,0.0764,3,0.2218,340.16,36.94,3235.59,1,0.0505,1.7829,8.368573,3,0
6.5827,0.1258,0.0694,7,0.251,134.13,57.78,4742.11,0,0.0,2.7354,13.854013,0,0
7.2097,0.2166,0.1,2,0.8847,156.93,145.58,2596.76,0,0.0,0.5279,0.443894,2,1
13.9457,0.2577,0.3086,5,0.1173,260.81,270.33,4428.27,1,0.0461,1.6301,13.614167,21,0
12.9773,0.2721,0.125,5,0.1,305.28,245.03,1940.07,0,0.0,1.8362,14.416313,6,0
23.7585,0.3214,0.0788,4,0.5515,161.23,182.92,3850.55,0,0.0,3.0049,12.136279,5,0
21.8287,0.3461,0.0944,5,0.2667,228.36,74.11,2985.71,0,0.0,3.6775,13.036739,2,0
24.678,0.424,0.3217,3,0.7092,204.31,79.99,608.77,10,0.2851,0.6704,0.262428,7,1
13.9048,0.2475,0.2535,5,0.1,259.11,130.59,4958.95,0,0.0,2.4792,13.829498,8,0
28.6964,0.46,0.0952,5,0.5977,231.81,124.41,4099.97,0,0.0,2.1006,1.909951,5,0
4.8632,0.0505,0.0456,3,0.2975,165.08,242.59,2991.63,0,0.0,2.3501,9.95745,0,0
1000.0,20.276,0.0712,2,0.9429,118.45,28.16,6052.18,0,0.0,0.1354,0.049012,40,1
16.765,0.2196,0.0255,5,0.7638,219.24,270.9,4704.69,0,0.0,2.0603,13.8507,1,0
44.005,0.6921,0.0093,5,0.2842,378.08,75.13,3037.46,0,0.0,3.5112,3.177038,0,0
1000.0,18.4001,0.104,1,0.8581,143.83,27.17,6644.99,0,0.0,0.1429,0.045146,51,1
0.5427,0.0457,0.0243,3,0.1843,366.1,100.42,895.7,0,0.0,3.1763,12.420906,0,0
34.9597,0.6264,0.0251,4,0.1,129.25,66.26,2561.17,1,0.2708,3.1541,13.853502,1,0
4.6322,0.1387,0.2359,6,0.2729,183.23,251.26,2086.16,0,0.0,2.0084,10.304838,6,0
5.6802,0.1884,0.1185,3,0.3292,135.39,273.92,1928.14,0,0.0,1.293,14.430924,4,0
67.9078,1.1036,0.2266,5,0.2536,326.96,63.08,2557.3,1,0.1109,2.1325,14.747308,16,0
11.6745,0.1761,0.0213,7,0.2486,257.87,293.2,1868.29,0,0.0,2.1465,12.632822,1,0
1000.0,30.0,0.1522,1,0.9174,92.37,10.22,2800.09,0,0.0,0.829,0.032129,75,1
69.7323,1.1927,0.0722,7,0.2841,159.07,67.07,4428.69,0,0.0,1.3834,10.903242,5,0
100.2787,1.6871,0.0489,7,0.1383,190.52,39.94,1366.87,1,0.049,3.1576,11.982736,3,0
17.7991,0.1649,0.3205,3,0.4,113.0,156.31,2274.46,0,0.0,1.1854,0.174195,12,1
9.3362,0.2505,0.0814,6,0.1,95.85,148.89,2879.0,0,0.0,1.6259,6.802723,1,0
414.881,6.7907,0.7922,1,0.8555,200.8,55.69,186.56,249,0.7222,0.2527,0.002656,301,1
0.1392,0.0252,0.0689,7,0.5325,108.09,194.98,3838.33,1,0.1453,3.3014,10.629972,0,0
1000.0,21.5527,0.4956,1,0.9054,148.84,12.97,94.86,215,0.743,0.2263,0.004901,139,1
864.6183,14.2306,0.05,1,0.8749,65.4,10.01,5275.25,0,0.0,0.2571,0.045126,7,1
1000.0,27.5442,0.428,1,0.9547,127.48,16.6,233.47,106,0.729,0.0143,0.003314,195,1
33.8678,0.5961,0.053,7,0.3688,292.84,115.04,2049.26,0,0.0,3.3105,9.024587,3,0
41.5833,0.6268,0.0624,6,0.2487,50.77,94.46,999.16,1,0.0099,3.2995,8.104195,3,0
392.0374,6.431,0.4717,2,0.8,149.84,42.08,200.53,95,0.8978,0.2112,0.01326,129,1
882.7556,14.4509,0.3,2,0.7,44.5,12.45,7817.81,0,0.0,0.918,0.034978,54,1
1000.0,26.7092,0.0851,1,0.9002,127.14,18.02,1984.43,0,0.0,0.9742,0.024766,41,1
694.9563,11.6579,0.4952,1,0.9601,89.57,12.08,194.83,158,0.8672,0.2993,0.015564,69,1
12.6434,0.1432,0.1438,6,0.2304,249.46,141.8,2764.37,0,0.0,2.0983,12.04986,4,0
9.4638,0.1739,0.1568,6,0.1243,285.13,115.11,1339.88,0,0.0,2.0099,6.923989,2,0
1000.0,30.0,0.5086,1,0.9751,172.48,11.92,221.68,306,0.7714,0.3573,0.000701,214,1
505.1494,8.3209,0.3,1,0.8804,117.32,53.44,115.9,96,0.7559,0.6664,0.007873,133,1
27.9606,0.3562,0.3743,1,0.8689,118.3,76.51,1914.78,10,0.5528,0.3938,0.553171,12,1
1000.0,24.7226,0.1592,2,0.7,130.1,16.91,7119.62,0,0.0,0.7995,0.011839,66,1
1000.0,29.3916,0.3,2,0.7,101.22,5.42,3473.97,0,0.0,0.9566,0.036618,47,1
728.0175,12.1328,0.1332,1,0.7557,153.57,20.61,4334.86,0,0.0,0.2582,0.003404,33,1
9.7481,0.232,0.0341,3,0.1,246.26,252.84,1528.24,1,0.0558,3.295,8.727536,1,0
537.8247,8.8189,0.8496,2,0.9937,161.72,55.98,100.74,212,0.5,0.0563,0.018972,419,1
0.0,0.0671,0.0961,4,0.2766,265.75,273.49,1833.45,0,0.0,2.8202,6.955239,1,0
8.4696,0.228,0.1521,7,0.1229,209.25,291.55,2802.13,1,0.1005,2.7086,11.226115,6,0
29.9323,0.5636,0.0438,3,0.1,212.15,37.0,1605.88,1,0.0083,2.9985,4.556029,0,0
415.1487,6.913,0.6036,2,0.8,84.61,37.72,74.92,220,0.8725,0.2212,0.001054,156,1
9.1879,0.0743,0.1847,3,0.7699,267.73,162.92,1179.6,10,0.6738,1.4103,0.340835,4,1
9.4079,0.1669,0.184,3,0.8573,298.0,172.09,1671.62,5,0.4846,1.4564,0.200565,3,1
6.6124,0.0126,0.0247,7,0.312,127.32,88.55,1804.71,1,0.3438,2.4508,1.753173,0,0
15.604,0.2146,0.0428,5,0.3175,229.06,279.67,3766.8,1,0.1784,2.8788,1.720029,2,0
18.9353,0.2332,0.0694,6,0.2776,238.23,121.0,3206.13,0,0.0,1.4822,5.627387,2,0
31.3503,0.5677,0.0329,6,0.2398,181.17,92.75,3369.2,1,0.1738,3.4918,7.913675,1,0
1000.0,18.5462,0.3,1,0.975,167.47,12.08,248.06,168,0.7762,0.4704,0.00528,67,1
30.5883,0.6132,0.1122,4,0.4703,155.48,103.43,3478.86,1,0.1334,1.8622,1.781582,6,0
10.2816,0.1162,0.2456,4,0.4887,311.37,116.17,3545.05,1,0.2082,2.5502,8.359466,4,0
1000.0,30.0,0.262,1,0.9119,58.36,18.71,5877.14,0,0.0,0.2772,0.021639,182,1
56.8607,0.8829,0.1614,7,0.3221,359.29,47.44,3980.67,1,0.0293,2.7622,1.694535,7,0
34.2284,0.5093,0.1184,6,0.1065,336.43,143.41,676.33,0,0.0,2.6858,1.643006,8,0
12.9993,0.2437,0.0508,6,0.1841,133.25,118.09,872.32,0,0.0,2.6434,8.669421,1,0
1000.0,19.3232,0.7955,1,0.9594,84.29,24.54,194.21,198,0.8292,0.2692,0.006898,375,1
5.0554,0.0907,0.1854,4,0.3592,226.48,271.04,2989.57,0,0.0,1.8277,12.320717,4,0
21.893,0.4046,0.0141,7,0.3297,350.35,186.42,3994.95,1,0.0108,2.3955,12.656104,0,0
1000.0,30.0,0.6776,1,0.8025,141.94,10.26,118.99,100,0.6954,0.1507,0.001112,329,1
14.8653,0.2287,0.0671,4,0.1382,287.01,127.24,4574.46,0,0.0,1.9844,5.452754,1,0
165.4318,2.6172,0.6792,1,0.9839,70.17,39.5,251.14,74,0.6051,0.2657,0.014793,72,1
23.1324,0.4646,0.243,7,0.3956,144.02,160.51,4446.16,0,0.0,2.954,7.429383,16,0
4.1435,0.0245,0.0651,7,0.3862,295.39,154.27,3989.9,0,0.0,3.0293,2.99303,1,0
951.1173,15.6269,0.05,1,0.8662,106.07,29.78,4605.2,0,0.0,0.3794,0.005752,23,1
31.0492,0.5382,0.0048,6,0.2731,299.56,135.85,4218.21,1,0.3231,1.8564,11.144806,0,0
1000.0,27.5506,0.2023,2,0.8652,52.42,27.49,6353.92,0,0.0,0.0994,0.044068,152,1
220.4738,3.8195,0.3613,1,0.8384,69.56,31.53,249.46,198,0.7982,0.0,0.00084,41,1
370.9309,6.1777,0.9371,1,0.8776,134.23,15.75,142.46,89,0.842,0.0,0.011475,89,1
17.7726,0.2922,0.0313,3,0.5353,113.8,170.89,2102.87,1,0.1164,2.0616,8.650608,1,0
23.918,0.2902,0.0649,7,0.4868,231.14,61.26,4465.15,0,0.0,2.5965,1.239677,1,0
6.4141,0.0,0.2944,2,0.8839,272.78,152.98,364.6,1,0.5267,1.0414,0.538647,3,1
8.8909,0.2223,0.0107,7,0.675,227.95,254.14,1973.89,0,0.0,2.1163,8.036981,0,0
71.5817,1.2871,0.1353,5,0.1192,182.83,43.18,730.09,0,0.0,1.7823,14.672213,7,0
21.5298,0.2857,0.1425,7,0.293,98.4,127.72,2399.15,0,0.0,2.6431,8.869398,6,0
64.9937,1.0214,0.1184,5,0.2975,126.17,60.0,2466.82,0,0.0,3.6714,0.777097,7,0
1000.0,19.465,0.1678,1,0.9278,42.67,18.46,4711.0,0,0.0,0.6826,0.033782,60,1
1000.0,18.5046,0.8514,2,0.9595,106.78,22.53,144.07,213,0.847,0.0,0.00346,351,1
1000.0,23.6182,0.0803,3,0.8404,43.45,26.36,4199.76,0,0.0,0.2461,0.017272,50,1
6.9418,0.1374,0.0284,3,0.4627,183.63,108.0,1986.4,1,0.0644,1.6929,12.537014,0,0
34.041,0.6394,0.0734,6,0.3071,249.16,140.22,1502.0,0,0.0,3.5637,4.747439,5,0
42.2391,0.6556,0.0847,6,0.5883,217.72,70.96,610.09,0,0.0,1.6583,2.260918,3,0
14.2405,0.1436,0.3084,3,0.5591,137.73,114.93,1627.98,10,0.3767,0.8544,0.390734,8,1
670.4742,11.373,0.3397,1,0.8425,49.65,8.35,168.61,104,0.9616,0.2271,0.002759,31,1
1000.0,23.0312,0.7561,1,0.9052,92.23,14.56,297.58,99,0.9161,0.1144,0.003365,252,1
12.3161,0.2022,0.0446,7,0.1,162.28,254.16,2075.78,0,0.0,3.5088,11.961468,2,0
33.1843,0.5739,0.0491,3,0.2085,277.0,136.48,4802.43,0,0.0,2.3378,14.672711,3,0
6.4071,0.0648,0.0331,6,0.5174,275.54,239.29,4249.53,1,0.0771,2.0156,1.52784,0,0
15.6695,0.3401,0.1249,5,0.5345,114.45,199.53,2135.28,2,0.0536,3.5748,13.352136,7,0
12.8693,0.1505,0.3493,3,0.5301,146.32,184.14,2752.38,0,0.0,1.006,0.74952,9,1
625.2262,10.5218,0.5379,2,0.9659,146.89,41.58,295.47,338,0.6977,0.4666,0.00347,236,1
1000.0,30.0,0.6797,1,0.8919,160.58,9.71,238.65,153,0.8382,0.244,0.004276,320,1
11.9817,0.2474,0.11,4,0.2182,291.59,251.82,4958.43,1,0.1223,3.1077,8.123938,5,0
10.9863,0.2132,0.1092,6,0.1626,151.72,289.93,4033.33,1,0.0167,1.911,12.02644,5,0
486.4778,8.1979,0.8149,1,0.9454,143.0,38.45,240.93,125,0.8491,0.2232,0.000552,258,1
730.2812,12.1781,0.2622,2,0.8261,122.44,19.36,4577.17,0,0.0,0.9739,0.045674,62,1
27.8278,0.519,0.0409,4,0.1941,204.66,147.89,2918.86,0,0.0,3.0584,7.680945,3,0
10.2094,0.1583,0.2864,3,0.1691,163.97,262.03,2071.08,0,0.0,3.2404,11.846487,13,0
464.0089,7.5529,0.6771,1,0.8992,113.35,38.25,162.26,254,0.7846,0.5158,0.002484,199,1
13.8165,0.1249,0.2726,1,0.4433,291.04,189.48,467.24,0,0.0,0.8375,0.317741,9,1
21.2828,0.3968,0.0926,3,0.5219,353.07,192.66,3767.91,0,0.0,3.6117,2.245289,6,0
428.5947,7.1771,0.7285,1,0.9192,74.23,47.5,219.59,351,0.7928,0.0699,0.006711,250,1
27.1271,0.4806,0.0615,4,0.2209,389.47,85.37,2541.39,1,0.1348,2.4988,8.40011,2,0
3.271,0.036,0.3156,3,0.8396,146.14,125.19,2901.05,0,0.0,0.8766,0.256727,6,1
65.8147,1.1132,0.035,4,0.2928,95.78,72.38,2586.08,1,0.2848,1.9491,8.720478,2,0
554.94,9.1775,0.6508,2,0.8,128.26,39.57,187.24,92,0.673,0.2463,0.003505,236,1
18.4969,0.2501,0.2327,7,0.541,175.65,191.77,3488.31,0,0.0,2.0078,7.066735,11,0
1000.0,18.3549,0.6235,2,0.9463,134.73,19.56,218.23,98,0.8745,0.0,0.018456,224,1
29.6687,0.4939,0.122,3,0.4612,150.7,154.74,3093.3,1,0.0632,2.0632,2.141952,9,0
447.1215,7.4322,0.4608,1,0.9019,123.74,20.99,206.92,92,0.7488,0.3319,0.006918,71,1
15.8955,0.2876,0.0926,7,0.3853,408.74,195.73,1841.52,0,0.0,1.642,8.602612,4,0
28.9626,0.523,0.009,6,0.1,174.86,120.63,2261.38,0,0.0,2.6761,7.07678,0,0
11.9663,0.2745,0.0654,3,0.3039,360.79,171.26,1958.69,0,0.0,2.7017,3.866589,2,0
17.1522,0.1807,0.3943,2,0.4,127.96,86.65,1649.18,0,0.0,0.8561,0.45333,12,1
1000.0,30.0,0.4999,1,0.868,115.26,12.8,261.46,105,0.8981,0.087,0.009846,212,1
6.3723,0.217,0.1349,7,0.2846,279.29,276.66,676.01,0,0.0,3.4472,1.68119,5,0
109.0974,1.664,0.3929,2,0.9569,126.84,50.1,88.3,90,0.7049,0.3313,0.008506,35,1
23.0823,0.3476,0.0823,3,0.3652,236.18,221.31,4860.69,0,0.0,1.7721,0.918647,6,0
22.1788,0.2694,0.0062,4,0.3819,293.05,77.09,4695.02,0,0.0,1.5304,10.293693,0,0
17.9804,0.3061,0.159,7,0.4378,182.86,176.01,3472.11,0,0.0,1.459,9.224456,8,0
3.9518,0.1151,0.1317,7,0.312,245.91,262.28,4827.97,1,0.0884,2.3016,2.420657,2,0
3.6726,0.1132,0.0356,5,0.5042,262.61,272.41,1188.0,1,0.0281,2.2694,5.107888,0,0
428.145,7.3068,0.2177,1,0.8284,150.2,15.21,7991.32,0,0.0,0.0924,0.039,24,1
1.3884,0.0002,0.1651,7,0.4086,303.53,255.92,3258.26,0,0.0,3.5199,4.598497,1,0
11.3571,0.0623,0.3026,3,0.5146,152.96,160.54,1537.16,0,0.0,1.2968,0.654639,7,1
2.5668,0.1313,0.095,7,0.2908,371.32,130.45,2495.48,0,0.0,2.2375,10.472653,1,0
1000.0,30.0,0.2592,1,0.8578,53.19,17.42,6137.71,0,0.0,0.3857,0.006873,143,1
1000.0,19.6295,0.6426,1,0.9848,95.96,23.67,230.6,218,0.714,0.0888,0.013953,296,1
20.4625,0.4636,0.0501,3,0.2891,179.59,204.63,4587.72,0,0.0,2.5263,6.52449,3,0
63.0599,1.011,0.0372,3,0.265,306.63,40.47,2634.74,0,0.0,2.846,1.337372,1,0
1000.0,30.0,0.0732,1,0.7,65.24,13.14,7379.02,0,0.0,0.4689,0.025319,31,1
33.0904,0.4818,0.0434,6,0.1151,379.8,125.46,2424.65,1,0.119,1.3792,4.880143,3,0
67.1544,1.1617,0.1983,7,0.4121,381.85,61.95,2560.64,0,0.0,2.2547,2.342272,12,0
1000.0,24.0623,0.2862,3,0.9571,57.16,6.84,2800.86,0,0.0,0.0663,0.020714,47,1
1000.0,30.0,0.1821,2,0.7369,138.76,18.67,5706.19,0,0.0,1.0405,0.014763,102,1
19.396,0.2767,0.1115,6,0.2624,220.04,200.08,1327.87,0,0.0,2.4601,3.585792,7,0
12.2368,0.2504,0.106,6,0.3557,78.89,177.85,2819.17,0,0.0,1.5594,10.817987,4,0
63.1717,1.1283,0.0429,6,0.2379,144.5,64.07,2937.91,1,0.0103,3.1202,12.946181,2,0
17.0784,0.2272,0.0596,7,0.3363,257.72,131.67,3648.64,0,0.0,3.3334,6.438583,1,0
0.0,0.0577,0.1782,6,0.4172,212.57,296.47,724.35,1,0.1071,2.9555,12.161429,1,0
1000.0,30.0,0.2197,2,0.9201,81.1,10.79,1391.03,0,0.0,0.6911,0.008435,132,1
404.5331,6.8984,0.8233,2,0.9192,143.9,55.75,66.88,351,0.6332,0.3196,0.016354,313,1
1000.0,30.0,0.188,1,0.7,119.89,17.9,4122.79,0,0.0,0.4689,0.029519,136,1
8.0898,0.1625,0.2932,6,0.359,380.87,279.49,3498.55,0,0.0,1.1272,11.06034,11,0
6.2851,0.0908,0.0487,7,0.5003,115.24,207.26,1387.08,0,0.0,2.0192,10.54437,0,0
22.4937,0.4009,0.1419,6,0.2467,410.73,150.77,4751.76,0,0.0,3.3253,0.927042,8,0
6.0434,0.1017,0.0814,5,0.8,180.64,86.56,2901.66,0,0.0,1.8573,4.276311,0,0
667.8584,10.9667,0.4889,2,0.9949,146.4,35.42,279.41,255,0.7928,0.2584,0.017033,190,1
40.3455,0.6739,0.1203,4,0.4225,219.19,114.95,1599.3,0,0.0,3.4679,2.470282,9,0
24.7667,0.447,0.0451,4,0.3124,350.27,157.2,644.49,1,0.2287,3.2726,11.070989,2,0
20.6131,0.3217,0.0282,5,0.2044,235.11,190.29,3973.51,0,0.0,2.6874,10.994323,1,0
6.1303,0.0672,0.1669,3,0.1808,275.68,215.61,3646.96,1,0.1651,1.8405,6.482685,4,0
2.8982,0.0011,0.0893,3,0.1279,317.46,220.56,1695.84,0,0.0,2.3307,7.213508,0,0
27.6953,0.5223,0.0316,6,0.1283,266.93,119.54,1753.98,0,0.0,2.1923,3.474774,1,0
789.9783,13.1409,0.4559,1,0.8958,109.9,29.19,154.39,55,0.8787,0.3879,0.012376,175,1
9.9759,0.1968,0.1942,6,0.1,151.01,194.82,3431.57,0,0.0,2.9494,11.710686,6,0
3.4359,0.0,0.1476,3,0.3284,161.61,214.87,4102.09,0,0.0,2.7932,4.949189,1,0
70.7366,1.1618,0.1117,4,0.1438,131.89,33.58,2237.61,0,0.0,3.0376,9.560735,4,0
17.1435,0.2769,0.0014,4,0.3142,276.3,274.29,3432.88,0,0.0,3.0505,9.289278,0,0
27.5495,0.3469,0.1265,6,0.1708,81.19,189.37,2476.02,0,0.0,2.7484,7.583098,9,0
4.321,0.1046,0.245,7,0.3607,362.88,125.83,1384.94,1,0.0342,3.5854,0.935377,1,0
0.3886,0.1002,0.0611,4,0.4021,124.5,269.86,1667.26,0,0.0,1.7258,10.347352,0,0
52.6141,0.8854,0.0471,4,0.4686,377.01,87.71,2552.13,1,0.1743,2.6969,8.649307,3,0
657.7053,11.2181,0.7697,1,0.9974,121.27,27.14,141.0,124,0.7464,0.3194,0.013016,229,1
4.4343,0.0399,0.0952,3,0.3686,234.09,186.14,3964.97,0,0.0,3.1746,1.737538,0,0
20.5664,0.2096,0.0148,5,0.1,294.86,65.41,633.26,1,0.0449,2.6665,11.648824,0,0
1000.0,30.0,0.4547,1,0.9619,119.33,6.97,228.27,131,0.9358,0.4587,0.015974,104,1
68.268,1.0839,0.1565,7,0.3374,195.3,64.45,4682.71,1,0.1002,2.0075,8.590201,10,0
3.9284,0.1425,0.0105,3,0.6887,292.75,182.01,3279.93,0,0.0,2.9471,9.723323,0,0
1000.0,30.0,0.6596,1,0.9017,126.5,10.52,184.0,190,0.7687,0.3402,0.00502,283,1
1.848,0.0555,0.198,6,0.1,393.22,239.64,2045.15,1,0.2291,2.4149,5.727034,4,0
11.5603,0.2172,0.4444,3,0.884,131.1,195.88,1358.97,5,0.627,0.4418,0.54409,10,1
5.8062,0.1549,0.2347,1,0.4739,309.94,66.54,1420.02,1,0.7156,1.1611,0.394256,2,1
70.6408,1.1342,0.1594,5,0.3714,254.66,38.3,3779.19,1,0.1585,1.7876,6.361418,7,0
29.001,0.5473,0.1991,3,0.1928,228.13,91.71,1174.74,0,0.0,2.0358,6.201276,10,0
9.0736,0.013,0.0591,4,0.3014,87.91,76.74,2696.63,0,0.0,1.5134,11.747256,0,0
795.4307,13.4478,0.6071,2,0.869,151.55,10.44,276.15,282,0.7629,0.1043,0.00641,83,1
16.9998,0.1975,0.0514,5,0.3041,119.57,160.53,1167.05,0,0.0,2.3566,8.591699,1,0
1000.0,26.5253,0.3,1,0.9324,61.51,8.87,5766.61,0,0.0,0.7848,0.029059,70,1
31.5428,0.53,0.0272,5,0.3453,244.17,144.6,2970.12,0,0.0,2.2937,3.528901,2,0
3.5353,0.0625,0.0954,6,0.1,241.09,128.94,2364.25,2,0.0902,3.2564,10.292642,0,0
11.6489,0.3069,0.0283,6,0.3588,362.85,229.81,2999.79,1,0.3391,3.2959,7.842389,1,0
7.8068,0.1991,0.2124,3,0.2809,306.05,247.42,1389.67,1,0.0337,1.8704,12.641358,7,0
0.0031,0.0939,0.2316,5,0.2071,194.77,273.57,4752.92,0,0.0,2.5526,11.738612,1,0
23.9957,0.4655,0.0286,6,0.4304,332.62,79.59,2573.49,1,0.165,3.4863,6.545303,0,0
511.1473,8.3464,0.4642,2,0.9802,135.1,45.07,204.37,163,0.8852,0.3139,0.010373,175,1
14.5084,0.347,0.0702,3,0.1,214.02,250.07,619.05,0,0.0,3.3092,14.428712,4,0
4.3019,0.1569,0.03,7,0.5253,108.4,133.61,3352.89,0,0.0,1.6657,14.907021,0,0
0.6301,0.126,0.1264,7,0.1,261.34,189.25,2158.22,1,0.0467,2.3113,10.88618,1,0
1000.0,30.0,0.3,2,0.7,46.42,4.32,2739.34,0,0.0,0.731,0.036075,190,1
30.2846,0.481,0.039,4,0.586,144.99,106.41,1074.24,2,0.0338,2.251,12.566143,2,0
6.7881,0.1186,0.0085,3,0.1799,370.92,288.55,2453.09,0,0.0,2.6825,10.989993,0,0
14.7754,0.2049,0.0928,4,0.2075,240.07,39.02,1732.29,0,0.0,3.2974,14.944106,1,0
767.1517,12.8528,0.7197,2,0.8083,100.1,7.74,197.55,330,0.6851,0.4433,0.001644,69,1
34.2084,0.5655,0.0735,3,0.253,362.47,31.76,2127.39,0,0.0,2.5805,10.238414,1,0
29.4528,0.4711,0.1244,7,0.2926,424.72,55.52,2864.52,0,0.0,2.5466,10.8789,3,0
1000.0,30.0,0.2781,2,0.7,100.12,13.66,4255.43,0,0.0,0.8679,0.048098,141,1
303.7585,5.0111,0.2245,1,0.9056,130.4,22.57,2487.69,0,0.0,1.0889,0.041014,26,1
4.3971,0.0,0.0379,4,0.3651,214.71,204.51,2190.44,1,0.0224,3.026,13.368064,0,0
44.9847,0.6997,0.1081,7,0.1737,151.86,31.03,3010.46,0,0.0,1.4777,0.520711,2,0
24.7292,0.4014,0.0604,7,0.3154,327.15,161.9,4120.11,1,0.1207,2.1972,12.407507,3,0
1000.0,30.0,0.1738,1,0.9209,108.65,10.79,2222.31,0,0.0,0.9083,0.020071,116,1
1000.0,30.0,0.3,1,0.7,123.29,6.18,1189.32,0,0.0,0.2301,0.013048,204,1
12.7964,0.2624,0.0743,4,0.2003,374.89,133.76,610.82,1,0.0855,2.7339,13.288105,2,0
1000.0,25.8695,0.05,1,0.8773,105.01,27.04,5593.3,0,0.0,0.291,0.004102,34,1
4.8121,0.0563,0.0328,4,0.4011,134.92,128.28,4748.65,0,0.0,3.7622,3.696954,0,0
1.2928,0.0707,0.0982,6,0.2141,146.26,295.87,4884.37,1,0.0769,1.3282,5.852471,2,0
11.7178,0.176,0.0902,6,0.2538,138.78,168.31,1397.87,0,0.0,2.1147,4.859841,3,0
8.3602,0.0992,0.21,3,0.3103,289.93,254.25,4842.39,1,0.025,3.2086,14.561012,7,0
1000.0,22.6554,0.3818,1,0.9635,132.61,6.97,67.02,349,0.7727,0.4811,0.014225,60,1
1000.0,21.4401,0.3,2,0.7,82.82,5.52,3649.5,0,0.0,0.1448,0.032291,35,1
1000.0,23.2572,0.6966,1,0.9878,64.47,17.89,53.93,61,0.6539,0.4746,0.007856,290,1
1000.0,30.0,0.3,1,0.7711,107.25,9.99,7384.73,0,0.0,0.7761,0.022165,206,1
9.0369,0.0967,0.0135,3,0.1,73.14,199.67,1904.16,0,0.0,3.3342,6.319136,0,0
667.3215,10.8559,0.667,2,0.959,166.15,29.11,179.2,335,0.9361,0.0588,0.019559,212,1
1.0725,0.0445,0.2484,6,0.4911,299.25,215.32,1497.41,0,0.0,1.936,14.879259,1,0
8.8608,0.1034,0.0758,6,0.6073,308.43,90.56,4227.66,1,0.1242,2.0156,3.644096,0,0
17.1992,0.2709,0.0575,7,0.3089,225.15,115.07,2418.81,2,0.1422,2.2599,5.09553,1,0
27.3938,0.6021,0.0897,7,0.1836,260.44,126.33,3333.53,2,0.0435,3.3674,12.1453,5,0
20.4047,0.287,0.2403,2,0.6497,121.55,61.7,2531.45,1,0.3578,0.3658,0.720365,6,1
183.1677,3.009,0.4431,1,0.8,157.83,55.83,173.58,191,0.8392,0.4199,0.010591,74,1
1000.0,24.2199,0.7706,1,0.9483,72.97,19.03,238.62,102,0.9403,0.461,0.006553,354,1
31.4543,0.3985,0.3185,5,0.2901,342.7,136.21,2057.48,0,0.0,1.4473,7.038103,21,0
9.537,0.1274,0.2241,1,0.6809,342.58,162.6,2687.96,0,0.0,0.7581,0.116569,3,1
10.439,0.2203,0.2606,6,0.4532,116.88,296.76,3598.63,1,0.1262,1.9838,7.326466,16,0
26.262,0.324,0.0545,3,0.4138,131.23,144.87,3436.37,1,0.1632,2.7961,10.475768,3,0
12.0539,0.2464,0.1421,3,0.6232,231.25,82.51,3127.27,0,0.0,1.785,10.12291,2,0
3.0709,0.0982,0.0309,7,0.4329,181.93,262.29,2240.11,1,0.0577,2.8147,10.393163,0,0
4.3105,0.0921,0.0364,3,0.1086,269.67,104.13,4616.13,1,0.1167,2.0752,8.391433,0,0
548.5164,9.0557,0.6384,1,0.9966,128.62,17.65,235.84,318,0.6436,0.0,0.018556,103,1
36.407,0.5373,0.0753,7,0.1,98.67,129.42,4951.63,0,0.0,1.6421,3.614456,5,0
555.967,9.0804,0.7523,2,0.8401,117.12,28.61,58.73,117,0.547,0.226,0.017169,200,1
1000.0,23.4824,0.5621,1,0.9982,161.13,10.32,187.02,74,0.9898,0.4622,0.013549,137,1
8.9727,0.1027,0.0884,7,0.3346,206.04,150.33,2092.83,0,0.0,2.3579,9.368707,1,0
17.4915,0.3373,0.1487,4,0.3984,143.02,92.64,4602.82,0,0.0,1.6306,10.187395,4,0
17.1713,0.2204,0.1,2,0.4,114.66,140.73,1393.35,5,0.5796,1.3936,0.607168,2,1
408.9182,6.8598,0.1713,3,0.8083,90.42,20.99,4466.42,0,0.0,0.3838,0.017583,24,1
1000.0,21.8155,0.2016,3,0.8523,96.73,14.91,4636.08,0,0.0,0.7944,0.030787,65,1
1000.0,30.0,0.1116,1,0.7,114.88,8.17,1567.97,0,0.0,0.6888,0.008313,48,1
20.4354,0.3028,0.1238,5,0.1765,249.92,233.22,4013.67,0,0.0,3.1808,2.065151,9,0
15.1656,0.2696,0.0691,4,0.1,90.19,252.56,2928.08,1,0.2433,2.1384,3.695603,5,0
1000.0,30.0,0.3,2,0.9549,60.66,14.1,4284.94,0,0.0,0.4121,0.038489,129,1
6.5776,0.0914,0.313,3,0.4264,262.2,126.92,525.51,10,0.4218,0.8618,0.33803,7,1
30.4631,0.5293,0.1123,6,0.1397,218.12,99.5,4530.32,1,0.1012,1.3237,10.089919,5,0
22.2713,0.323,0.0282,6,0.2347,366.67,59.85,4367.76,1,0.0809,3.3265,14.503671,0,0
338.3618,5.4363,0.7092,1,0.9036,129.01,40.98,182.54,289,0.9629,0.0,0.003515,165,1
38.4078,0.5389,0.0975,3,0.1089,131.53,96.27,1765.78,0,0.0,1.9098,0.784946,5,0
254.2843,4.1556,0.7852,1,0.9937,132.19,57.32,133.31,356,0.7126,0.4012,0.016335,191,1
21.5824,0.3458,0.1256,4,0.1765,97.33,47.79,3010.15,0,0.0,2.5902,8.661038,2,0
9.6906,0.2671,0.2229,6,0.2118,372.41,158.23,2017.24,0,0.0,3.1743,5.698016,7,0
3.3234,0.1164,0.0259,3,0.3781,256.2,218.91,3840.53,0,0.0,1.5943,3.569255,0,0
19.8866,0.3709,0.0667,6,0.4119,253.28,79.69,4628.07,0,0.0,3.2334,0.503493,1,0
15.0805,0.2575,0.0889,6,0.4775,295.28,268.25,2873.3,1,0.2404,3.0332,3.217473,5,0
265.794,4.466,0.4145,1,0.9397,199.55,55.89,106.24,364,0.6864,0.4179,0.003241,104,1
17.9741,0.3016,0.1595,6,0.4491,148.17,159.13,1603.91,0,0.0,2.2691,6.161698,8,0
8.9466,0.1799,0.1278,4,0.3757,255.05,245.63,2457.32,0,0.0,1.9356,12.405639,4,0
412.5843,7.0102,0.6259,1,0.8947,180.43,33.8,183.24,195,0.9231,0.3206,0.004238,147,1
21.7195,0.3615,0.1558,5,0.1355,135.96,154.88,1711.59,0,0.0,1.8776,5.170148,9,0
23.2499,0.4384,0.1197,7,0.4702,385.51,165.97,3147.95,0,0.0,2.6855,7.706843,8,0
0.7384,0.0745,0.1732,7,0.5733,245.98,285.47,701.48,0,0.0,1.468,11.788763,4,0
156.6214,2.8151,0.6602,1,0.9333,71.52,38.26,62.3,210,0.8901,0.0,0.015884,66,1
445.9668,7.4991,0.557,1,0.8,152.34,59.75,282.02,333,0.8785,0.0,0.011416,255,1
442.5003,7.1814,0.8785,1,0.879,155.43,59.49,261.66,366,0.924,0.2997,0.018369,380,1
25.7617,0.4109,0.2856,4,0.1501,225.61,94.49,1315.11,0,0.0,2.4094,5.786622,12,0
11.2328,0.2158,0.0282,5,0.1169,208.82,102.81,2763.29,0,0.0,3.2797,3.737986,0,0
29.835,0.4113,0.0032,6,0.188,311.08,125.91,698.49,1,0.0231,2.9157,3.926677,0,0
1000.0,30.0,0.0695,2,0.9094,124.57,9.61,6631.27,0,0.0,0.758,0.016808,49,1
912.3639,15.2575,0.6156,1,0.8763,169.77,15.35,291.28,363,0.5,0.1394,0.008583,144,1
5.4637,0.0607,0.025,3,0.4387,293.06,259.54,4201.96,0,0.0,2.591,7.163663,0,0
10.7661,0.2268,0.009,6,0.1945,235.61,210.93,4053.79,1,0.1294,2.4477,3.340162,0,0
2.2599,0.0599,0.3586,2,0.444,97.22,181.23,714.29,10,0.2469,0.5482,0.201909,9,1
942.4935,15.7517,0.1405,1,0.8597,118.51,13.25,6149.86,0,0.0,0.0,0.011346,29,1
27.6972,0.5456,0.1799,2,0.5467,86.41,74.42,342.8,0,0.0,0.4139,0.498075,7,1
53.0022,0.8202,0.0653,3,0.2545,184.53,86.74,4971.92,0,0.0,3.0512,5.586693,4,0
4.8126,0.0319,0.1869,3,0.293,129.12,130.25,638.02,1,0.0361,1.6272,4.309911,2,0
54.5631,0.8958,0.0132,3,0.4878,210.65,55.04,2920.06,0,0.0,3.3013,2.973288,0,0
10.7527,0.214,0.0201,7,0.2496,347.32,59.13,3134.03,1,0.0801,3.14,10.657424,0,0
1000.0,30.0,0.1375,1,0.7072,66.97,10.37,6832.49,0,0.0,0.3295,0.032657,46,1
4.7792,0.0,0.2225,3,0.216,116.14,200.98,4891.42,0,0.0,2.4103,9.923027,2,0
17.9498,0.2425,0.0121,5,0.137,91.36,205.15,4957.54,1,0.0536,2.3288,13.284819,0,0
6.1243,0.0905,0.2039,4,0.3877,302.29,273.36,1206.24,0,0.0,1.8905,14.270344,5,0
25.4063,0.2694,0.0969,3,0.2937,286.25,148.22,967.2,1,0.0665,1.9399,8.931546,5,0
478.0349,7.7942,0.5168,1,0.9058,155.7,52.32,60.72,252,0.9766,0.2399,0.007575,215,1
1000.0,21.1566,0.1266,2,0.8068,120.17,26.8,2483.4,0,0.0,0.9507,0.046395,72,1
1.3077,0.0312,0.1418,6,0.5148,402.1,174.67,4671.5,0,0.0,3.0786,8.053891,1,0
16.6512,0.2508,0.0281,7,0.2435,289.77,262.91,2927.09,1,0.0088,2.3685,9.995407,2,0
10.2844,0.2299,0.3359,3,0.2192,173.14,196.53,1828.83,0,0.0,3.4759,13.776803,14,0
19.6476,0.2781,0.2991,3,0.1,96.29,124.76,4623.41,0,0.0,1.2918,9.579448,8,0
0.0,0.0051,0.1097,6,0.1338,318.96,293.39,3899.79,0,0.0,2.9881,2.431432,0,0
368.9152,6.1028,0.7265,1,0.9643,137.56,44.54,112.27,54,0.6074,0.0229,0.012459,201,1
1000.0,23.0421,0.3345,1,0.9035,66.79,15.16,89.24,315,0.6483,0.4734,0.000693,116,1
4.1249,0.1633,0.0387,4,0.241,292.23,248.3,4225.16,0,0.0,1.3368,1.95676,1,0
428.1442,7.2319,0.4802,1,0.9784,124.38,40.14,162.81,131,0.8025,0.3823,0.005592,137,1
22.6274,0.3752,0.0352,3,0.2394,225.59,214.05,1174.87,0,0.0,1.6938,11.011241,2,0
13.4207,0.2101,0.1846,6,0.3423,202.98,287.39,3078.86,0,0.0,2.3836,8.577011,11,0
761.8691,12.9556,0.3,1,0.9332,147.51,9.27,7221.91,0,0.0,0.4833,0.01632,35,1
10.42,0.1935,0.1259,4,0.1,367.19,192.77,4866.17,1,0.1183,2.1279,2.17299,4,0
0.0,0.0499,0.0233,3,0.2667,295.42,259.54,3876.94,0,0.0,1.4859,14.829188,0,0
26.5353,0.4296,0.0779,4,0.2057,152.93,112.35,4813.33,0,0.0,2.5128,3.365162,3,0
14.4548,0.2906,0.1103,3,0.1,182.85,136.04,3833.51,1,0.1016,2.1413,5.400565,4,0
0.8741,0.0525,0.063,4,0.3823,276.27,247.08,4953.42,1,0.3313,2.4577,14.440302,0,0
49.1595,0.8547,0.0149,3,0.2155,110.7,74.0,1432.72,0,0.0,3.1014,13.005476,0,0
1000.0,20.5441,0.05,1,0.7,137.59,28.64,2440.3,0,0.0,0.0,0.03694,29,1
22.169,0.397,0.1764,3,0.161,358.29,90.85,1697.41,0,0.0,3.2215,8.990855,5,0
5.808,0.1085,0.0591,6,0.108,302.63,136.14,947.71,0,0.0,3.0342,3.622276,0,0
38.9842,0.6495,0.0199,7,0.255,160.83,85.45,2489.7,0,0.0,2.3303,11.253244,1,0
1000.0,30.0,0.4881,1,0.9245,87.2,14.21,168.77,291,0.948,0.1943,0.006463,225,1
23.4068,0.3886,0.0616,4,0.2273,176.57,165.17,4577.5,0,0.0,2.6935,3.77742,3,0
23.083,0.3953,0.5,2,0.4,331.4,95.89,633.16,5,0.6248,1.3295,0.180812,18,1
7.2516,0.1139,0.4355,1,0.7789,120.39,106.53,2525.41,0,0.0,0.7418,0.739538,6,1
17.3991,0.3452,0.0282,3,0.2712,101.26,271.05,2374.4,1,0.1668,2.9359,11.430417,2,0
5.9104,0.1732,0.1319,7,0.3492,267.26,284.15,3041.16,0,0.0,2.9348,11.371189,2,0
67.847,1.1251,0.1012,4,0.4353,228.7,61.91,1719.13,0,0.0,3.6764,9.018101,7,0
38.9176,0.5544,0.0747,3,0.5868,290.1,93.34,2350.78,1,0.0253,1.6698,14.762164,4,0
22.0736,0.3819,0.0654,5,0.3565,184.9,157.97,4675.79,0,0.0,2.0984,14.238288,3,0
20.6693,0.2691,0.0795,7,0.4644,226.87,283.77,3418.96,1,0.068,1.8442,7.4767,6,0
1000.0,28.8266,0.1378,2,0.9049,157.07,18.79,2448.0,0,0.0,0.5731,0.042643,74,1
16.2247,0.2524,0.0462,6,0.6436,288.88,106.27,3607.49,0,0.0,2.3183,4.559819,1,0
15.7094,0.2666,0.0412,7,0.1,268.17,119.91,803.01,0,0.0,2.9765,14.199525,1,0
1000.0,18.7229,0.1241,1,0.7667,37.37,15.98,7353.66,0,0.0,0.317,0.037023,37,1
5.798,0.1785,0.0531,4,0.4571,297.52,277.6,3447.61,0,0.0,2.023,12.620899,1,0
1.8833,0.0748,0.0309,6,0.1,211.31,178.05,4522.5,1,0.0509,3.3102,10.869889,0,0
1000.0,30.0,0.1674,2,0.7013,160.17,18.82,6623.26,0,0.0,0.154,0.003638,118,1
34.1105,0.7764,0.2095,3,0.3089,290.16,65.14,680.03,0,0.0,3.174,7.099915,8,0
18.284,0.2927,0.0243,6,0.4345,290.82,95.84,2462.5,0,0.0,1.8072,1.810841,0,0
17.0587,0.2325,0.1534,3,0.4925,356.98,257.18,3599.61,0,0.0,2.0233,12.850968,10,0
36.9079,0.596,0.0742,6,0.3292,424.7,123.69,1197.59,0,0.0,1.817,12.076086,5,0
57.0408,0.9559,0.078,5,0.1,255.14,65.15,3194.3,0,0.0,2.4832,4.352775,4,0
1000.0,27.6446,0.6416,1,0.8,166.02,12.3,121.84,291,0.861,0.4427,0.007428,219,1
10.5381,0.1968,0.0172,5,0.4046,363.2,180.28,2104.68,0,0.0,1.5456,8.334341,0,0
6.8227,0.1068,0.0573,5,0.2579,355.42,236.02,4400.45,2,0.1506,2.1084,14.46461,1,0
1000.0,30.0,0.3,3,0.7,105.12,4.88,5601.78,0,0.0,0.4392,0.043151,200,1
20.1299,0.3746,0.0175,5,0.133,332.16,179.87,4983.5,0,0.0,2.0451,10.970029,1,0
27.5595,0.4348,0.0482,4,0.2408,272.91,142.33,1556.36,1,0.0955,3.3973,11.368954,2,0
11.788,0.2509,0.3042,4,0.1886,261.12,117.84,2297.25,0,0.0,3.3223,12.507707,8,0
3.7217,0.1123,0.052,6,0.4505,107.82,289.05,4951.27,0,0.0,3.0181,5.720762,0,0
6.3398,0.1193,0.0432,4,0.1033,325.48,173.16,810.44,1,0.0477,1.7142,11.637117,1,0
10.9393,0.0664,0.0472,5,0.4173,142.4,187.98,2491.75,0,0.0,1.6016,13.344828,1,0
8.2039,0.0507,0.2405,1,0.5892,93.03,173.39,1249.88,0,0.0,1.2409,0.459941,5,1
19.1152,0.3542,0.1895,5,0.1785,367.53,144.89,3881.4,1,0.108,2.1379,10.661722,8,0
14.448,0.1999,0.1095,7,0.2107,222.88,283.34,4390.54,0,0.0,2.3451,14.663605,7,0
43.0976,0.6742,0.0316,7,0.6055,337.09,105.66,2252.61,0,0.0,2.0261,4.944753,2,0
10.2221,0.0759,0.1676,1,0.6658,208.62,191.62,1915.49,0,0.0,0.8784,0.499802,5,1
1000.0,30.0,0.2038,2,0.8433,100.29,7.5,3112.67,0,0.0,0.6202,0.047706,132,1
15.2659,0.2201,0.0936,4,0.1,363.75,132.07,1111.14,1,0.0832,3.3534,11.058759,3,0
1000.0,30.0,0.3,1,0.8305,129.08,3.74,4752.31,0,0.0,0.8412,0.03224,123,1
3.6161,0.0,0.0365,4,0.1201,359.46,212.72,3973.88,0,0.0,3.5673,11.743875,0,0
12.3069,0.1893,0.0222,6,0.1034,109.54,272.56,2526.34,0,0.0,1.2115,3.250359,1,0
70.4325,1.182,0.4876,6,0.2748,222.07,34.22,3508.84,0,0.0,2.0721,8.601965,19,0
386.4056,6.4322,0.6747,1,0.9514,143.93,52.82,215.36,395,0.7747,0.5221,0.007983,229,1
5.3968,0.167,0.1009,3,0.287,215.27,179.51,1330.2,0,0.0,2.6994,1.273296,1,0
29.9796,0.4643,0.1508,7,0.5208,271.7,97.98,3746.32,0,0.0,3.0428,12.711539,7,0
6.6433,0.1864,0.1059,3,0.4127,111.09,50.18,4747.12,0,0.0,2.8477,8.101012,0,0
28.8801,0.5513,0.0355,4,0.1876,236.03,108.79,4315.9,0,0.0,1.3732,13.256848,1,0
376.7915,6.4501,0.4949,2,0.9692,140.57,45.08,254.86,252,0.9233,0.0,0.01411,141,1
55.1584,1.02,0.2017,3,0.2984,81.16,30.71,1798.01,0,0.0,1.5122,8.165318,5,0
386.7055,6.3161,0.1497,1,0.7567,154.38,19.71,1619.63,0,0.0,0.7306,0.022302,18,1
11.6355,0.1381,0.0197,7,0.2873,224.52,215.11,3714.44,1,0.2505,3.1601,1.018546,0,0
18.6554,0.2338,0.1775,2,0.4,273.23,117.29,1204.21,0,0.0,0.4816,0.16799,3,1
1000.0,24.1546,0.1752,1,0.7359,100.61,29.56,3985.37,0,0.0,0.995,0.024828,124,1
1000.0,30.0,0.1114,1,0.7238,77.21,8.93,4983.54,0,0.0,0.6385,0.031621,84,1
12.8202,0.2168,0.0705,4,0.3716,105.68,211.46,2618.71,1,0.0973,1.334,14.448797,3,0
17.5907,0.2358,0.008,7,0.3113,266.03,180.63,2288.2,1,0.0603,1.3366,11.282675,0,0
8.8388,0.1813,0.088,6,0.2799,337.38,260.94,4537.42,0,0.0,2.2166,6.47202,4,0
14.4664,0.2389,0.0281,6,0.1664,181.84,197.09,2255.96,0,0.0,1.72,7.887996,1,0
52.6694,0.8311,0.0867,4,0.1715,249.4,74.92,3658.29,1,0.0446,3.4875,2.887023,5,0
26.1251,0.4493,0.0355,7,0.3999,84.82,181.99,2186.77,0,0.0,1.8387,14.452275,2,0
7.0903,0.114,0.1192,5,0.2673,253.46,233.96,3617.07,0,0.0,3.0358,12.947323,4,0
102.1774,1.7087,0.1187,4,0.1,239.48,42.42,3405.63,0,0.0,3.3899,5.244629,8,0
37.1486,0.6175,0.0675,6,0.1444,225.11,90.54,3066.12,0,0.0,1.6618,5.922569,3,0
12.7756,0.169,0.0456,5,0.1065,120.51,276.46,3574.01,1,0.0887,2.7193,11.612035,2,0
207.5472,3.5422,0.3478,1,0.9181,200.23,36.66,178.07,347,0.7389,0.1229,0.010082,44,1
1000.0,28.4646,0.3,2,0.8871,129.32,26.62,7602.11,0,0.0,0.4694,0.012052,227,1
11.9069,0.2461,0.0181,6,0.4596,104.33,199.48,1291.44,0,0.0,2.0386,5.484106,0,0
1000.0,19.9095,0.2118,2,0.9512,50.4,19.06,6302.57,0,0.0,0.0584,0.032177,80,1
1000.0,23.71,0.3,3,0.7,48.83,10.21,2869.06,0,0.0,0.1322,0.028613,72,1
666.0367,11.143,0.05,1,0.9359,66.15,18.39,6047.69,0,0.0,0.8811,0.007794,10,1
1.5748,0.0364,0.0155,7,0.2292,335.68,277.18,666.53,0,0.0,2.2112,2.24822,0,0
1000.0,30.0,0.2808,1,0.9912,94.65,4.71,7943.31,0,0.0,0.2483,0.03542,197,1
2.8517,0.0645,0.0336,7,0.2291,160.98,174.33,2592.66,0,0.0,3.0951,13.828516,0,0
56.0804,0.9188,0.0108,5,0.215,210.75,70.82,2951.93,0,0.0,2.4191,10.923731,0,0
39.3448,0.824,0.0776,7,0.1222,61.83,81.13,1405.11,0,0.0,2.4888,6.567518,4,0
2.2789,0.0002,0.0833,4,0.2715,344.31,174.45,695.82,0,0.0,2.7733,9.00331,0,0
13.6359,0.1651,0.076,6,0.199,245.8,173.57,1501.58,1,0.2595,1.7825,10.595218,3,0
29.2366,0.5224,0.0296,3,0.3935,195.35,34.85,3508.28,1,0.1701,1.8748,1.554382,0,0
5.9311,0.2226,0.0973,7,0.3275,44.69,267.38,1165.8,0,0.0,2.8019,3.812068,3,0
1000.0,30.0,0.0552,3,0.8047,124.85,22.4,4882.86,0,0.0,0.7043,0.03441,43,1
117.4061,1.9463,0.1225,6,0.1084,236.4,39.79,3533.12,0,0.0,2.7064,1.341672,9,0
14.8441,0.1784,0.2509,5,0.2627,207.73,265.87,2842.34,1,0.0522,2.5775,6.416291,15,0
28.889,0.5231,0.2391,6,0.1,362.44,90.03,3344.87,2,0.0437,2.937,11.305094,10,0
1000.0,22.7672,0.1364,2,0.9168,99.44,16.74,1026.17,0,0.0,0.1033,0.013469,51,1
1000.0,18.7782,0.8742,1,0.9791,55.61,26.03,138.17,193,0.78,0.1639,0.010123,428,1
1000.0,30.0,0.1253,1,0.9779,36.43,8.76,5814.75,0,0.0,0.1014,0.00847,63,1
43.068,0.7585,0.0074,3,0.1,134.34,35.92,1222.08,0,0.0,1.7324,10.131181,0,0
766.4801,12.8881,0.3,1,0.9283,85.68,19.09,140.73,319,0.8444,0.1141,0.015809,73,1
25.0516,0.39,0.0729,6,0.1153,223.55,135.9,1103.48,0,0.0,1.6019,12.837469,4,0
15.8193,0.2509,0.013,7,0.3235,292.17,190.09,891.44,0,0.0,2.1419,4.26643,0,0
7.5541,0.1086,0.0137,4,0.1508,58.93,100.12,1476.5,1,0.0219,3.1242,14.408607,0,0
48.0065,0.8189,0.2068,6,0.1181,109.41,95.74,4232.41,0,0.0,2.1459,12.039574,14,0
9.042,0.202,0.1005,6,0.2074,271.6,234.4,1898.41,0,0.0,2.4347,13.803722,3,0
89.9805,1.4682,0.2797,6,0.1,95.33,51.87,1075.41,1,0.066,3.33,12.756544,21,0
729.7542,12.3937,0.5333,1,0.8274,170.7,40.33,111.58,392,0.6382,0.2463,0.006952,263,1
20.5107,0.2712,0.0167,5,0.2639,197.45,235.14,4088.5,1,0.1906,2.4266,12.927856,1,0
13.6796,0.2127,0.1009,6,0.1,374.76,245.29,3636.49,0,0.0,3.0787,9.849324,6,0
5.9185,0.1742,0.0503,4,0.1924,149.87,271.25,2313.09,0,0.0,3.7318,12.876705,1,0
25.749,0.5175,0.1402,6,0.6096,84.68,149.81,4689.27,1,0.1054,2.8706,2.045599,9,0
20.9934,0.3957,0.0118,4,0.3829,281.97,126.8,3198.44,1,0.0084,1.8982,11.507258,0,0
7.5074,0.1663,0.154,6,0.2494,161.44,260.47,1313.68,0,0.0,3.3534,0.572588,4,0
100.9988,1.7066,0.0241,3,0.4368,279.56,43.0,4979.47,1,0.1093,3.7003,9.185188,1,0
23.0507,0.3325,0.016,6,0.1813,382.58,146.7,1701.77,0,0.0,2.8187,9.340557,0,0
1000.0,23.5338,0.1803,2,0.8796,93.01,20.7,5433.73,0,0.0,0.7681,0.010891,87,1
1000.0,20.2171,0.0536,1,0.7459,80.41,25.38,4143.35,0,0.0,0.9457,0.007334,27,1
1000.0,30.0,0.1317,2,0.9181,72.7,13.07,7287.55,0,0.0,0.887,0.00302,63,1
6.0691,0.0579,0.1451,7,0.2972,298.26,123.43,4990.92,0,0.0,3.1292,11.900623,1,0
6.7776,0.1649,0.1175,5,0.2527,133.41,75.62,3156.57,0,0.0,1.6609,3.342937,1,0
7.188,0.0716,0.0045,7,0.3496,331.09,254.53,2258.0,0,0.0,2.0001,9.158146,0,0
9.2722,0.0869,0.182,5,0.2634,347.37,243.04,4755.53,0,0.0,2.8309,7.240394,5,0
1000.0,17.7148,0.5394,1,0.9506,53.0,9.12,98.77,54,0.725,0.1127,0.018312,87,1
1000.0,18.9453,0.3,2,0.84,153.98,29.54,2819.76,0,0.0,0.2998,0.030607,168,1
435.1234,7.0274,0.8067,1,0.8496,145.31,44.2,177.34,69,0.966,0.5921,0.018785,253,1
1000.0,30.0,0.2337,3,0.7,83.22,16.86,5671.13,0,0.0,0.2729,0.010933,143,1
12.1381,0.2129,0.0692,6,0.1273,69.79,191.64,713.97,1,0.0738,2.3459,1.409938,3,0
11.1825,0.2061,0.071,7,0.4249,335.68,233.82,1547.98,0,0.0,2.71,9.255949,3,0
1000.0,30.0,0.4384,1,0.8441,146.08,7.67,253.51,50,0.7287,0.3741,0.002244,213,1
7.2188,0.0558,0.1365,4,0.1017,119.44,212.55,1045.2,0,0.0,3.3512,3.307545,4,0
1000.0,30.0,0.1466,1,0.7,90.18,19.33,2344.04,0,0.0,0.8169,0.044794,112,1
875.1636,14.435,0.7317,1,0.8957,118.59,12.99,105.36,135,0.6773,0.5585,0.007325,137,1
10.3347,0.1234,0.122,3,0.4027,252.9,224.71,1105.06,0,0.0,2.887,9.390269,2,0
1000.0,26.022,0.7425,1,0.8579,107.25,15.43,90.97,333,0.8149,0.4609,0.008286,298,1
13.3298,0.2803,0.1112,7,0.3883,143.07,267.87,4036.9,0,0.0,2.1341,5.96881,7,0
1000.0,20.0384,0.05,1,0.7473,99.86,25.97,2446.82,0,0.0,0.9703,0.019963,26,1
16.9476,0.3761,0.0686,6,0.3191,190.16,245.03,1323.05,0,0.0,2.7002,5.95032,4,0
14.6424,0.203,0.0909,3,0.1867,408.61,119.57,1261.91,1,0.1864,3.4014,5.793711,2,0
7.8907,0.1571,0.0609,5,0.1245,155.66,285.28,4472.09,0,0.0,2.1897,7.427374,2,0
822.899,13.9042,0.8851,1,0.9287,143.43,34.78,246.3,155,0.6943,0.2225,0.002105,424,1
429.7288,7.3552,0.384,1,0.9667,57.67,51.61,171.9,355,0.9459,0.1941,0.003277,145,1
1000.0,27.662,0.5021,1,0.8889,66.1,13.82,127.08,399,0.581,0.2999,0.018421,192,1
12.3569,0.2976,0.1628,3,0.6664,315.91,159.23,1942.63,0,0.0,0.6557,0.35754,4,1
429.3079,7.3934,0.8225,2,0.8,174.91,35.56,155.56,122,0.7475,0.3467,0.001158,212,1
313.5907,5.1838,0.6573,1,0.9683,65.72,58.62,240.92,63,0.8369,0.3735,0.004293,197,1
30.3102,0.5254,0.0366,3,0.1691,130.43,64.35,2697.52,1,0.0202,1.8183,9.185356,1,0
1000.0,27.3996,0.4383,2,0.9738,161.96,14.15,79.11,284,0.9582,0.1465,0.005904,169,1
18.1301,0.3573,0.0786,5,0.2113,190.86,112.23,1460.35,1,0.2172,2.5812,12.802282,3,0
117.9847,1.8486,0.7128,2,0.8365,124.94,55.07,267.18,143,0.8181,0.4742,0.015946,69,1
4.2527,0.085,0.1331,7,0.2969,327.09,251.49,1358.23,0,0.0,3.1004,11.639593,2,0
10.4176,0.2015,0.0926,5,0.3809,425.15,123.22,2399.4,1,0.2569,1.7499,4.027244,1,0
40.4661,0.6808,0.0622,6,0.499,116.74,80.53,3081.1,0,0.0,1.9647,5.118706,3,0
1000.0,23.3636,0.0973,2,0.8935,46.03,27.86,5305.36,0,0.0,0.349,0.007677,63,1
807.1417,13.2777,0.6331,1,0.9003,163.46,29.9,285.84,183,0.5468,0.2797,0.013094,253,1
1000.0,19.8149,0.3,2,0.8618,135.14,14.93,6840.01,0,0.0,0.5159,0.020664,88,1
13.877,0.0356,0.1542,2,0.903,169.86,185.63,2490.19,10,0.5151,1.2343,0.765381,3,1
1000.0,30.0,0.3,2,0.9415,67.05,3.08,1469.92,0,0.0,0.379,0.046409,111,1
1000.0,30.0,0.05,2,0.7203,77.91,11.99,6275.15,0,0.0,1.088,0.020529,21,1
1000.0,30.0,0.0563,2,0.9164,145.23,8.85,2005.37,0,0.0,0.996,0.005874,15,1
27.2918,0.5052,0.0193,6,0.4296,236.13,171.13,2060.14,1,0.0119,2.3507,8.045918,1,0
10.3711,0.1833,0.0516,4,0.4671,224.88,218.66,1799.0,1,0.0135,1.4651,0.701407,2,0
1000.0,30.0,0.3,1,0.7,87.17,14.3,3764.07,0,0.0,0.513,0.046331,195,1
880.4631,14.5893,0.1716,1,0.7,116.94,17.9,2185.8,0,0.0,0.8131,0.044447,44,1
10.2036,0.1224,0.2771,3,0.1009,114.06,180.11,1968.46,0,0.0,3.1504,11.491968,4,0
10.9813,0.2566,0.1094,7,0.5834,249.77,233.2,1663.0,0,0.0,2.8274,3.162946,4,0
252.7818,4.1902,0.6131,2,0.8232,173.17,58.39,240.31,226,0.8389,0.1517,0.016391,150,1
291.0635,5.0775,0.9034,1,0.8541,150.93,53.24,60.49,345,0.6194,0.026,0.013007,233,1
1000.0,19.439,0.8042,1,0.8,71.26,17.35,295.94,216,0.8308,0.3564,0.003057,271,1
645.4342,10.9763,0.1645,2,0.7,92.03,13.36,3198.43,0,0.0,0.0,0.000828,24,1
9.013,0.2,0.0385,5,0.1,180.26,81.07,2776.81,0,0.0,3.1992,11.194934,0,0
15.8664,0.2949,0.1191,7,0.1333,266.38,253.04,2820.56,1,0.0937,1.7862,12.353021,7,0
627.9592,10.3416,0.5762,1,0.8705,178.99,38.48,106.94,62,0.7423,0.5081,0.01085,229,1
3.641,0.0424,0.067,6,0.6059,226.76,146.9,4427.23,0,0.0,3.1686,11.853002,0,0
757.0574,12.6609,0.706,2,0.9886,119.37,20.94,168.63,337,0.7399,0.0,0.017989,187,1
411.1237,6.947,0.7095,2,0.8845,111.97,47.2,133.67,140,0.6183,0.4672,0.010906,231,1
1000.0,19.7589,0.05,1,0.8968,117.9,12.38,1508.09,0,0.0,0.5687,0.025591,12,1
28.8176,0.568,0.2512,5,0.4898,419.42,68.17,1842.19,0,0.0,1.9857,8.361293,8,0
1000.0,30.0,0.6661,1,0.8171,75.16,8.45,188.97,102,0.7815,0.1994,0.010995,284,1
8.8653,0.1302,0.164,7,0.1394,174.22,254.28,3929.43,0,0.0,1.5155,8.372287,6,0
441.0692,7.4865,0.1497,2,0.7072,76.1,13.76,2318.01,0,0.0,0.8607,0.010644,15,1
43.1582,0.7371,0.1631,3,0.3943,349.48,64.04,3878.11,1,0.0121,3.2436,14.851312,7,0
441.6979,7.3209,0.8944,1,0.9862,209.7,29.41,102.66,223,0.88,0.1164,0.006644,193,1
209.8864,3.5019,0.3104,1,0.956,159.02,53.33,73.81,296,0.7406,0.3286,0.017709,58,1
19.7267,0.297,0.1084,4,0.1844,115.37,232.92,3951.47,0,0.0,1.5606,14.928215,7,0
13.1691,0.2127,0.0191,5,0.2494,171.59,220.63,1168.45,0,0.0,3.4808,14.180739,0,0
1.1055,0.0959,0.1271,1,0.515,171.98,146.4,1403.55,1,0.428,1.0286,0.738803,1,1
1000.0,21.5926,0.0784,1,0.8639,120.63,5.91,1399.52,0,0.0,0.5288,0.035576,9,1
28.8427,0.4654,0.1539,6,0.4034,293.95,109.74,2135.67,0,0.0,2.2882,9.157392,9,0
3.076,0.0694,0.0111,7,0.1708,399.25,94.08,1578.33,1,0.2057,3.1018,7.422609,0,0
1000.0,30.0,0.2441,2,0.7775,47.9,15.97,5193.57,0,0.0,0.6607,0.039344,183,1
194.0805,3.1802,0.6334,1,0.8541,60.17,38.93,140.34,102,0.8066,0.0622,0.008984,79,1
18.1647,0.2948,0.0952,4,0.2805,239.76,210.58,2549.52,0,0.0,2.6401,3.878385,5,0
261.4975,4.4425,0.6829,2,0.929,114.4,28.61,206.89,83,0.7417,0.1804,0.012303,87,1
15.5251,0.2262,0.0389,6,0.5622,158.59,50.59,4658.77,1,0.095,3.1545,3.067816,0,0
22.0715,0.4191,0.2965,3,0.15,140.92,180.31,3064.59,0,0.0,1.9535,13.244086,19,0
10.5576,0.2409,0.0636,3,0.1018,195.8,163.1,3477.18,2,0.0159,2.3371,2.292444,1,0
2.1139,0.0405,0.1667,4,0.1,389.73,180.84,1768.33,0,0.0,3.2936,13.275869,0,0
1000.0,30.0,0.2212,2,0.8865,36.34,19.11,1688.5,0,0.0,0.3644,0.005847,146,1
25.2537,0.4875,0.1308,4,0.1016,101.7,106.46,725.78,0,0.0,2.2837,6.687524,6,0
1000.0,30.0,0.2728,2,0.8989,129.15,12.4,6819.21,0,0.0,0.4729,0.029322,169,1
13.542,0.0439,0.4479,2,0.8965,186.99,73.89,682.14,5,0.3361,0.8892,0.743777,5,1
610.0474,9.9755,0.8458,1,0.9645,163.76,42.07,265.92,164,0.9192,0.1968,0.013093,359,1
21.9514,0.2359,0.1761,6,0.2557,140.91,235.54,3397.99,2,0.0007,2.4868,8.383671,13,0
25.3792,0.449,0.1031,5,0.5056,337.5,115.3,2539.8,0,0.0,3.4342,2.4348,5,0
1000.0,28.1119,0.2049,3,0.7,109.38,21.2,4909.82,0,0.0,0.1544,0.003275,122,1
391.9262,6.1793,0.5668,1,0.9855,171.03,49.8,280.74,280,0.9438,0.0577,0.018553,181,1
14.784,0.314,0.2366,6,0.2699,357.28,261.75,1868.43,1,0.0253,3.5592,3.764835,16,0
1000.0,19.7859,0.7229,1,0.8,158.9,21.89,210.55,86,0.9113,0.0,0.003505,312,1
23.3867,0.4224,0.1556,3,0.132,154.83,165.3,2619.22,1,0.0523,2.2852,14.082483,10,0
11.5953,0.2855,0.1668,3,0.3294,312.3,99.59,1122.24,2,0.2168,1.9004,11.348346,3,0
686.1188,11.4651,0.7922,1,0.9373,81.02,27.5,267.76,241,0.7864,0.4206,0.017511,249,1
16.8444,0.3268,0.034,3,0.3725,305.68,258.19,970.93,0,0.0,2.0659,8.283123,2,0
18.4135,0.3333,0.0586,6,0.3073,192.4,112.13,2392.07,0,0.0,2.8368,6.135392,2,0
9.0315,0.0927,0.048,6,0.6263,352.56,227.7,3685.51,0,0.0,1.566,12.656787,1,0
74.4241,1.3026,0.1519,4,0.3732,279.33,57.84,3343.27,0,0.0,2.2112,5.265636,10,0
10.8921,0.1103,0.1336,3,0.3451,274.11,254.33,2204.19,1,0.0636,2.8194,11.185173,3,0
29.5828,0.4638,0.1299,3,0.1,321.99,76.24,2366.52,0,0.0,2.8112,11.549161,4,0
177.0573,3.0356,0.7517,1,0.8436,125.74,54.91,296.14,296,0.8084,0.0952,0.014712,120,1
22.2185,0.3805,0.0163,4,0.1,383.15,51.02,3967.2,2,0.087,3.1342,13.264223,0,0
194.5215,3.1339,0.831,1,0.9648,92.36,51.4,159.64,251,0.9412,0.0825,0.019389,136,1
156.4374,2.7056,0.5886,1,0.8,75.38,35.13,240.63,368,0.7553,0.0806,0.007442,54,1
1000.0,30.0,0.1459,1,0.8272,105.9,18.8,5372.83,0,0.0,0.5333,0.005401,103,1
21.5209,0.3161,0.1155,6,0.1136,185.3,189.66,2700.11,0,0.0,2.8779,3.310751,7,0
18.9941,0.3803,0.0264,7,0.4717,157.84,195.8,894.74,1,0.0821,1.5443,9.840021,1,0
0.7529,0.0827,0.0754,5,0.3316,247.44,289.4,2528.64,1,0.1104,1.5028,13.043537,0,0
5.3534,0.11,0.1336,4,0.2618,341.25,174.11,1687.13,0,0.0,2.3392,9.283513,2,0
19.7435,0.2411,0.0488,7,0.2663,402.84,240.37,4842.72,0,0.0,3.5656,2.54464,3,0
7.8015,0.1761,0.1063,5,0.2552,180.72,288.28,4023.43,0,0.0,2.3569,4.115609,3,0
10.1133,0.1316,0.0765,6,0.1,139.43,203.09,3449.79,0,0.0,2.5348,13.11059,2,0
1000.0,30.0,0.05,3,0.8437,113.31,13.46,3008.15,0,0.0,0.3281,0.041924,38,1
15.1513,0.3006,0.2372,6,0.3342,279.43,134.69,2338.07,0,0.0,3.0609,9.37862,7,0
13.3539,0.1354,0.1212,4,0.1,119.93,165.19,1610.65,2,0.1767,3.0744,6.956547,3,0
6.2629,0.0234,0.1352,3,0.6474,313.19,267.85,553.49,1,0.0823,3.0477,4.900184,4,0
116.8495,1.9645,0.4207,1,0.8,171.15,57.45,165.63,178,0.7527,0.2443,0.008398,46,1
1000.0,22.7529,0.0829,1,0.7716,101.23,11.5,2740.92,0,0.0,0.8643,0.018833,21,1
1000.0,30.0,0.106,1,0.8974,116.71,15.71,7902.79,0,0.0,0.3482,0.030254,77,1
31.5647,0.6796,0.3645,3,0.7278,242.84,66.71,2090.9,5,0.4592,0.9135,0.783132,12,1
1000.0,30.0,0.0596,1,0.7,111.75,6.85,6994.18,0,0.0,0.2667,0.011722,29,1
22.3728,0.3258,0.0964,6,0.1065,284.51,146.73,3060.38,0,0.0,2.3009,5.321439,5,0
17.7122,0.2736,0.0594,7,0.1,116.52,296.3,1276.5,0,0.0,3.55,9.593073,4,0
15.0318,0.3972,0.4278,3,0.4704,273.29,137.63,2872.24,1,0.7429,1.4244,0.379402,8,1
1000.0,28.3075,0.2416,2,0.8671,143.55,26.23,4406.15,0,0.0,0.9113,0.002622,179,1
1000.0,23.2034,0.244,1,0.963,106.0,11.28,3095.91,0,0.0,0.1113,0.032361,64,1
1000.0,30.0,0.1118,2,0.7,79.55,6.94,7191.35,0,0.0,0.482,0.007864,86,1
5.1525,0.0082,0.1228,3,0.2196,128.8,213.37,4532.0,1,0.0397,2.0567,12.838497,1,0
1000.0,19.6709,0.0991,3,0.9465,128.02,27.61,7695.53,0,0.0,0.0,0.045084,54,1
1000.0,30.0,0.0781,1,0.7941,136.19,7.54,4881.06,0,0.0,0.665,0.013425,50,1
2.9377,0.0043,0.0249,7,0.1995,188.38,127.15,4875.64,1,0.0018,2.3434,4.691221,0,0
212.7672,3.6057,0.5627,1,0.8,143.83,58.09,110.67,175,0.7443,0.381,0.013932,119,1
2.7413,0.0526,0.0614,7,0.227,176.34,156.37,811.88,0,0.0,2.2067,11.607017,0,0
9.8127,0.1698,0.0184,3,0.178,316.5,269.96,1330.41,0,0.0,2.4685,10.63902,0,0
47.6036,0.7652,0.0791,3,0.2353,355.09,90.36,3692.85,0,0.0,3.3281,11.406019,5,0
364.9938,6.2644,0.5107,2,0.8,172.59,45.94,58.06,293,0.7712,0.0775,0.001151,141,1
7.8172,0.1838,0.0054,4,0.3971,261.02,263.02,2463.3,0,0.0,2.0164,6.745391,0,0
10.2693,0.1441,0.1223,4,0.7116,112.62,283.19,3035.82,0,0.0,2.3955,10.093589,6,0
0.0,0.1116,0.0819,4,0.1,161.09,298.09,4138.49,1,0.0171,1.5184,4.722082,1,0
70.9246,1.2726,0.3214,3,0.1708,229.45,32.65,1064.56,1,0.0257,2.4705,14.588932,12,0
44.5018,0.8528,0.3061,6,0.2173,146.04,103.88,4778.89,0,0.0,2.0596,14.182431,24,0
243.1602,4.0946,0.3352,1,0.8,96.84,45.0,160.49,115,0.8405,0.2669,0.001699,59,1
6.969,0.0,0.0314,7,0.346,209.8,182.17,3638.41,0,0.0,3.3721,0.92458,0,0
60.9235,1.0213,0.0977,6,0.1379,329.96,54.92,1587.88,0,0.0,2.0823,7.647149,5,0
12.4311,0.2477,0.0703,3,0.5082,374.75,187.26,2526.66,0,0.0,2.2322,14.461338,3,0
19.5507,0.3303,0.1746,6,0.2276,344.7,188.22,4151.33,0,0.0,1.91,9.119871,10,0
1000.0,30.0,0.1258,1,0.9338,40.53,7.25,6162.32,0,0.0,0.5499,0.022966,92,1
457.4954,7.6068,0.9106,1,0.9745,59.06,57.56,204.53,281,0.9719,0.0379,0.008718,397,1
81.2503,1.4002,0.2581,3,0.6258,141.83,43.83,1711.72,0,0.0,2.5629,2.732625,15,0
267.0963,4.42,0.5043,2,0.9349,97.78,51.1,126.74,383,0.7538,0.4587,0.013357,113,1
14.1943,0.1628,0.1083,5,0.3446,106.59,52.03,1192.03,1,0.0413,3.4307,14.955767,1,0
14.2972,0.2595,0.2439,7,0.6196,169.04,192.16,4948.14,0,0.0,2.9845,2.215334,11,0
33.1886,0.5571,0.0752,6,0.265,324.43,102.86,1638.88,1,0.1758,3.0028,8.433169,4,0
3.1966,0.0588,0.1978,3,0.5402,259.5,217.49,4729.54,1,0.2768,2.1317,7.87227,1,0
543.8174,8.9371,0.6133,1,0.8748,92.76,53.14,146.15,294,0.5,0.412,0.003198,295,1
1000.0,21.6283,0.3,2,0.9896,144.5,19.51,6274.26,0,0.0,0.027,0.029623,126,1
85.3856,1.5124,0.025,7,0.42,291.12,39.16,2171.34,0,0.0,3.0496,5.335519,1,0
828.863,13.8678,0.4365,1,0.9442,75.16,32.24,72.78,227,0.5639,0.2088,0.005344,195,1
715.4388,11.8444,0.4276,1,0.8,143.47,10.01,103.11,314,0.5,0.2193,0.010525,50,1
10.5636,0.0127,0.0633,7,0.2887,211.59,234.35,4408.56,0,0.0,2.1424,14.428501,2,0
6.378,0.1358,0.0505,3,0.3005,172.25,72.92,1802.94,0,0.0,1.6004,2.206309,0,0
27.9692,0.3192,0.058,7,0.1033,274.11,141.68,2573.15,1,0.0617,1.7768,4.396246,3,0
1000.0,20.4839,0.2939,2,0.7,109.91,24.35,6651.39,0,0.0,0.7641,0.01172,146,1
32.2737,0.4768,0.3013,3,0.6891,320.21,87.5,2807.12,0,0.0,0.5335,0.355014,10,1
1000.0,30.0,0.3,1,0.8595,83.9,13.91,2500.14,0,0.0,0.1195,0.004209,169,1
36.5524,0.6527,0.1794,4,0.2128,167.77,73.93,4316.19,1,0.0211,1.2451,7.472907,8,0
31.3095,0.5198,0.1266,6,0.1352,150.69,64.3,1231.21,0,0.0,3.352,5.682995,4,0
1000.0,30.0,0.2309,2,0.7467,47.88,7.18,6257.73,0,0.0,0.129,0.008323,162,1
1000.0,30.0,0.3,2,0.859,46.79,5.74,1457.53,0,0.0,0.0427,0.030083,96,1
1000.0,30.0,0.3,3,0.709,86.69,14.08,4036.83,0,0.0,0.054,0.043214,165,1
378.0634,6.2882,0.1638,1,0.8482,146.73,25.68,7031.08,0,0.0,0.3165,0.017295,26,1
19.7035,0.3322,0.0569,7,0.2264,370.2,196.53,3499.08,1,0.1181,2.2594,6.91691,3,0
73.9588,1.2453,0.0897,6,0.1644,148.24,41.78,1797.23,0,0.0,3.2662,2.607,4,0
37.2143,0.7182,0.0993,3,0.2109,213.65,105.1,3861.05,0,0.0,2.114,9.21206,6,0
18.5612,0.3469,0.0818,7,0.1272,137.1,277.06,3622.78,0,0.0,3.7846,13.463046,5,0
12.0936,0.1773,0.0625,7,0.1,217.57,185.79,3180.56,0,0.0,3.2129,11.449437,1,0
40.1984,0.6353,0.2395,6,0.6135,288.79,115.92,2789.66,1,0.0764,1.7363,10.815028,18,0
19.0355,0.3546,0.2315,7,0.1803,125.51,94.86,4254.08,0,0.0,2.6403,2.683882,7,0
15.3007,0.2717,0.1399,6,0.5622,292.67,294.4,2515.51,0,0.0,2.5289,5.410854,10,0
1000.0,30.0,0.0606,2,0.905,84.48,7.9,4336.48,0,0.0,1.0224,0.014833,22,1
7.2116,0.3173,0.2226,1,0.6267,81.58,195.11,525.04,1,0.5698,1.0343,0.464714,8,1
644.559,10.7043,0.0988,1,0.9652,58.55,27.33,6619.74,0,0.0,0.8698,0.007187,28,1
15.5496,0.2948,0.059,5,0.1947,199.67,229.6,1894.26,1,0.1557,2.0141,13.20366,3,0
554.0518,9.1795,0.1876,1,0.7,136.22,16.43,3554.28,0,0.0,0.6148,0.031052,28,1
440.3068,7.3708,0.8377,1,0.8,154.27,47.93,110.95,352,0.6371,0.5049,0.009671,294,1
8.4724,0.1464,0.0335,6,0.2175,170.97,239.71,1454.78,1,0.0207,1.8813,14.708168,1,0
31.7977,0.4267,0.1096,4,0.3317,223.66,64.93,2827.72,0,0.0,3.2581,10.162906,3,0
742.0548,12.33,0.2312,1,0.748,161.05,13.04,7480.38,0,0.0,0.1069,0.028336,37,1
1000.0,30.0,0.1184,2,0.964,88.65,3.06,7738.84,0,0.0,0.5246,0.015548,63,1
1000.0,30.0,0.5497,1,0.999,141.09,10.31,82.82,200,0.7434,0.3866,0.001256,228,1
5.8488,0.1433,0.0814,7,0.3025,50.83,106.76,1484.92,1,0.0021,3.2066,12.652319,1,0
13.0138,0.2121,0.2985,7,0.1,248.09,186.62,1421.06,0,0.0,1.8745,5.307688,12,0
1000.0,21.9043,0.5748,2,0.909,64.17,12.8,294.57,382,0.911,0.4592,0.007079,162,1
1000.0,29.6323,0.2462,3,0.8368,53.7,16.23,1580.78,0,0.0,0.9456,0.032825,118,1
14.8817,0.2289,0.0558,5,0.2694,73.51,293.17,1946.45,1,0.0581,3.2857,12.896348,3,0
1000.0,16.4731,0.3,1,0.956,196.06,17.85,71.72,213,0.6639,0.0715,0.004103,89,1
0.2036,0.14,0.0564,4,0.5625,150.68,203.95,4306.92,1,0.1118,2.0248,0.754699,0,0
16.4708,0.2158,0.0985,3,0.4126,395.56,243.2,2948.58,0,0.0,3.51,14.561061,6,0
1000.0,30.0,0.3,1,0.7,111.48,4.0,3567.76,0,0.0,0.7809,0.036445,37,1
380.9382,6.0207,0.654,1,0.9412,174.02,42.98,125.55,111,0.802,0.0,0.018957,173,1
3.6835,0.0981,0.0091,7,0.1737,155.8,234.14,4813.29,0,0.0,3.6609,3.126713,0,0
15.5151,0.2182,0.2524,4,0.1,176.16,81.88,4380.54,1,0.1988,2.2454,3.807087,5,0
1000.0,21.1255,0.8137,1,0.9337,177.61,20.37,64.87,387,0.8779,0.0215,0.004533,353,1
8.6125,0.2101,0.168,3,0.1,58.36,204.45,3682.44,0,0.0,3.0188,0.606642,5,0
1000.0,28.6899,0.3,2,0.7466,51.91,17.72,6878.0,0,0.0,0.854,0.008346,152,1
86.3389,1.4858,0.0876,3,0.1,272.1,41.59,766.62,2,0.0159,2.1965,13.11975,5,0
14.479,0.1684,0.0101,4,0.2699,268.19,253.36,1599.08,1,0.0092,3.398,12.835595,0,0
11.0725,0.0661,0.0336,5,0.4442,95.99,232.15,3115.49,0,0.0,1.7869,9.183668,0,0
4.6822,0.0805,0.2163,3,0.1,293.15,201.44,3950.41,1,0.1064,1.9937,1.273974,1,0
477.7796,7.9488,0.3367,2,0.8,115.64,35.7,237.8,125,0.8535,0.421,0.004929,94,1
31.8686,0.5513,0.0473,5,0.5896,212.17,55.44,4160.04,0,0.0,2.1388,2.727657,1,0
130.8747,2.1598,0.6348,1,0.9545,59.1,37.02,164.8,66,0.6969,0.1734,0.01246,51,1
12.879,0.2624,0.0957,5,0.3038,385.15,198.02,1670.99,1,0.0102,2.8551,2.388305,4,0
845.4266,14.0947,0.6783,1,0.987,145.76,32.38,106.02,393,0.7168,0.2304,0.002728,308,1
480.6754,7.9275,0.1428,2,0.9122,94.03,22.2,3470.64,0,0.0,0.7756,0.044517,25,1
12.025,0.2438,0.2065,5,0.2859,181.52,221.15,1513.43,0,0.0,2.1549,5.825527,9,0
9.3639,0.1412,0.0482,6,0.3427,136.34,267.54,1976.93,1,0.0633,1.9032,9.070933,1,0
1000.0,30.0,0.1514,2,0.7,75.43,11.5,5801.05,0,0.0,0.5043,0.010774,104,1
13.5214,0.2485,0.2002,3,0.3956,335.4,284.15,646.19,0,0.0,2.6149,14.547813,14,0
105.3692,1.776,0.1246,5,0.6979,306.5,33.13,1862.57,1,0.0141,3.4799,2.750597,7,0
1.2232,0.019,0.0519,6,0.4849,103.52,269.57,4322.95,0,0.0,2.2129,9.389548,0,0
679.5198,11.274,0.3896,1,0.991,82.55,13.83,173.44,248,0.7459,0.0,0.007729,60,1
1000.0,28.2549,0.1183,1,0.8429,76.8,21.84,5614.65,0,0.0,0.5606,0.024741,73,1
576.7431,9.6214,0.3,1,0.9673,51.1,29.99,1760.2,0,0.0,0.0487,0.047858,86,1
2.1725,0.0424,0.1954,7,0.2241,135.5,294.05,4306.75,0,0.0,2.7507,7.524838,1,0
1.9661,0.1692,0.0788,7,0.225,133.93,277.32,2111.66,0,0.0,2.0947,3.212324,2,0
46.1987,0.7211,0.0837,5,0.3325,387.1,66.82,3765.04,0,0.0,2.7048,6.476509,4,0
9.4834,0.2795,0.3539,4,0.4805,339.43,162.18,2120.53,1,0.0185,2.0322,11.284184,13,0
809.3184,13.454,0.7215,1,0.823,90.85,26.53,147.07,275,0.7607,0.0,0.015117,258,1
42.9924,0.6717,0.0418,6,0.2943,54.05,78.65,3001.54,1,0.0032,3.1125,3.570898,2,0
1000.0,30.0,0.2319,3,0.7109,79.17,24.42,7746.46,0,0.0,0.8284,0.02908,174,1
652.8776,10.6956,0.6221,1,0.9848,121.81,20.05,231.07,300,0.6461,0.042,0.005447,134,1
944.1814,15.6653,0.0999,2,0.8157,97.54,25.88,7798.87,0,0.0,0.8233,0.040975,40,1
464.7552,7.8235,0.7852,1,0.9458,113.31,48.39,169.09,356,0.9276,0.1114,0.002725,292,1
12.2535,0.2954,0.1804,7,0.3891,104.51,232.14,4761.06,0,0.0,2.1074,1.708996,12,0
3.8442,0.1256,0.0389,3,0.4966,251.27,237.96,4474.8,0,0.0,1.7184,10.226941,1,0
14.9234,0.2484,0.0194,4,0.4586,172.46,101.58,1139.38,1,0.1062,3.445,4.088327,0,0
1000.0,30.0,0.3,1,0.846,161.89,14.0,1760.23,0,0.0,0.3844,0.000349,228,1
25.8568,0.5037,0.2134,2,0.9308,188.19,70.08,1133.26,5,0.3333,0.7243,0.213073,6,1
849.3071,14.3166,0.1144,1,0.876,121.91,16.05,2042.16,0,0.0,0.1687,0.009604,25,1
98.3039,1.6086,0.0997,5,0.1644,128.98,43.21,2603.36,1,0.0594,2.817,12.877059,6,0
21.1548,0.2548,0.1356,3,0.1,305.15,234.32,4687.59,0,0.0,2.4229,11.076791,9,0
363.312,5.9423,0.7039,1,0.8853,188.76,45.55,122.01,192,0.9389,0.3769,0.002787,194,1
907.0591,15.001,0.3,2,0.9372,58.7,18.45,5196.46,0,0.0,0.2995,0.002118,83,1
40.1664,0.6312,0.1774,6,0.1633,272.36,102.16,2438.03,0,0.0,3.068,3.657558,12,0
11.9315,0.2729,0.2132,6,0.1,338.21,225.64,2040.27,0,0.0,2.9166,5.951807,10,0
8.3301,0.2004,0.1305,4,0.1396,81.99,130.13,2250.59,1,0.1877,2.8837,11.407603,3,0
15.1982,0.0738,0.021,7,0.1006,195.02,194.87,3212.45,0,0.0,1.7692,13.715768,0,0
7.9183,0.0325,0.0309,7,0.2213,360.48,143.41,2559.86,0,0.0,2.2893,10.313065,0,0
21.6163,0.3584,0.0974,3,0.2192,177.21,167.16,3371.12,1,0.0459,2.9922,8.54092,5,0
79.7905,1.3937,0.1488,7,0.1867,362.57,41.71,3371.63,0,0.0,2.5515,6.983725,8,0
9.0524,0.3034,0.0075,4,0.3726,387.69,270.8,2929.65,1,0.0851,1.5015,12.088581,0,0
13.5473,0.3014,0.0997,6,0.4438,368.44,148.07,2366.81,1,0.0059,2.8327,5.520858,3,0
270.8988,4.7326,0.5515,1,0.8884,49.92,42.6,294.39,229,0.7953,0.0941,0.01737,108,1
1000.0,25.4942,0.2635,1,0.8519,110.06,20.25,5983.18,0,0.0,0.8565,0.032602,135,1
9.0234,0.1774,0.0583,6,0.1,287.47,90.52,4505.03,0,0.0,2.0334,13.261112,0,0
103.8555,1.5813,0.0652,7,0.6748,74.33,35.14,3084.32,1,0.0856,3.4839,9.426554,3,0
25.4303,0.4413,0.1136,4,0.4141,328.97,161.5,1241.08,1,0.2295,1.6265,9.870618,8,0
1000.0,19.4708,0.7716,2,0.891,179.35,22.13,61.6,313,0.9344,0.4083,0.014515,331,1
24.8253,0.3402,0.0523,3,0.1,104.66,31.74,1405.07,0,0.0,2.3743,11.223693,0,0
20.1949,0.27,0.1135,6,0.1,117.94,228.86,1249.7,0,0.0,2.9037,12.229411,7,0
270.9584,4.464,0.8963,1,0.9511,138.9,23.95,182.48,305,0.7871,0.2593,0.015885,96,1
37.1245,0.696,0.0044,5,0.6942,352.54,81.97,4411.56,0,0.0,1.9834,12.539735,0,0
0.0,0.2213,0.4238,3,0.95,152.45,139.97,1443.19,5,0.4198,1.0883,0.798959,7,1
5.4807,0.0,0.0238,5,0.1,254.87,110.98,3468.17,0,0.0,2.4142,1.23784,0,0
1000.0,30.0,0.1336,3,0.8862,52.51,14.77,2128.95,0,0.0,0.0436,0.012041,59,1
18.8483,0.2648,0.0764,3,0.2151,313.85,249.25,608.63,0,0.0,2.2769,9.64415,5,0
1000.0,30.0,0.2449,3,0.9123,141.43,14.16,6669.29,0,0.0,0.2872,0.025762,167,1
0.0,0.0341,0.0133,7,0.4791,286.21,249.82,618.51,1,0.1308,1.6359,9.609624,0,0
27.2549,0.4579,0.0133,7,0.724,335.88,110.91,3703.85,0,0.0,3.6741,2.058795,0,0
22.5932,0.5292,0.0298,6,0.3668,348.02,192.3,1716.62,0,0.0,3.4702,8.516603,2,0
1000.0,30.0,0.3,3,0.9799,30.81,14.58,6819.01,0,0.0,0.25,0.000202,186,1
6.351,0.1131,0.0045,3,0.5185,348.97,280.79,3095.97,0,0.0,2.6262,1.506214,0,0
357.2826,5.8958,0.6697,1,0.8954,190.6,50.34,81.55,135,0.6556,0.0009,0.006837,200,1
7.2228,0.1908,0.2365,4,0.4028,398.94,228.95,3595.45,1,0.0648,2.2409,7.728873,7,0
24.9417,0.4511,0.2075,4,0.1529,275.03,143.77,1482.14,1,0.1563,2.4116,13.247215,12,0
10.5318,0.2472,0.3583,2,0.9109,117.47,160.02,855.04,0,0.0,0.9512,0.421373,4,1
367.8087,6.2083,0.7528,1,0.9498,65.1,28.67,113.09,262,0.5934,0.4574,0.019678,133,1
10.2257,0.1949,0.0998,4,0.3672,206.87,209.95,3157.21,0,0.0,3.674,12.100268,3,0
7.8002,0.1905,0.0286,3,0.4172,121.1,177.54,4969.98,1,0.0315,1.9991,1.327901,0,0
27.7718,0.4042,0.0405,5,0.3384,170.94,41.17,2302.82,0,0.0,2.5918,8.971586,0,0
27.1073,0.5024,0.0457,4,0.2997,349.64,72.25,2442.05,1,0.0415,2.7386,6.295297,1,0
14.193,0.3744,0.0388,7,0.2762,147.06,110.38,1803.37,0,0.0,1.9232,9.553884,1,0
22.6223,0.4797,0.1227,6,0.329,362.33,40.06,3478.9,1,0.0476,3.2473,12.26028,1,0
168.6049,2.7259,0.6267,1,0.9866,63.59,43.88,162.32,60,0.8381,0.0162,0.003173,75,1
17.8588,0.2547,0.3742,1,0.7914,341.32,160.33,871.41,0,0.0,1.3157,0.641168,12,1
1000.0,30.0,0.1669,3,0.7,73.74,7.03,7152.09,0,0.0,0.4954,0.007086,73,1
0.9897,0.1005,0.0417,5,0.2379,249.96,261.92,2488.34,0,0.0,3.0854,13.455895,0,0
832.6632,13.7971,0.177,1,0.7,96.67,27.84,1511.77,0,0.0,0.0,0.028052,68,1
28.9263,0.5132,0.0364,6,0.2919,56.91,67.51,3606.05,0,0.0,1.682,11.297871,1,0
67.345,1.144,0.1533,4,0.1,174.74,57.31,3057.53,1,0.199,2.3429,6.408779,10,0
55.0994,0.9128,0.0527,6,0.2851,326.29,89.33,3834.12,1,0.1818,1.878,4.919046,4,0
7.2793,0.1382,0.1422,6,0.1,235.8,268.89,3580.08,0,0.0,3.2336,7.020498,6,0
244.4426,4.1434,0.4182,1,0.8533,64.17,51.79,257.08,253,0.5977,0.275,0.002537,89,1
1000.0,21.4079,0.7401,1,0.8796,95.98,19.01,160.16,272,0.7563,0.4954,0.008658,300,1
30.1729,0.506,0.1005,7,0.23,381.11,104.83,4562.64,0,0.0,2.6827,8.168166,5,0
1000.0,30.0,0.3,1,0.8387,103.58,19.63,6968.14,0,0.0,0.6629,0.013143,204,1
1000.0,30.0,0.3,2,0.9028,81.79,4.07,2804.76,0,0.0,0.7487,0.03636,126,1
29.9359,0.4262,0.0927,6,0.3212,218.51,101.49,3122.59,1,0.0231,1.5382,12.427429,4,0
6.8363,0.0545,0.1033,6,0.4608,177.44,143.86,4923.07,1,0.1083,2.1739,11.894511,1,0
7.224,0.0,0.1,2,0.4,331.28,185.97,2700.28,10,0.6199,1.4172,0.615774,2,1
1000.0,28.7108,0.1345,2,0.8777,80.25,23.95,4320.08,0,0.0,0.2515,0.024874,92,1
31.6269,0.1311,0.2962,2,0.6891,314.16,83.18,1831.31,5,0.337,0.4964,0.60504,10,1
20.8924,0.3157,0.0728,6,0.2762,327.86,198.48,1099.03,1,0.0827,3.3174,2.349824,4,0
11.7813,0.19,0.1406,6,0.2237,300.47,261.19,4485.29,1,0.0309,2.2911,11.95449,6,0
78.3222,1.2232,0.2362,5,0.3615,331.46,44.79,1813.33,0,0.0,3.4558,7.504966,13,0
15.1688,0.1781,0.0252,4,0.5465,248.23,164.66,1970.57,1,0.0438,3.4048,1.336552,0,0
1000.0,23.9543,0.0854,1,0.7047,98.51,24.94,4667.26,0,0.0,0.5099,0.009905,51,1
1.7473,0.2208,0.4472,1,0.6927,272.55,106.18,363.82,5,0.3319,0.6541,0.615362,10,1
14.698,0.1813,0.2262,2,0.5971,141.9,138.4,2673.41,1,0.3018,0.7505,0.459468,7,1
64.5438,1.1703,0.1605,4,0.1,146.45,70.96,1876.88,1,0.024,3.4695,13.712777,12,0
9.8596,0.2075,0.0475,3,0.1813,344.47,82.0,3156.92,0,0.0,2.4398,10.689705,0,0
359.7652,6.0106,0.743,2,0.9142,191.01,16.12,238.57,51,0.8759,0.2702,0.005922,71,1
1000.0,30.0,0.0525,2,0.9557,96.15,20.02,2383.77,0,0.0,0.4363,0.003177,38,1
18.2823,0.2551,0.0576,3,0.4458,399.5,263.61,3504.31,0,0.0,2.3471,5.409053,4,0
346.4043,5.5318,0.5282,1,0.8237,129.48,29.75,201.09,273,0.9637,0.3385,0.006307,89,1
9.8194,0.1479,0.0236,5,0.2447,181.64,151.67,1237.16,0,0.0,2.047,7.072627,0,0
49.2105,0.8454,0.0282,3,0.1354,211.74,95.01,2612.66,0,0.0,2.8485,2.06196,2,0
2.6592,0.196,0.0476,3,0.405,164.47,273.6,1629.88,0,0.0,2.2304,8.44764,1,0
769.7862,12.7116,0.2569,1,0.8933,43.58,13.41,3128.36,0,0.0,0.7546,0.004116,44,1
9.8482,0.1514,0.0148,6,0.1,382.24,244.56,1601.22,0,0.0,1.9864,13.478735,0,0
16.8904,0.2548,0.0603,7,0.1596,377.74,79.95,3572.1,1,0.1515,1.9871,11.824002,1,0
53.6738,0.8482,0.0832,4,0.6,339.5,76.03,4301.67,0,0.0,2.5105,13.886971,5,0
15.0026,0.2772,0.0092,4,0.4121,96.47,278.14,2050.28,0,0.0,1.563,11.642106,0,0
16.4315,0.0819,0.1821,3,0.7895,340.15,166.59,817.86,0,0.0,0.6954,0.477472,4,1
21.8542,0.3049,0.0782,3,0.1748,344.83,146.38,1242.4,0,0.0,1.7366,8.452754,3,0
748.0471,12.6455,0.1861,2,0.7,95.5,24.86,2309.98,0,0.0,0.6006,0.048992,57,1
151.2261,2.3784,0.8166,2,0.9541,147.3,45.25,211.46,265,0.5,0.3041,0.016129,91,1
1000.0,24.4383,0.5593,1,0.8948,89.63,6.04,59.69,311,0.99,0.2217,0.017086,82,1
7.5271,0.1647,0.061,3,0.3316,320.28,109.37,4860.23,1,0.131,3.1335,2.154313,1,0
12.8885,0.1717,0.1437,3,0.1696,292.23,239.83,3857.2,0,0.0,3.4269,5.935623,6,0
12.7951,0.1802,0.0528,7,0.2677,180.23,140.65,4716.63,0,0.0,2.6744,9.235711,1,0
13.6941,0.4044,0.1797,2,0.7164,255.1,106.2,1533.07,1,0.5342,1.4219,0.269733,5,1
44.9449,0.7517,0.037,7,0.1977,323.55,72.77,1384.65,1,0.1897,1.8385,14.977534,2,0
23.3381,0.3432,0.0051,4,0.3295,352.39,151.25,3203.56,1,0.0545,3.0111,4.587816,0,0
12.8341,0.2053,0.058,6,0.1303,347.12,75.65,3733.53,0,0.0,2.9101,1.863641,0,0
1.9223,0.0583,0.3076,5,0.1446,125.7,294.4,2850.68,0,0.0,2.0665,10.319265,3,0
174.9324,2.8413,0.451,1,0.9814,132.99,55.59,180.1,213,0.8125,0.4517,0.001766,72,1
19.2844,0.2023,0.0793,7,0.2245,392.05,112.62,3203.19,1,0.0211,2.3028,12.848457,2,0
669.8848,11.0372,0.3,1,0.8856,85.96,22.7,3153.43,0,0.0,0.7322,0.01311,75,1
3.0251,0.1787,0.4946,1,0.7639,279.85,166.68,2252.26,0,0.0,0.9522,0.34432,9,1
9.4887,0.2161,0.0452,4,0.1,168.55,108.35,3896.97,1,0.0654,2.0999,5.044565,0,0
1000.0,18.6251,0.3,1,0.8953,131.38,11.49,4857.96,0,0.0,0.9607,0.012246,64,1
1000.0,30.0,0.1291,3,0.7269,94.1,22.17,4206.69,0,0.0,0.8381,0.005891,100,1
8.736,0.2033,0.0825,6,0.2672,160.65,136.43,3562.89,1,0.0827,2.8646,6.406608,2,0
29.9737,0.4965,0.0431,4,0.1986,276.26,163.63,2351.46,1,0.0489,1.8374,11.534117,3,0
29.783,0.4099,0.0792,3,0.3893,228.72,137.72,1267.38,0,0.0,2.2549,8.072703,5,0
12.8696,0.0906,0.098,5,0.2,138.79,239.57,3156.86,1,0.0283,2.2822,13.15523,4,0
319.9283,5.4086,0.7272,1,0.9482,135.46,31.61,287.01,224,0.9269,0.0048,0.003102,122,1
50.3528,0.8557,0.039,7,0.4686,242.83,30.23,4043.2,1,0.405,2.566,7.71424,0,0
45.1911,0.796,0.0375,3,0.231,168.04,59.71,881.01,0,0.0,2.7702,3.714126,1,0
24.4608,0.428,0.0319,6,0.1902,232.47,85.15,2186.71,1,0.1467,2.238,6.940659,1,0
1000.0,30.0,0.168,1,0.8333,78.96,18.51,4480.28,0,0.0,0.5174,0.038591,124,1
1000.0,30.0,0.0596,1,0.8136,104.74,6.3,7990.48,0,0.0,0.5858,0.003439,46,1
30.9503,0.5469,0.0972,5,0.3853,136.2,86.14,1600.82,0,0.0,2.8948,6.81418,4,0
390.6327,6.2816,0.7697,2,0.8006,145.9,32.54,298.78,365,0.6837,0.0544,0.001444,162,1
1.1322,0.0519,0.1168,3,0.1438,229.93,217.13,4853.42,0,0.0,2.3072,1.404834,1,0
10.2716,0.1226,0.147,7,0.1534,240.05,244.68,4558.47,0,0.0,2.8007,0.763764,4,0
99.7756,1.6143,0.1058,6,0.3788,397.35,34.15,4208.81,1,0.1176,1.9301,0.582479,6,0
36.1193,0.519,0.0441,3,0.2755,117.78,34.73,1000.59,0,0.0,3.0098,4.153451,0,0
23.9749,0.3235,0.3816,5,0.1501,354.91,40.58,3685.05,1,0.0082,2.5022,12.4625,4,0
11.3929,0.2266,0.031,4,0.2424,381.78,290.55,909.58,0,0.0,3.0864,1.649809,1,0
245.3076,3.9905,0.6812,1,0.8,93.96,48.43,223.16,182,0.7457,0.0389,0.005427,131,1
17.0714,0.3491,0.06,3,0.2545,127.84,157.92,2262.63,0,0.0,1.9388,9.608648,3,0
2.5061,0.0535,0.1363,7,0.3094,311.98,243.08,2296.0,0,0.0,2.0825,10.371489,1,0
1000.0,29.8383,0.5868,1,0.8,107.25,16.68,179.62,104,0.9608,0.0,0.016996,291,1
257.5504,4.4679,0.6512,1,0.9474,66.62,33.13,192.87,109,0.8111,0.2709,0.012132,93,1
24.3506,0.3815,0.078,6,0.3087,204.63,138.99,4592.65,1,0.1498,1.6661,4.742648,4,0
317.18,5.4139,0.6415,1,0.9373,140.26,48.35,87.83,270,0.7942,0.2635,0.005298,163,1
1.5074,0.148,0.4216,1,0.5917,87.16,153.22,377.65,5,0.4112,0.2385,0.354447,6,1
477.1433,8.1206,0.0543,1,0.8421,109.3,29.93,7160.94,0,0.0,0.5914,0.0447,12,1
984.4693,16.2884,0.2572,2,0.8764,39.66,12.19,6695.23,0,0.0,0.8064,0.037149,50,1
25.0973,0.385,0.1453,7,0.1622,377.01,53.82,1869.47,2,0.0077,1.9031,6.415221,3,0
195.9995,3.2582,0.6507,2,0.8874,87.84,36.23,256.47,324,0.9099,0.1683,0.004634,77,1
1000.0,18.7859,0.14,3,0.8847,128.52,28.48,1313.72,0,0.0,0.5853,0.022266,74,1
18.3534,0.2782,0.1,5,0.535,218.97,265.2,869.0,0,0.0,3.4343,5.155739,7,0
518.1492,8.692,0.1866,1,0.8698,51.5,27.98,6669.22,0,0.0,0.9787,0.00551,45,1
487.6409,8.1337,0.5983,2,0.9965,184.89,51.31,73.65,273,0.8359,0.0031,0.016424,250,1
261.7349,4.2521,0.9261,2,0.8,153.66,53.75,260.91,121,0.8801,0.0803,0.015057,218,1
10.0153,0.2195,0.0201,5,0.2988,369.69,248.03,3315.51,0,0.0,2.8295,2.021114,0,0
164.6204,2.7467,0.8222,1,0.9931,166.65,59.28,146.07,267,0.6224,0.2544,0.017228,134,1
1000.0,30.0,0.2487,1,0.7462,84.15,9.8,1430.72,0,0.0,0.1803,0.040912,188,1
21.6778,0.3901,0.1119,7,0.324,168.06,155.49,870.11,0,0.0,2.0389,0.618451,6,0
1000.0,30.0,0.2396,1,0.8222,144.2,5.05,5316.45,0,0.0,0.6337,0.01984,189,1
18.9835,0.4054,0.138,5,0.7154,127.29,160.96,2950.47,1,0.0508,2.444,1.500999,6,0
23.5145,0.3838,0.1513,4,0.2211,234.69,53.71,2216.99,0,0.0,1.3692,10.482569,3,0
28.4557,0.4834,0.1344,3,0.6102,181.53,79.09,4789.04,1,0.4071,3.3552,2.258893,4,0
1000.0,21.7241,0.0753,1,0.8524,138.34,27.68,5697.79,0,0.0,0.6783,0.012295,45,1
7.8525,0.0,0.1,1,0.6282,340.61,167.96,2923.45,10,0.7017,0.512,0.19259,1,1
8.653,0.1037,0.2011,6,0.4825,206.85,291.98,572.16,0,0.0,1.3864,1.660599,6,0
9.6227,0.1234,0.1993,7,0.3921,245.07,250.73,2516.29,0,0.0,3.5487,5.861925,9,0
45.8443,0.8125,0.0348,4,0.2506,224.5,38.38,2685.39,0,0.0,2.054,8.172232,1,0
59.887,1.0301,0.1448,4,0.2482,367.13,73.67,3342.89,1,0.1364,3.2309,1.456272,11,0
908.2887,15.2044,0.6569,1,0.8975,203.16,26.29,228.6,246,0.9129,0.3246,0.008854,262,1
25.8756,0.3804,0.2017,5,0.1,362.36,182.62,3476.83,0,0.0,2.0451,7.410629,15,0
1000.0,30.0,0.3022,2,0.9043,83.33,9.6,252.83,294,0.652,0.4366,0.012574,133,1
1000.0,30.0,0.258,2,0.7,139.73,12.68,7187.78,0,0.0,0.6438,0.024178,131,1
1000.0,30.0,0.2022,2,0.8386,146.24,8.64,7992.81,0,0.0,0.2181,0.004738,99,1
10.7336,0.1975,0.0601,4,0.5338,171.0,99.17,4894.52,1,0.1976,3.2427,11.60495,1,0
1000.0,25.8264,0.1669,1,0.7613,74.08,28.0,7567.32,0,0.0,0.6546,0.030513,121,1
13.8698,0.1907,0.0599,6,0.1,141.43,232.51,2926.33,0,0.0,2.2747,7.179279,2,0
0.0987,0.0229,0.041,7,0.2769,239.44,299.3,1498.19,1,0.0236,1.8909,2.931949,0,0
7.4561,0.1376,0.0388,3,0.1831,343.85,233.06,759.16,0,0.0,2.8736,10.48895,1,0
751.8404,12.6948,0.3,3,0.8012,89.12,15.11,6150.73,0,0.0,0.191,0.044851,57,1
5.5334,0.0,0.3054,2,0.7381,266.57,187.72,616.79,0,0.0,0.9841,0.74812,5,1
1000.0,27.7192,0.3,1,0.8554,144.94,15.09,70.39,375,0.9348,0.2984,0.015108,124,1
573.4427,9.415,0.5515,1,0.9606,171.11,51.07,120.14,285,0.9069,0.5701,0.008964,267,1
11.2823,0.1804,0.0591,3,0.2111,320.12,292.07,2672.94,1,0.0748,2.3048,1.980794,3,0
20.7799,0.3739,0.1929,7,0.1817,309.09,158.7,2896.39,0,0.0,2.0596,3.076684,11,0
1.0594,0.0636,0.0584,6,0.1222,384.51,170.15,3478.28,0,0.0,2.7632,7.245481,0,0
642.6573,10.8207,0.4157,2,0.9129,123.86,38.75,110.97,276,0.8943,0.2246,0.018402,173,1
31.223,0.4611,0.0251,5,0.3628,210.24,116.85,1988.65,0,0.0,1.7168,8.669029,1,0
11.0776,0.1137,0.0596,5,0.1,268.27,291.88,1282.09,0,0.0,2.1556,3.851535,3,0
63.7864,1.0304,0.0762,6,0.2187,125.14,33.46,3013.7,0,0.0,1.8288,7.231335,2,0
12.3384,0.1987,0.2119,5,0.3683,185.56,146.22,2805.64,0,0.0,2.3913,7.571172,5,0
1000.0,30.0,0.05,1,0.8075,61.48,12.29,4444.1,0,0.0,1.2274,0.025805,22,1
1000.0,30.0,0.1289,1,0.8779,60.62,3.54,2161.75,0,0.0,0.0389,0.013307,31,1
28.1269,0.4934,0.0221,3,0.239,190.1,141.23,4530.54,0,0.0,2.9213,6.579439,1,0
178.0774,2.7728,0.8205,1,0.8882,141.82,54.65,294.11,152,0.9649,0.1784,0.013825,127,1
16.1793,0.2058,0.0265,4,0.4931,320.58,87.1,3817.75,0,0.0,2.3279,13.114387,0,0
1000.0,25.0053,0.1213,1,0.8135,135.61,29.25,5827.26,0,0.0,0.811,0.031971,88,1
1000.0,30.0,0.149,1,0.7,112.99,4.59,6190.4,0,0.0,0.3521,0.018143,50,1
12.7371,0.2573,0.2274,3,0.5113,359.18,210.01,2367.07,0,0.0,3.3578,13.272989,10,0
15.6258,0.2994,0.2104,5,0.1716,158.47,223.8,3452.36,0,0.0,2.1479,13.443352,13,0
6.1679,0.1231,0.1823,5,0.5086,292.07,185.9,2342.78,1,0.0295,2.7463,2.046892,3,0
9.486,0.0853,0.0768,6,0.3105,240.77,149.02,4743.78,1,0.2363,3.4355,13.430609,2,0
3.1492,0.0415,0.0599,6,0.2532,261.86,282.57,999.5,0,0.0,2.6167,13.043656,0,0
3.4508,0.0562,0.1019,6,0.2839,209.39,166.76,2946.93,0,0.0,3.4326,5.930774,1,0
18.1235,0.3057,0.052,6,0.1198,219.23,174.4,4633.7,0,0.0,3.3473,3.649261,2,0
7.2907,0.0736,0.1,3,0.615,103.46,67.55,2786.24,10,0.6199,1.1417,0.143149,1,1
1000.0,30.0,0.05,1,0.8621,130.47,9.48,1192.11,0,0.0,0.7303,0.035502,29,1
10.9155,0.1782,0.0615,5,0.392,163.1,164.44,4749.2,0,0.0,3.1945,2.664298,2,0
633.3433,10.392,0.0569,1,0.8159,136.92,20.45,7096.22,0,0.0,0.0,0.029672,12,1
63.3629,1.1387,0.0543,7,0.1916,209.55,44.2,1630.01,1,0.3196,2.482,13.995524,2,0
71.1842,1.1827,0.1843,7,0.2432,245.04,58.3,4576.78,1,0.299,1.4887,12.444002,12,0
20.7836,0.3249,0.0205,6,0.2585,243.03,151.94,4593.17,1,0.0409,1.4788,2.897732,1,0
12.0533,0.0795,0.1245,5,0.5113,283.9,190.86,3083.32,1,0.0323,3.259,12.526528,2,0
471.6753,7.9122,0.1878,1,0.7904,72.3,24.68,6549.87,0,0.0,0.182,0.004585,36,1
25.4703,0.3647,0.0611,4,0.663,340.73,77.41,902.15,0,0.0,1.3443,4.553827,1,0
12.5908,0.1161,0.0856,7,0.2119,143.47,269.69,1687.47,1,0.0799,1.501,11.760095,3,0
52.0066,0.824,0.025,3,0.1,246.05,81.16,711.08,0,0.0,1.9763,0.944434,1,0
1000.0,30.0,0.6593,1,0.9512,68.72,5.07,167.68,374,0.735,0.1194,0.015539,242,1
8.3248,0.1173,0.0782,5,0.1,161.01,77.02,3166.7,0,0.0,1.4782,9.785985,0,0
343.7831,5.9728,0.3365,1,0.8237,57.35,26.88,199.32,153,0.7975,0.1183,0.019894,53,1
278.1038,4.6266,0.4731,1,0.8671,131.76,44.98,254.08,213,0.8646,0.5494,0.005744,98,1
1.9631,0.0587,0.0474,7,0.1806,247.6,258.79,1708.53,0,0.0,1.705,2.635496,0,0
5.0104,0.1848,0.1299,5,0.475,288.45,298.44,4319.93,0,0.0,3.5328,2.241994,4,0
28.5192,0.3804,0.2079,7,0.3392,356.23,110.54,2832.34,1,0.1424,2.1512,4.360263,10,0
12.8447,0.1419,0.041,6,0.3546,288.8,181.1,3448.99,0,0.0,2.0845,1.939765,1,0
10.9194,0.2487,0.1007,7,0.2958,282.54,237.52,2616.6,1,0.1228,3.5717,4.558464,5,0
2.7723,0.0475,0.0582,5,0.1771,355.56,238.44,4840.14,0,0.0,2.7843,4.6635,0,0
24.1266,0.3943,0.0208,3,0.1,284.93,167.43,2138.91,0,0.0,2.9369,7.552932,1,0
70.8381,1.1957,0.0337,3,0.3916,266.1,51.22,554.38,1,0.0913,2.2094,14.938823,2,0
5.9455,0.0782,0.1315,5,0.2572,345.38,130.38,4747.89,1,0.0072,3.07,10.554186,1,0
389.8259,6.3785,0.7132,1,0.8499,147.8,43.89,157.02,372,0.9609,0.0343,0.013618,199,1
18.2202,0.2801,0.5,1,0.5235,179.66,140.5,2870.25,10,0.2,1.1346,0.472197,18,1
13.8831,0.3082,0.1029,3,0.1664,237.14,93.65,2991.08,0,0.0,2.4228,10.12975,2,0
638.5873,10.8482,0.647,1,0.942,98.77,37.11,128.86,213,0.8739,0.3671,0.015497,258,1
1000.0,30.0,0.1266,3,0.8639,99.77,9.49,6773.73,0,0.0,0.3907,0.036479,53,1
21.2079,0.3454,0.0307,5,0.4318,262.85,80.25,1367.56,0,0.0,2.0021,3.7947,0,0
19.0064,0.2813,0.0524,4,0.2408,256.79,211.11,911.09,1,0.0711,1.7578,3.171605,3,0
344.6279,5.6952,0.7787,1,0.9848,167.91,49.14,64.08,322,0.5,0.4013,0.00667,218,1
1000.0,30.0,0.3,3,0.76,62.26,12.68,2703.12,0,0.0,0.4452,0.028188,144,1
392.9586,6.5607,0.7631,2,0.9918,74.13,27.91,284.37,298,0.8988,0.1996,0.007264,137,1
14.2937,0.2184,0.0445,7,0.2041,262.51,116.37,1479.7,1,0.0562,2.6696,1.435034,1,0
26.3139,0.3778,0.0216,5,0.2915,379.24,185.9,705.53,0,0.0,2.6255,6.863004,1,0
11.3854,0.2857,0.3262,5,0.244,199.81,142.97,4010.96,0,0.0,2.1597,10.57682,10,0
167.3813,2.8084,0.8532,1,0.9381,89.48,35.95,54.09,268,0.9031,0.1925,0.019182,86,1
16.9168,0.1677,0.1029,3,0.8221,147.45,134.4,992.7,1,0.3676,0.3948,0.33869,3,1
2.6721,0.0,0.0739,3,0.3148,252.32,257.17,3436.06,0,0.0,2.8259,14.711344,0,0
9.7032,0.1998,0.0687,5,0.1176,272.53,124.53,1739.54,0,0.0,2.0365,11.962421,1,0
1000.0,30.0,0.3,1,0.7,112.94,20.26,4572.83,0,0.0,0.3032,0.020795,220,1
5.1066,0.1304,0.1251,3,0.386,181.2,294.68,4053.22,0,0.0,2.389,12.977992,2,0
1000.0,25.6096,0.3,2,0.7926,77.43,29.79,6893.42,0,0.0,0.6885,0.026918,227,1
916.3518,15.3761,0.6806,1,0.9701,68.15,31.64,190.42,345,0.8084,0.3088,0.013077,330,1
3.8227,0.0301,0.021,5,0.1889,121.75,249.91,1262.78,1,0.0873,2.4557,7.976697,0,0
495.2451,8.2072,0.4299,1,0.9999,173.76,57.14,93.23,118,0.891,0.4787,0.013249,206,1
9.5986,0.0125,0.0479,7,0.4207,379.67,256.25,1302.22,1,0.0833,1.3696,8.75694,1,0
31.6543,0.427,0.0287,7,0.3513,152.19,147.67,1782.51,1,0.0666,2.8545,2.028248,2,0
950.0024,15.5274,0.8636,1,0.9883,77.86,31.43,57.88,301,0.7243,0.1912,0.016952,425,1
1000.0,30.0,0.2285,3,0.7103,91.66,14.8,7616.65,0,0.0,0.0239,0.007056,178,1
39.0608,0.7223,0.0408,3,0.6732,284.55,55.19,2075.73,1,0.2895,2.6953,8.361837,1,0
526.7389,8.9182,0.458,1,0.9035,115.92,41.39,52.83,128,0.7079,0.6242,0.004127,168,1
204.6104,3.2203,0.6244,1,0.9838,139.41,46.81,133.99,195,0.7686,0.3266,0.010646,94,1
14.818,0.3474,0.1387,5,0.4972,333.86,245.59,2022.03,1,0.2246,2.3908,7.778596,9,0
1000.0,30.0,0.167,2,0.8633,19.79,15.56,7848.68,0,0.0,0.176,0.04664,92,1
1000.0,30.0,0.1456,2,0.8519,60.3,5.28,7958.21,0,0.0,0.5096,0.007472,97,1
2.6653,0.1766,0.059,3,0.6658,266.02,176.04,1788.98,0,0.0,3.188,13.394712,0,0
0.0,0.0,0.0576,6,0.4173,377.62,251.12,3617.99,0,0.0,1.1131,8.572525,0,0
27.2989,0.5393,0.4764,1,0.6803,194.7,73.86,1035.61,0,0.0,0.97,0.447616,14,1
30.0981,0.5159,0.2668,4,0.2008,308.44,137.61,1428.72,0,0.0,2.0528,9.402699,17,0
1000.0,30.0,0.0913,1,0.7,160.47,4.33,1640.16,0,0.0,0.7712,0.011613,44,1
1000.0,23.6555,0.6053,1,0.94,180.14,17.82,51.9,229,0.846,0.0639,0.00812,254,1
12.5975,0.2095,0.1096,6,0.478,163.05,148.47,2656.27,1,0.0515,2.5273,1.296419,3,0
20.1166,0.3893,0.0834,5,0.3269,300.91,149.43,2965.04,0,0.0,3.58,9.463912,3,0
35.5661,0.6069,0.2242,3,0.3611,222.63,113.53,2160.74,0,0.0,2.5832,11.392082,14,0
869.7267,14.3638,0.0901,1,0.9683,162.15,27.54,1424.66,0,0.0,0.5441,0.041816,35,1
238.2523,3.8923,0.5609,1,0.9946,180.08,52.97,155.64,160,0.8966,0.3838,0.014831,116,1
190.7721,3.0013,0.5881,1,0.9882,126.95,26.15,262.16,309,0.857,0.0,0.001234,48,1
12.4902,0.4444,0.2376,1,0.588,254.99,106.08,1147.98,5,0.4314,1.0113,0.144249,9,1
768.4761,12.5935,0.7636,1,0.8698,153.01,31.84,150.25,211,0.8694,0.2666,0.018388,307,1
10.3193,0.226,0.0074,5,0.1748,99.79,254.81,3539.55,0,0.0,1.7264,2.801683,0,0
1000.0,30.0,0.1523,1,0.8784,141.28,3.15,2779.68,0,0.0,1.0157,0.032341,114,1
24.6715,0.3001,0.1174,4,0.1716,285.75,158.85,4982.58,0,0.0,1.746,7.707465,7,0
5.2645,0.134,0.3359,3,0.3377,192.19,258.18,3878.33,0,0.0,3.0805,3.804188,8,0
19.1703,0.3575,0.039,4,0.2881,234.99,127.3,3694.5,0,0.0,2.9069,7.398879,1,0
250.0527,4.1884,0.6764,2,0.9829,154.32,26.6,281.12,227,0.7505,0.2229,0.005775,77,1
1000.0,30.0,0.1452,2,0.857,81.36,10.61,2135.81,0,0.0,0.5865,0.010369,88,1
24.2408,0.3298,0.086,4,0.4433,209.39,145.03,1182.93,0,0.0,2.3773,5.469581,5,0
17.3523,0.2426,0.1115,6,0.1568,239.65,252.09,548.0,0,0.0,3.0457,8.653599,7,0
409.7791,6.7802,0.9004,1,0.8732,177.97,48.05,286.19,276,0.5721,0.3085,0.010197,297,1
67.0686,0.9739,0.0982,5,0.3022,381.04,66.06,2300.02,0,0.0,2.5866,12.746361,6,0
1000.0,21.7248,0.4528,1,0.8,52.81,16.06,146.42,146,0.7108,0.0,0.01158,158,1
387.2031,6.4265,0.7076,1,0.8,94.65,30.25,260.25,106,0.9119,0.4456,0.005376,139,1
638.7794,10.6771,0.3647,1,0.9394,46.71,29.0,293.9,197,0.9545,0.2446,0.012248,112,1
26.7542,0.4908,0.104,6,0.1,292.51,92.47,2428.06,1,0.1727,3.3203,6.753875,4,0
5.2388,0.0965,0.0313,5,0.2944,343.23,271.42,944.33,0,0.0,2.4814,2.006538,0,0
3.7731,0.1154,0.1264,7,0.5662,317.87,263.81,3606.03,1,0.054,2.9152,1.744979,4,0
12.4962,0.242,0.1234,3,0.215,151.39,295.05,4497.92,0,0.0,2.461,2.95023,7,0
9.419,0.1593,0.0104,6,0.1628,249.56,235.86,1228.23,0,0.0,2.4577,6.916821,0,0
0.0,0.0621,0.2476,6,0.2048,174.13,287.91,4079.14,0,0.0,1.4779,3.421091,1,0
2.1525,0.0555,0.1207,4,0.2694,320.58,122.96,4770.9,0,0.0,2.9234,0.518218,0,0
12.7819,0.2509,0.0708,7,0.3504,187.32,297.37,2476.84,1,0.0763,3.7046,6.664271,4,0
25.6192,0.4731,0.144,3,0.1,328.25,126.37,4573.51,0,0.0,2.7631,13.438452,8,0
11.0152,0.3074,0.0478,6,0.2714,205.59,128.51,2233.39,0,0.0,2.5335,6.326144,1,0
21.2401,0.2322,0.0352,7,0.304,109.75,225.67,3676.6,0,0.0,2.5441,2.548968,2,0
44.685,0.7377,0.1074,4,0.311,265.4,68.9,3996.72,1,0.0315,3.2686,5.886275,5,0
25.026,0.4449,0.0785,6,0.1564,339.03,143.9,3578.68,1,0.0553,2.39,14.593048,5,0
1000.0,27.5113,0.3,1,0.9413,39.91,28.96,2604.62,0,0.0,0.3474,0.04223,238,1
7.8932,0.1979,0.0903,7,0.3733,315.03,176.31,3378.64,1,0.0258,1.4191,11.02874,2,0
0.0,0.0931,0.0928,6,0.3475,350.75,290.21,3835.68,1,0.0774,2.5381,7.28327,0,0
15.7217,0.2663,0.1594,6,0.4706,311.08,244.5,4762.0,1,0.2412,3.1447,5.412396,10,0
6.3577,0.1585,0.1264,5,0.4449,195.84,247.26,3851.86,0,0.0,2.583,10.1018,3,0
23.3675,0.3942,0.0833,7,0.4355,365.62,157.97,4983.11,0,0.0,3.2495,3.44511,5,0
36.489,0.6068,0.034,7,0.2412,116.64,123.1,4427.91,1,0.1838,2.0376,2.673983,2,0
427.0024,7.1089,0.4384,1,0.9489,189.1,52.43,288.4,53,0.8007,0.2368,0.016499,162,1
441.45,7.5157,0.5353,1,0.9965,191.34,46.43,132.59,274,0.8164,0.5096,0.001238,184,1
2.5088,0.1373,0.0429,7,0.261,306.79,224.73,3883.7,0,0.0,3.0271,9.645685,1,0
30.264,0.5171,0.0053,6,0.1,299.35,135.96,4579.12,1,0.0151,1.8149,12.013365,0,0
58.9244,0.9117,0.0668,6,0.6586,113.42,72.97,4988.22,0,0.0,2.8923,8.800008,4,0
3.1078,0.0235,0.0114,5,0.4041,205.37,291.54,3394.85,1,0.035,3.0224,6.927654,0,0
41.2914,0.7899,0.1455,6,0.2854,165.93,42.75,4318.14,2,0.0509,3.0269,13.974842,4,0
40.7578,0.791,0.0762,6,0.1874,371.0,88.88,4784.18,1,0.0007,2.5958,14.427997,5,0
10.7128,0.1588,0.0549,5,0.5428,301.62,176.85,4382.47,0,0.0,3.0678,12.874238,1,0
23.1379,0.3711,0.5,1,0.5751,162.44,95.68,565.44,5,0.7103,0.5415,0.299862,16,1
19.0214,0.3449,0.032,7,0.1087,76.96,119.82,2007.46,1,0.0225,1.8969,9.949283,1,0
1000.0,30.0,0.1985,1,0.7825,80.26,3.77,3753.01,0,0.0,0.6299,0.02602,51,1
55.1083,0.9152,0.0643,5,0.2368,82.67,85.76,3922.51,0,0.0,1.8798,6.566349,4,0
12.9399,0.2606,0.0038,3,0.19,322.36,142.7,1051.24,1,0.0143,1.7072,14.353999,0,0
84.1944,1.3192,0.0892,5,0.1049,330.86,57.96,3158.66,0,0.0,2.6357,9.69972,6,0
1000.0,23.3111,0.113,3,0.9903,136.15,29.89,5729.09,0,0.0,0.0109,0.005841,78,1
38.791,0.4378,0.3799,3,0.6358,195.49,64.87,2190.2,5,0.3939,0.9401,0.713056,11,1
4.4647,0.0,0.0943,6,0.1242,101.12,285.36,4830.64,1,0.0571,2.8503,7.196194,1,0
354.7651,5.9046,0.7184,1,0.9147,166.84,57.35,54.74,63,0.7876,0.0831,0.005654,241,1
42.6839,0.5995,0.0185,6,0.3823,395.63,78.07,4414.44,1,0.0209,3.2952,5.016389,0,0
11.644,0.1294,0.2793,3,0.198,261.91,190.91,1753.93,0,0.0,3.4262,12.909675,11,0
5.6753,0.0675,0.1772,7,0.2408,227.93,88.63,885.43,1,0.0498,3.3515,13.580941,2,0
186.5688,3.0215,0.8681,2,0.8521,73.11,45.93,236.53,277,0.8442,0.185,0.010584,119,1
3.4254,0.0246,0.1925,7,0.1,249.18,284.08,948.51,0,0.0,1.3605,13.574404,3,0
13.6658,0.272,0.0681,4,0.4636,374.68,162.04,3304.45,1,0.1943,2.5688,10.269465,2,0
357.3548,6.1458,0.8585,1,0.8261,64.16,52.93,274.81,281,0.7639,0.094,0.004613,271,1
56.8191,1.013,0.0122,7,0.1924,392.78,46.51,4857.34,0,0.0,3.2726,2.101425,0,0
20.0713,0.2127,0.005,6,0.1316,339.99,280.36,3048.76,1,0.0916,1.6218,7.652853,0,0
93.8441,1.6863,0.4205,1,0.875,188.74,51.07,222.65,263,0.7572,0.3514,0.006663,35,1
166.3412,2.7569,0.5365,1,0.9876,96.67,37.84,284.3,243,0.698,0.0761,0.002972,58,1
7.9854,0.0857,0.111,5,0.5076,285.71,231.35,2257.53,0,0.0,3.4211,1.014309,2,0
7.2452,0.0029,0.0456,3,0.4692,262.5,290.14,4190.3,0,0.0,2.6635,10.495001,0,0
1000.0,26.1155,0.2348,1,0.8844,123.56,6.17,1218.28,0,0.0,0.73,0.010834,37,1
16.1349,0.3756,0.13,3,0.267,223.96,143.6,4282.61,1,0.2489,2.3856,4.156362,5,0
0.0,0.0538,0.0705,5,0.1,215.36,247.54,1104.32,1,0.0475,2.7363,8.623723,0,0
1000.0,19.2469,0.2533,2,0.9536,44.47,22.37,2237.34,0,0.0,0.9856,0.043052,108,1
17.077,0.2122,0.1744,7,0.361,389.73,273.44,1708.7,0,0.0,1.2861,8.607482,12,0
157.2269,2.8294,0.8135,1,0.895,134.12,43.05,243.55,244,0.839,0.0668,0.008549,95,1
1000.0,25.5647,0.05,2,0.9524,56.37,21.8,3431.68,0,0.0,0.7436,0.019578,27,1
18.067,0.2323,0.0259,6,0.2457,232.14,183.13,4499.12,0,0.0,1.9138,1.270249,1,0
14.4819,0.2477,0.2008,7,0.1982,193.71,160.11,1926.11,0,0.0,2.0795,14.443366,8,0
15.2392,0.1824,0.0851,5,0.2802,162.78,73.35,813.03,0,0.0,2.8492,1.401203,1,0
71.5675,1.0316,0.0793,4,0.4489,327.94,57.29,3374.15,0,0.0,2.4399,1.592161,5,0
510.5757,8.423,0.2453,3,0.8927,75.91,22.94,3442.62,0,0.0,0.436,0.018195,47,1
12.9384,0.1609,0.0158,7,0.2738,80.25,46.75,4756.87,1,0.0721,1.5829,2.340694,0,0
4.9226,0.0914,0.0621,6,0.2781,387.42,210.11,1731.67,1,0.2238,3.1111,7.138924,0,0
11.8585,0.1577,0.1962,1,0.4,221.17,143.25,841.72,0,0.0,0.6205,0.087568,3,1
16.1133,0.2436,0.039,3,0.3228,272.0,137.24,1843.28,1,0.1628,2.4306,11.206412,1,0
7.1353,0.1385,0.0322,4,0.5367,229.41,167.35,828.88,0,0.0,3.4859,9.145749,0,0
30.4977,0.5247,0.2152,6,0.1339,200.74,58.12,1807.19,0,0.0,1.8894,14.16429,5,0
1000.0,19.5699,0.6448,1,0.9125,160.3,17.95,246.67,67,0.7104,0.3309,0.019753,226,1
93.7012,1.5044,0.0651,4,0.4841,291.0,32.98,739.83,1,0.2825,1.625,8.280785,3,0
1000.0,30.0,0.0824,2,0.8047,130.48,3.93,1134.72,0,0.0,0.4805,0.044999,63,1
47.5644,0.783,0.0399,3,0.4952,234.91,66.13,1716.77,1,0.0428,3.6336,5.971112,2,0
38.9297,0.6516,0.0967,5,0.5091,308.95,38.2,1317.12,1,0.0171,2.4395,7.137172,2,0
3.4583,0.0553,0.0305,6,0.1739,164.93,198.35,3274.8,0,0.0,2.0127,7.294076,0,0
16.9419,0.3151,0.053,6,0.4449,359.83,125.35,3110.2,0,0.0,3.2061,11.227414,2,0
45.5978,0.8271,0.0982,5,0.1617,125.49,37.03,3001.44,0,0.0,2.735,14.092883,2,0
671.9758,11.1086,0.3,1,0.7227,138.47,26.61,2486.94,0,0.0,0.2316,0.034183,89,1
18.1665,0.3002,0.0883,3,0.1159,256.44,224.33,4811.53,1,0.1234,2.0665,10.745774,6,0
16.8151,0.2813,0.0372,3,0.284,315.84,194.19,1826.1,0,0.0,2.8267,7.476411,1,0
276.7956,4.6431,0.8199,1,0.9759,78.3,48.23,250.72,229,0.9094,0.1234,0.015222,186,1
65.0839,0.9987,0.0828,4,0.1988,89.71,61.85,4661.36,1,0.1134,1.8374,5.769191,5,0
1000.0,30.0,0.0816,1,0.7845,46.25,5.94,4132.53,0,0.0,0.0,0.044257,52,1
10.5466,0.0957,0.1731,5,0.1673,62.19,172.54,4207.28,0,0.0,1.7478,3.938647,3,0
436.7016,7.5751,0.9294,1,0.9723,92.71,59.6,178.64,318,0.7279,0.2664,0.009143,415,1
14.7114,0.1234,0.031,3,0.2002,147.27,196.38,951.0,0,0.0,1.901,3.366265,1,0
6.9005,0.056,0.0262,7,0.1608,310.13,121.59,1160.13,1,0.3702,2.8661,7.903271,0,0
11.6375,0.2093,0.1652,6,0.1,98.8,270.6,4332.27,1,0.0375,2.6389,2.298394,9,0
32.0921,0.5527,0.0083,5,0.5794,235.91,83.68,4659.59,0,0.0,2.9134,6.32397,0,0
366.227,6.1107,0.5995,1,0.9168,98.24,30.41,95.06,143,0.5,0.5085,0.014787,112,1
1000.0,21.3844,0.8051,2,0.8618,177.9,19.85,186.2,125,0.8817,0.0504,0.013004,340,1
122.497,2.2343,0.6634,1,1.0,66.91,55.42,196.12,159,0.7932,0.1182,0.012045,73,1
4.6582,0.1148,0.0074,6,0.1,136.07,194.28,2264.96,0,0.0,1.6682,11.572594,0,0
16.8413,0.2788,0.1325,4,0.4942,191.75,176.21,3760.92,1,0.0039,3.3068,5.299242,6,0
128.4873,2.0329,0.5909,1,0.9954,86.9,49.24,289.52,130,0.8413,0.1491,0.015439,58,1
21.336,0.3708,0.1015,3,0.3516,321.96,133.1,3137.5,1,0.1388,1.8635,14.655353,5,0
17.3976,0.2257,0.1307,4,0.407,228.38,95.82,3501.51,0,0.0,3.2354,1.305435,3,0
6.3968,0.1027,0.1165,5,0.1188,391.31,162.45,2505.68,0,0.0,1.9953,10.067349,1,0
0.0,0.102,0.4453,2,0.4111,313.18,155.95,1785.93,1,0.7073,0.9967,0.363946,4,1
446.6155,7.5505,0.4542,1,0.9683,112.77,56.44,62.45,376,0.89,0.1779,0.018086,194,1
46.325,0.8835,0.1037,4,0.4761,126.0,50.8,2306.41,0,0.0,3.2682,14.181322,4,0
5.7617,0.024,0.2119,7,0.4026,105.81,285.43,1789.51,0,0.0,3.0632,8.67069,5,0
7.5181,0.0376,0.0293,6,0.1967,259.57,283.97,4323.2,0,0.0,2.3049,7.652089,0,0
1000.0,24.8404,0.0908,2,0.8634,67.6,11.31,4353.3,0,0.0,0.195,0.020518,25,1
1000.0,27.0231,0.2423,2,0.9315,125.39,14.26,4954.44,0,0.0,0.4755,0.012442,93,1
16.9708,0.1786,0.0684,7,0.5256,180.0,129.55,3550.16,1,0.0227,2.651,11.209663,2,0
86.1163,1.42,0.133,6,0.6968,155.09,50.6,1499.05,0,0.0,3.1515,13.734536,9,0
55.5312,0.8325,0.0112,3,0.1,99.73,78.57,4514.52,0,0.0,3.3769,12.487195,0,0
506.3388,8.5197,0.7592,2,0.8784,85.66,16.66,84.96,236,0.8064,0.4293,0.013803,107,1
9.0015,0.1538,0.0419,5,0.1346,237.42,287.39,2116.19,0,0.0,1.3976,14.187872,1,0
654.59,10.7595,0.822,1,0.8,103.16,27.19,293.74,216,0.8477,0.4091,0.017846,241,1
258.1049,4.1838,0.7342,2,0.8937,65.97,50.24,159.33,90,0.6739,0.0,0.015318,157,1
24.251,0.412,0.073,3,0.1302,207.97,32.99,4597.67,0,0.0,3.0889,8.414904,1,0
424.9313,7.0542,0.8447,1,0.8718,189.6,43.19,85.22,225,0.7605,0.5855,0.000978,256,1
1000.0,16.9461,0.3,3,0.9604,56.47,26.85,1243.48,0,0.0,0.3243,0.049296,136,1
592.8606,9.7364,0.7286,1,0.8016,53.49,49.38,239.1,192,0.7694,0.5626,0.008621,355,1
15.9806,0.0,0.4247,1,0.4435,100.87,133.55,2605.4,0,0.0,0.5009,0.172793,4,1
20.277,0.272,0.057,7,0.4471,110.98,198.2,1222.71,0,0.0,2.0221,4.543072,3,0
94.9825,1.6149,0.0202,6,0.1751,96.69,34.23,3071.4,0,0.0,3.5577,2.5772,1,0
13.5164,0.2751,0.0708,3,0.2863,154.31,248.58,4331.54,0,0.0,1.8771,6.653673,4,0
173.1213,2.987,0.873,1,0.954,54.55,41.88,210.22,171,0.895,0.4762,0.011555,106,1
3.9473,0.1458,0.2418,3,0.8483,89.23,139.84,2143.79,10,0.4125,0.6763,0.302301,5,1
240.8072,4.2078,0.6811,1,0.8,58.39,43.79,66.21,302,0.9517,0.3119,0.019218,123,1
845.1404,14.0429,0.0967,1,0.7,47.04,20.21,3987.57,0,0.0,0.4743,0.041125,27,1
1000.0,30.0,0.2479,2,0.8567,139.85,7.93,2423.64,0,0.0,0.7361,0.006944,70,1
9.263,0.186,0.3232,3,0.1,169.24,184.35,4239.44,0,0.0,1.5676,9.406072,10,0
31.3144,0.5506,0.0789,7,0.1943,408.92,68.82,4998.02,0,0.0,2.5063,13.938722,3,0
584.3756,9.8698,0.3,1,0.8591,38.16,15.82,4728.47,0,0.0,0.9194,0.005246,46,1
1000.0,23.3194,0.5223,1,0.8835,94.02,15.23,286.95,374,0.9785,0.3751,0.019875,185,1
9.8116,0.1073,0.0889,4,0.6423,384.31,237.23,4375.75,1,0.0502,2.4187,3.519114,2,0
13.1054,0.1994,0.0253,4,0.302,286.62,290.37,2410.58,1,0.1715,2.5201,11.978791,1,0
24.4874,0.4264,0.2036,7,0.4285,146.24,120.2,3220.53,0,0.0,2.7916,9.28568,9,0
1000.0,30.0,0.0965,1,0.9159,71.34,5.3,1061.91,0,0.0,0.6357,0.03277,20,1
3.3199,0.1403,0.3257,4,0.1,327.51,130.98,4954.75,1,0.172,1.7631,9.989244,3,0
5.0397,0.0096,0.0676,5,0.1517,326.84,132.63,2068.41,1,0.0016,3.4731,14.109574,0,0
10.7473,0.2111,0.1199,4,0.4297,348.11,211.65,2819.18,0,0.0,2.9792,7.612638,5,0
749.0066,12.3725,0.7465,1,0.8,63.42,17.73,291.34,168,0.8848,0.0,0.006894,164,1
1000.0,30.0,0.2303,3,0.7,154.36,4.0,2167.93,0,0.0,0.955,0.0468,75,1
3.5727,0.0795,0.0842,4,0.1718,352.18,216.88,2524.03,0,0.0,1.7173,6.504881,0,0
8.3082,0.1188,0.023,7,0.1733,307.41,166.95,1758.25,1,0.0724,3.2723,7.255625,0,0
34.9397,0.5573,0.1607,5,0.1,117.39,74.12,985.05,0,0.0,2.3083,3.291933,6,0
1000.0,30.0,0.2825,1,0.8823,41.18,4.87,7568.68,0,0.0,0.6652,0.023958,102,1
947.7765,15.8137,0.5729,2,0.9292,151.46,21.93,174.29,393,0.9135,0.3821,0.013919,197,1
241.1081,4.0672,0.7616,1,0.8,211.79,48.96,266.53,113,0.9622,0.4655,0.016629,151,1
736.1446,12.1552,0.4361,1,0.9272,206.65,40.94,210.2,256,0.9066,0.2093,0.007396,217,1
13.1667,0.323,0.1763,1,0.4196,93.24,73.02,2521.42,1,0.5129,0.4118,0.439411,3,1
19.2096,0.3745,0.0187,6,0.351,320.51,161.41,1584.79,1,0.0696,3.2035,3.607188,1,0
299.2739,5.033,0.05,2,0.7253,90.8,25.21,3199.69,0,0.0,0.8475,0.03076,6,1
27.6665,0.4458,0.1222,7,0.3556,246.55,142.71,2617.76,1,0.4199,3.2582,10.698963,8,0
27.2109,0.4373,0.1353,5,0.1646,343.35,157.66,4774.8,1,0.0882,2.2697,2.922951,9,0
391.0636,6.6354,0.8904,1,0.905,158.83,54.49,56.26,371,0.6629,0.4967,0.006002,316,1
1000.0,24.3958,0.0959,3,0.9481,60.33,13.27,6689.02,0,0.0,0.7047,0.043522,30,1
648.7542,10.7326,0.3398,1,0.8832,190.5,32.12,207.51,361,0.6837,0.3301,0.01751,117,1
17.2182,0.2673,0.1059,3,0.4549,414.05,172.79,1140.35,1,0.0497,1.4477,8.296325,5,0
543.5415,8.8219,0.6822,2,0.8,156.17,26.12,161.2,356,0.9572,0.264,0.013619,159,1
14.8886,0.264,0.054,3,0.3958,366.84,295.72,3537.48,1,0.0881,3.2602,3.164221,4,0
1000.0,22.714,0.2898,2,0.7556,122.21,11.55,1782.7,0,0.0,0.3694,0.016613,76,1
6.4554,0.151,0.2935,6,0.1545,317.0,71.1,4360.62,1,0.0488,2.5172,14.216577,2,0
1000.0,28.4827,0.2743,1,0.7,93.8,24.47,7418.67,0,0.0,0.1258,0.026116,191,1
58.5258,0.9855,0.0411,5,0.2067,204.87,64.14,4224.52,0,0.0,1.7283,14.782991,2,0
13.3091,0.2231,0.024,3,0.2595,104.26,275.17,1222.35,0,0.0,3.3979,12.309455,1,0
300.6454,5.1592,0.5016,1,0.8,137.39,30.36,137.65,364,0.8847,0.2787,0.005104,77,1
4.9178,0.0,0.0377,3,0.1169,275.11,197.39,1339.63,0,0.0,2.6354,4.204179,0,0
29.5765,0.4291,0.0756,4,0.1,367.99,105.58,957.25,0,0.0,3.0584,5.847409,3,0
15.5648,0.1051,0.0796,3,0.1,185.22,228.98,2839.03,0,0.0,2.9974,11.684776,4,0
667.089,11.0414,0.341,1,0.8,94.5,40.95,204.78,238,0.9166,0.3941,0.009268,154,1
17.6414,0.2848,0.0095,4,0.6349,101.89,236.71,3872.73,1,0.0053,1.4465,13.643019,0,0
19.3215,0.2828,0.1052,7,0.1568,129.57,206.9,2549.47,1,0.3581,2.3295,11.277094,7,0
25.3929,0.4827,0.0133,6,0.1,213.83,170.29,778.12,1,0.0526,3.2174,0.649399,1,0
16.5707,0.3925,0.3731,7,0.1,342.15,168.76,755.79,0,0.0,1.9062,1.737108,19,0
15.0619,0.275,0.0235,6,0.1,353.1,241.97,721.73,1,0.1115,2.0527,4.587979,1,0
12.0281,0.2476,0.0078,3,0.2495,268.68,294.52,1260.41,1,0.1915,1.923,1.865027,0,0
19.04,0.2788,0.0654,4,0.2756,76.72,161.18,1172.24,1,0.073,2.5661,4.495728,3,0
727.6674,12.1718,0.3,1,0.9113,49.25,23.47,5096.54,0,0.0,0.3423,0.007796,86,1
12.2113,0.1675,0.0778,6,0.2584,196.18,214.26,3906.19,1,0.0555,2.0031,12.122652,3,0
771.8504,12.7594,0.396,1,0.8979,175.27,31.85,262.43,54,0.9481,0.237,0.014187,161,1
461.7832,7.7232,0.7845,1,0.9941,134.34,22.92,64.45,344,0.801,0.5729,0.002377,139,1
1000.0,16.885,0.1827,1,0.7,144.57,26.03,2227.5,0,0.0,0.6464,0.043887,80,1
549.7031,9.2689,0.203,1,0.9807,84.98,26.8,7640.23,0,0.0,0.8125,0.034737,50,1
23.2637,0.3203,0.284,4,0.1839,196.78,208.83,4849.15,0,0.0,3.2218,5.452589,21,0
313.2694,5.2067,0.3,2,0.9731,43.61,27.86,3432.11,0,0.0,0.218,0.029568,43,1
12.6098,0.2538,0.0208,3,0.4978,269.94,224.14,638.71,1,0.0017,3.2758,0.853669,0,0
444.73,7.5696,0.5797,1,0.811,101.73,46.67,156.89,244,0.8089,0.1126,0.008017,202,1
1000.0,17.1416,0.1489,1,0.9442,79.84,21.91,6085.03,0,0.0,0.9844,0.007126,56,1
7.0458,0.0407,0.0254,6,0.1,76.27,250.02,4891.05,1,0.0554,2.9774,8.229256,0,0
838.5646,14.0354,0.107,1,0.73,89.3,24.54,4403.29,0,0.0,0.8678,0.007448,36,1
6.2425,0.0197,0.0696,6,0.5676,195.56,180.16,4188.91,0,0.0,1.4881,3.123702,1,0
8.9668,0.0818,0.0381,5,0.2675,174.01,299.34,3215.8,0,0.0,1.966,8.044187,1,0
15.3425,0.2785,0.0177,5,0.1246,219.12,254.08,3599.83,0,0.0,2.9371,14.380065,1,0
1000.0,30.0,0.1927,1,0.88,157.3,4.43,7497.04,0,0.0,0.0,0.02079,113,1
1000.0,30.0,0.3,2,0.832,84.33,6.14,6488.02,0,0.0,0.5179,0.047165,222,1
365.5087,6.0837,0.7784,1,0.8,59.49,56.07,256.16,327,0.8433,0.0,0.013325,261,1
0.0,0.123,0.1522,7,0.3048,348.91,225.25,2886.88,0,0.0,2.736,8.664618,0,0
22.8968,0.5595,0.0046,7,0.1,411.54,107.53,3780.06,2,0.3121,1.4586,8.097901,0,0
3.9504,0.0742,0.0516,5,0.3617,192.45,191.96,1773.92,2,0.0024,2.9503,11.533998,0,0
22.091,0.3527,0.1048,3,0.2223,361.81,205.16,1105.36,0,0.0,2.2766,4.715786,7,0
8.9677,0.1698,0.0996,7,0.271,382.97,168.0,3868.59,1,0.0324,1.9373,7.660387,2,0
299.699,5.2268,0.5736,1,0.9863,111.89,51.72,99.27,210,0.7,0.0376,0.009111,149,1
20.8987,0.3057,0.048,3,0.5127,138.44,153.1,2274.87,0,0.0,2.0584,3.095917,2,0
7.1351,0.2187,0.1626,5,0.5677,277.28,143.29,3357.92,0,0.0,2.0529,9.574969,3,0
480.7283,8.2177,0.3006,1,0.9998,86.78,46.54,199.37,211,0.7564,0.3851,0.010756,111,1
14.7484,0.1751,0.0462,7,0.1596,280.15,196.08,1673.76,0,0.0,1.8424,6.881681,1,0
12.8766,0.1836,0.1161,7,0.2035,198.75,48.92,3367.86,0,0.0,2.1676,8.254592,1,0
1000.0,21.7972,0.8955,1,0.927,175.99,8.97,59.46,239,0.901,0.3137,0.015985,174,1
4.1799,0.1019,0.084,5,0.1901,144.42,188.68,3600.99,0,0.0,3.0803,2.203401,0,0
8.3066,0.3161,0.1498,3,0.7311,68.36,181.65,1173.93,10,0.4622,1.1783,0.13524,4,1
8.311,0.1929,0.039,5,0.2248,276.81,198.98,1828.08,1,0.1319,1.7596,7.029634,1,0
1.639,0.0043,0.123,4,0.1823,385.59,284.55,2521.95,0,0.0,2.7503,12.059743,1,0
525.1635,8.6209,0.8624,1,0.8,70.58,49.24,150.78,327,0.8795,0.3859,0.016148,369,1
1000.0,30.0,0.1709,1,0.9028,53.12,8.54,2958.73,0,0.0,0.2471,0.019195,74,1
62.5846,1.0572,0.1446,7,0.1609,312.47,72.56,4618.17,0,0.0,3.1627,3.757403,10,0
6.2467,0.1655,0.1725,3,0.689,231.41,169.95,1884.18,5,0.6514,0.9862,0.096672,5,1
443.7921,7.2312,0.7265,1,0.9849,68.34,41.26,119.65,114,0.9271,0.0,0.009075,219,1
18.4746,0.3565,0.3098,1,0.5478,286.43,121.82,1927.03,0,0.0,0.4509,0.575187,6,1
481.8824,8.1008,0.2274,1,0.7,95.34,29.44,1890.61,0,0.0,0.3955,0.035311,53,1
5.921,0.0701,0.2003,3,0.4062,182.27,283.89,2945.9,1,0.2416,2.3835,5.360736,5,0
8.083,0.1898,0.1244,4,0.2039,120.91,261.31,2372.84,1,0.07,2.8677,8.934513,4,0
13.054,0.1243,0.0271,5,0.1,277.69,242.92,1801.74,0,0.0,3.3521,8.713487,1,0
1000.0,24.2476,0.8337,1,0.9797,95.92,14.51,160.46,153,0.7947,0.1171,0.006799,292,1
1000.0,30.0,0.1972,2,0.8867,152.9,9.17,5887.48,0,0.0,0.8327,0.002934,142,1
22.9619,0.4216,0.1863,7,0.1,259.93,88.11,2989.23,1,0.0881,2.478,5.80198,6,0
1000.0,30.0,0.1389,3,0.9296,47.03,4.13,3248.94,0,0.0,0.7295,0.02397,19,1
9.6054,0.2077,0.1895,4,0.1883,132.56,88.51,2746.45,0,0.0,2.429,1.471907,3,0
30.4551,0.5627,0.0989,5,0.1,343.76,81.92,2065.64,0,0.0,2.9197,11.925395,3,0
6.6789,0.0631,0.2152,7,0.6447,371.83,86.56,3838.43,1,0.1087,1.546,7.075684,2,0
66.2492,0.9758,0.1807,3,0.2501,337.04,57.6,1785.53,1,0.1409,1.9117,5.79716,11,0
33.2885,0.5591,0.0439,3,0.2559,244.86,108.74,1557.83,1,0.1519,1.7503,10.7985,2,0
20.7691,0.3037,0.0788,4,0.1,191.74,211.84,3471.78,0,0.0,2.0028,4.443142,6,0
5.6044,0.0929,0.0948,5,0.1217,370.85,273.03,3979.96,1,0.0449,1.6699,13.986283,2,0
950.5074,16.034,0.572,2,0.917,48.93,25.26,87.43,79,0.637,0.0,0.019118,229,1
0.0,0.0672,0.0545,6,0.4098,233.59,231.49,3890.08,0,0.0,1.4326,2.115864,0,0
3.4885,0.1381,0.1352,1,0.4195,204.0,133.26,2244.59,10,0.2251,0.8996,0.177226,1,1
12.8035,0.2243,0.0403,7,0.7977,256.48,273.38,2835.0,0,0.0,2.8086,4.015073,2,0
14.3495,0.2715,0.119,3,0.1,99.41,251.68,4733.36,0,0.0,1.9362,13.021674,6,0
1000.0,16.6593,0.4595,1,0.935,130.68,22.52,81.69,217,0.8519,0.264,0.015228,173,1
23.3529,0.4371,0.1076,7,0.2843,138.54,184.49,1377.53,0,0.0,2.4929,4.74175,6,0
15.5411,0.268,0.0724,4,0.2607,332.01,243.41,1481.77,1,0.0159,2.2205,14.247736,5,0
1000.0,30.0,0.9082,1,0.9474,123.85,8.77,139.51,221,0.9181,0.1618,0.019891,247,1
12.6005,0.2182,0.373,3,0.9377,306.38,148.34,430.52,10,0.6537,0.9358,0.653244,14,1
12.6445,0.2387,0.0666,7,0.1807,117.22,63.94,2616.77,0,0.0,2.6565,2.805559,0,0
1000.0,30.0,0.1948,1,0.7,59.78,6.57,3185.23,0,0.0,0.1228,0.042767,71,1
15.1967,0.1734,0.0888,6,0.2364,291.03,69.59,1379.02,1,0.152,2.8953,2.621012,1,0
15.6249,0.1897,0.063,3,0.2278,85.03,290.26,2093.76,2,0.2486,2.6604,1.378266,4,0
8.8048,0.1012,0.0443,6,0.1,126.63,244.66,2201.75,0,0.0,2.1164,7.758152,1,0
20.8811,0.3065,0.0554,7,0.4416,334.61,129.24,2342.57,0,0.0,3.2368,2.901657,2,0
620.2037,10.2989,0.5431,1,0.8925,47.82,43.49,90.58,371,0.5239,0.1343,0.003648,244,1
750.7692,12.3542,0.3,1,0.8404,115.09,21.33,6451.88,0,0.0,0.9168,0.025964,80,1
11.9314,0.128,0.0048,4,0.1801,184.56,235.36,2797.61,1,0.2086,1.2592,8.491819,0,0
23.127,0.4057,0.04,6,0.1,337.1,190.27,2617.75,1,0.1604,2.4696,11.526226,2,0
29.102,0.4829,0.108,3,0.1309,375.89,85.38,3892.24,0,0.0,2.5421,5.148443,4,0
6.6257,0.0813,0.0938,5,0.3897,107.91,231.49,2858.5,0,0.0,2.4729,13.336601,1,0
8.8345,0.0697,0.1121,3,0.3819,188.46,295.03,3202.13,0,0.0,1.7858,6.902021,6,0
7.9388,0.0986,0.1065,7,0.1,285.65,198.05,4201.82,1,0.0411,1.942,1.816204,2,0
592.8101,10.3293,0.5107,2,0.888,175.57,29.43,93.46,207,0.725,0.2291,0.009742,151,1
44.6103,0.7564,0.0379,6,0.5005,207.4,31.96,4144.95,0,0.0,3.4485,7.425397,0,0
343.3743,5.7267,0.5235,1,0.9596,142.68,30.83,278.6,379,0.6121,0.3908,0.00249,93,1
1000.0,17.2452,0.05,1,0.9239,91.51,20.87,6595.44,0,0.0,0.0195,0.008975,18,1
1000.0,30.0,0.3,1,0.7,49.03,10.02,6815.48,0,0.0,0.2808,0.000109,150,1
20.722,0.5394,0.1024,2,0.8149,142.29,72.9,1103.46,10,0.5432,0.97,0.087041,3,1
0.0,0.0355,0.0979,5,0.1087,275.51,281.32,854.14,1,0.0211,2.3152,7.21917,0,0
6.4647,0.0902,0.0993,4,0.4087,128.94,196.14,3769.73,0,0.0,2.2814,10.694939,1,0
12.8409,0.1753,0.1076,7,0.5989,153.25,82.01,4286.8,0,0.0,2.2538,14.792557,2,0
6.8915,0.107,0.0107,7,0.487,375.8,242.82,2258.23,0,0.0,2.6523,14.368606,0,0
18.2287,0.3797,0.1242,5,0.6961,209.89,196.82,4262.51,1,0.1052,3.4905,12.704291,7,0
2.4968,0.0476,0.0811,7,0.5207,162.0,205.38,2358.41,0,0.0,3.0362,3.548051,0,0
22.1784,0.3185,0.1251,6,0.1,312.16,174.75,831.35,1,0.0932,3.4305,14.710135,7,0
1000.0,30.0,0.8206,1,0.8206,60.18,7.57,88.85,269,0.5416,0.3305,0.019026,198,1
324.4328,5.3713,0.3796,2,0.9706,87.31,43.75,200.81,384,0.6583,0.1555,0.014053,87,1
8.5962,0.2002,0.1257,4,0.1852,110.27,243.57,935.83,0,0.0,2.9631,6.69793,4,0
1000.0,30.0,0.0977,2,0.8388,50.37,16.8,4840.09,0,0.0,0.9997,0.022783,77,1
537.7809,8.842,0.5733,2,0.893,183.72,52.01,228.79,222,0.8834,0.2983,0.007719,266,1
9.2389,0.1918,0.1022,6,0.1072,184.78,183.18,3757.42,1,0.0037,2.9203,5.119165,3,0
13.6526,0.0923,0.0031,3,0.2338,122.53,262.43,1750.65,1,0.1205,2.6204,9.403632,0,0
285.0309,4.9822,0.7053,1,0.8967,192.7,52.29,179.97,376,0.8149,0.2745,0.010051,181,1
22.1303,0.3324,0.0641,4,0.353,92.4,70.95,1531.63,1,0.1948,3.1871,8.369504,1,0
5.1347,0.091,0.1851,3,0.2804,339.1,149.64,1811.4,1,0.0197,1.9302,5.45108,2,0
4.0253,0.1648,0.0289,5,0.1207,381.18,161.86,1544.49,0,0.0,2.6844,1.108617,0,0
18.2615,0.3025,0.0856,6,0.3383,318.64,136.44,2723.45,1,0.0878,1.4585,6.204497,3,0
0.0,0.1653,0.1237,5,0.1873,89.19,259.59,1378.92,1,0.1209,2.7054,6.10482,1,0
1000.0,22.8858,0.05,3,0.75,107.33,22.02,3435.23,0,0.0,0.8211,0.002166,25,1
1000.0,29.0694,0.6269,2,0.9236,161.65,13.31,175.86,200,0.8707,0.4647,0.004289,242,1
23.3537,0.4273,0.0347,7,0.1,380.72,104.3,4532.57,0,0.0,2.1928,11.415239,1,0
11.8234,0.2707,0.0385,7,0.1224,234.41,248.81,1678.59,1,0.1055,3.4492,13.287419,1,0
6.4188,0.2421,0.1673,3,0.4134,267.89,88.73,493.41,0,0.0,1.4625,0.383098,3,1
20.8593,0.3624,0.2554,7,0.1,225.29,208.88,3120.26,0,0.0,2.8148,1.92283,17,0
17.8347,0.352,0.0483,4,0.1379,167.45,123.68,540.89,1,0.0728,3.5532,2.522028,1,0
8.5649,0.1144,0.0314,6,0.1,350.8,237.63,2241.32,1,0.0706,2.9798,1.51917,0,0
21.1596,0.398,0.0319,5,0.2482,218.65,192.1,2160.8,1,0.0126,3.2799,12.349496,2,0
1000.0,30.0,0.1479,1,0.7,95.75,4.29,7880.94,0,0.0,0.6857,0.027946,59,1
15.4179,0.2682,0.0634,6,0.1878,120.03,218.21,776.78,0,0.0,1.9161,5.389947,3,0
8.5772,0.0816,0.0392,7,0.2166,110.3,274.15,2525.26,0,0.0,3.1099,1.711111,1,0
17.9369,0.2417,0.1488,6,0.2635,228.99,255.71,1977.23,0,0.0,2.0087,10.097413,11,0
44.8581,0.7372,0.003,5,0.1,290.32,77.86,3377.58,1,0.5,2.3015,7.937183,0,0
17.5485,0.2401,0.0634,6,0.5392,168.96,176.28,4009.99,1,0.0029,2.9917,13.222655,2,0
23.946,0.3911,0.0038,3,0.1892,276.05,79.69,2759.0,1,0.2505,2.2409,3.233712,0,0
13.8903,0.2198,0.0932,4,0.2468,393.63,164.09,3980.38,0,0.0,1.7495,14.788842,4,0
19.9854,0.3955,0.0905,4,0.2385,215.67,157.22,1280.91,1,0.2984,1.8974,10.973524,4,0
24.8274,0.5387,0.1081,3,0.176,260.2,141.96,2441.07,0,0.0,2.3361,7.457019,8,0
1000.0,23.8156,0.2285,2,0.8659,92.64,12.6,6940.25,0,0.0,0.2781,0.045414,68,1
38.6511,0.6319,0.0379,6,0.4962,291.47,73.23,1115.29,1,0.0074,3.5642,11.727224,1,0
1000.0,30.0,0.285,1,0.7179,134.7,22.79,5751.24,0,0.0,0.4686,0.04052,206,1
1000.0,18.1829,0.3,1,0.9618,154.05,9.41,2598.63,0,0.0,1.028,0.013188,51,1
255.6157,4.343,0.3655,1,0.9668,141.59,28.61,297.87,320,0.9175,0.3109,0.008632,44,1
19.448,0.3279,0.0221,4,0.1,220.89,216.66,3308.66,0,0.0,1.8449,12.308003,1,0
71.1608,1.2168,0.0462,3,0.1436,390.12,63.21,623.72,0,0.0,2.4562,3.725571,3,0
1000.0,30.0,0.2468,3,0.7,110.07,6.9,4709.86,0,0.0,0.5579,0.037964,86,1
30.2714,0.5471,0.0123,3,0.1566,205.12,93.54,917.8,0,0.0,2.3584,8.278228,0,0
956.074,15.985,0.5914,1,0.8954,42.42,15.63,126.58,368,0.6293,0.6271,0.006081,146,1
901.7719,15.0343,0.6366,1,0.9575,196.1,31.02,260.8,288,0.5578,0.1382,0.011524,297,1
51.4143,0.8782,0.1107,7,0.1285,262.57,41.89,4342.96,0,0.0,3.7576,13.365025,4,0
5.6766,0.1519,0.2331,4,0.1836,89.69,279.27,4015.8,0,0.0,2.9688,11.694175,6,0
21.9002,0.4452,0.0962,5,0.1,141.72,172.52,3294.03,1,0.0049,1.8661,4.273292,6,0
9.9007,0.1146,0.2365,5,0.4554,266.16,266.93,2617.79,0,0.0,3.5814,1.298527,13,0
1000.0,30.0,0.3,1,0.937,108.19,3.9,7241.21,0,0.0,0.2506,0.037089,41,1
763.7034,12.6885,0.6604,1,0.9825,167.65,39.08,148.97,286,0.9206,0.3834,0.012004,328,1
40.9861,0.7109,0.0281,7,0.6024,281.69,49.23,658.1,0,0.0,3.0705,10.854299,0,0
858.6019,14.589,0.6669,1,0.9908,132.54,19.77,134.7,184,0.8781,0.3139,0.012848,190,1
22.8884,0.3561,0.0186,5,0.2855,399.98,193.71,3689.8,0,0.0,1.7351,10.437836,1,0
0.0,0.2211,0.351,2,0.5692,313.52,128.32,2851.45,0,0.0,0.4483,0.616373,8,1
20.5674,0.3366,0.2225,7,0.1392,109.77,65.67,2364.83,0,0.0,2.3016,3.493596,4,0
40.2823,0.6587,0.132,3,0.5907,85.8,64.63,3116.79,1,0.1706,1.5139,13.380495,5,0
29.2966,0.4292,0.1413,4,0.1055,361.79,116.45,4870.49,0,0.0,3.2609,8.705015,7,0
10.4304,0.2077,0.0985,3,0.1,200.04,260.53,735.62,2,0.0836,3.126,10.663147,4,0
526.5724,8.6045,0.6035,1,0.9999,140.59,37.72,134.75,245,0.8705,0.2227,0.012698,199,1
694.6449,11.6008,0.4857,1,0.9801,188.35,42.9,76.37,71,0.6013,0.3662,0.003304,241,1
245.839,3.9583,0.4093,1,0.9165,158.98,46.89,50.33,69,0.8789,0.1425,0.016299,79,1
21.8965,0.3316,0.0632,4,0.3609,190.34,171.85,2585.41,0,0.0,2.1947,2.363308,3,0
46.502,0.6401,0.039,4,0.7166,130.01,107.87,3084.23,0,0.0,3.3729,6.528145,2,0
8.7604,0.143,0.0908,4,0.1774,117.81,170.21,1785.69,0,0.0,2.638,7.185452,1,0
37.8063,0.6498,0.0529,6,0.4023,251.13,103.37,4483.53,0,0.0,2.0153,11.775817,3,0
18.0427,0.3712,0.0425,4,0.1612,291.18,71.4,2825.57,0,0.0,3.3468,1.456942,0,0
27.7819,0.4512,0.1047,7,0.3088,271.11,158.48,1016.19,0,0.0,2.9567,12.51452,7,0
6.8791,0.1895,0.1657,7,0.5719,286.9,158.18,1518.18,1,0.0038,2.5408,9.039656,3,0
10.9902,0.0885,0.2901,3,0.528,329.49,268.37,3862.51,0,0.0,2.203,12.6487,12,0
17.4171,0.1427,0.0597,4,0.7578,72.47,203.27,3237.44,0,0.0,2.746,5.940058,3,0
32.3767,0.6057,0.0203,4,0.15,364.31,73.44,3908.97,1,0.0107,2.5783,13.015442,0,0
1000.0,26.7408,0.7116,1,0.9409,99.15,13.14,271.12,259,0.9159,0.4198,0.017714,250,1
30.2297,0.5028,0.0969,6,0.4207,369.44,96.03,3585.93,0,0.0,1.6328,12.336904,4,0
5.3216,0.2198,0.0064,6,0.1,194.13,252.28,3254.83,0,0.0,3.2179,3.010921,0,0
602.6821,9.8265,0.6649,1,0.9589,164.24,43.03,211.45,195,0.9599,0.2431,0.008835,285,1
19.4091,0.1923,0.3775,3,0.4583,108.67,100.06,1002.18,0,0.0,1.2632,0.291343,5,1
1000.0,22.7655,0.2191,3,0.823,140.13,8.85,1119.63,0,0.0,0.1798,0.015247,43,1
1000.0,30.0,0.1053,2,0.7401,107.21,17.73,1056.21,0,0.0,0.7844,0.017592,80,1
18.6682,0.3471,0.0505,5,0.3558,228.72,229.12,4046.27,0,0.0,2.3542,4.263088,3,0
1000.0,19.9627,0.0875,1,0.8808,84.83,24.79,4650.43,0,0.0,0.4922,0.049371,43,1
14.1886,0.2608,0.072,7,0.3769,159.24,258.83,4479.35,0,0.0,3.1343,7.312719,5,0
22.6197,0.3439,0.1153,4,0.1,340.12,58.43,1364.74,0,0.0,2.0384,4.080275,2,0
396.7255,6.3712,0.8862,2,0.8,131.67,51.29,56.94,242,0.7038,0.1894,0.018402,299,1
27.1907,0.4394,0.1708,3,0.138,347.43,123.82,2432.04,0,0.0,3.3324,6.768361,8,0
8.3375,0.1354,0.0984,6,0.6881,191.79,51.72,3832.2,0,0.0,2.7128,4.746603,0,0
1000.0,23.5782,0.8379,1,0.9944,116.38,13.91,221.3,80,0.748,0.0,0.001323,273,1
12.2738,0.1413,0.0197,6,0.4522,295.72,97.51,2772.26,0,0.0,1.9863,14.613419,0,0
14.0657,0.1909,0.0024,5,0.1,79.23,159.06,2442.19,0,0.0,2.3341,5.277023,0,0
38.4792,0.585,0.091,3,0.2329,397.48,74.24,3515.91,1,0.2897,1.7343,12.252731,4,0
8.8919,0.1749,0.1027,3,0.5029,273.19,279.44,986.67,1,0.2304,2.4264,4.661503,5,0
21.2243,0.3743,0.013,3,0.6056,339.09,166.95,4932.48,0,0.0,1.5676,7.740412,0,0
8.598,0.1121,0.0526,3,0.615,177.8,237.9,1103.37,0,0.0,3.3975,8.46738,1,0
1000.0,25.3307,0.1509,2,0.8935,54.64,23.8,4858.31,0,0.0,0.7386,0.001023,90,1
14.8474,0.1571,0.2275,2,0.4773,265.02,158.07,2782.04,0,0.0,1.1219,0.703891,5,1
16.2825,0.3378,0.0126,4,0.5041,163.97,222.33,2672.06,2,0.3964,2.2245,13.044838,0,0
1000.0,20.5612,0.4971,1,0.8537,156.43,20.51,143.72,348,0.8578,0.1701,0.019176,210,1
12.6119,0.2147,0.1248,3,0.2063,301.32,291.21,1071.62,1,0.1024,2.3616,8.257059,7,0
42.3912,0.7404,0.125,6,0.386,433.86,113.12,4146.94,1,0.0426,1.8703,5.244142,9,0
19.3298,0.3473,0.0228,7,0.1812,379.56,218.18,3778.24,0,0.0,1.7142,7.454128,1,0
474.8482,8.0922,0.5873,1,0.9315,149.25,27.46,201.3,73,0.7734,0.2494,0.019476,129,1
25.4746,0.4173,0.0974,5,0.6744,249.71,118.97,1635.35,0,0.0,3.3765,12.052648,4,0
15.9315,0.296,0.0389,6,0.225,332.45,57.77,1518.23,1,0.0214,1.5627,2.399119,0,0
8.0077,0.1213,0.1082,6,0.3826,169.08,142.04,1701.45,0,0.0,3.0112,9.463531,1,0
1000.0,30.0,0.05,1,0.9648,46.55,15.27,7128.74,0,0.0,1.0621,0.014918,32,1
11.3331,0.1263,0.0918,4,0.3071,283.84,274.27,1387.1,1,0.056,3.395,3.677695,4,0
1000.0,30.0,0.05,3,0.8786,41.14,9.34,5018.55,0,0.0,0.2129,0.038407,21,1
13.3747,0.2737,0.0398,6,0.3521,86.52,50.22,4253.74,0,0.0,1.5727,6.849548,0,0
1000.0,30.0,0.2293,2,0.9811,60.9,20.84,5523.98,0,0.0,0.8392,0.022421,164,1
1000.0,24.7046,0.1937,1,0.8259,130.92,22.55,4802.4,0,0.0,1.0918,0.034203,108,1
20.0844,0.343,0.1935,6,0.2374,121.39,241.19,2894.16,0,0.0,2.74,4.728971,14,0
14.3854,0.12,0.239,4,0.3524,316.64,88.74,4216.09,0,0.0,2.342,8.301896,4,0
62.5171,1.034,0.0599,3,0.1225,254.21,71.87,3494.93,0,0.0,2.8597,11.124551,4,0
10.5498,0.1523,0.0689,6,0.3413,385.41,157.07,3997.03,0,0.0,2.4657,8.356129,1,0
10.3529,0.1889,0.1354,7,0.3492,260.19,35.75,4804.63,0,0.0,2.7101,7.891859,0,0
12.4602,0.209,0.043,4,0.4512,119.05,98.22,2762.19,0,0.0,3.0534,13.739479,0,0
1000.0,30.0,0.1446,1,0.7499,73.15,3.46,5109.06,0,0.0,0.8596,0.003971,31,1
22.2615,0.4532,0.0725,4,0.1389,220.29,118.81,1294.35,0,0.0,3.0577,1.250503,3,0
14.8485,0.2032,0.0651,5,0.1662,271.34,243.07,3327.26,1,0.0766,1.7323,14.290815,2,0
1000.0,22.1431,0.5784,2,0.9711,180.6,16.56,262.66,55,0.9214,0.4614,0.014196,212,1
261.6396,4.4658,0.807,2,0.9879,171.55,57.58,112.33,330,0.9453,0.3762,0.013319,206,1
29.7477,0.4581,0.0513,6,0.3264,113.97,153.09,1099.52,0,0.0,3.189,4.782967,3,0
75.2227,1.1146,0.0771,6,0.2793,221.72,56.16,1620.7,0,0.0,2.1812,14.352984,5,0
715.9255,11.8652,0.8502,1,0.9962,158.3,13.21,118.57,210,0.7823,0.2228,0.005634,134,1
5.3259,0.0982,0.128,5,0.3575,312.36,220.58,3626.41,0,0.0,2.1509,2.900574,2,0
2.6256,0.1344,0.0602,5,0.4627,341.62,247.49,1911.47,0,0.0,2.4864,11.701279,0,0
5.1671,0.1133,0.237,1,0.7722,221.93,94.86,2374.98,0,0.0,0.7055,0.62068,4,1
40.8336,0.7596,0.3276,6,0.1,268.15,86.21,4462.77,0,0.0,2.5533,4.793676,18,0
8.0062,0.1973,0.0238,4,0.5069,345.7,154.89,4642.63,0,0.0,1.47,7.88688,0,0
2.023,0.0,0.3334,6,0.5081,137.55,286.88,4531.48,0,0.0,3.1344,8.407502,5,0
381.7841,6.489,0.4817,1,0.9428,164.95,54.91,279.0,236,0.5027,0.0014,0.007792,169,1
11.7349,0.1716,0.093,7,0.3058,171.98,163.88,3456.7,0,0.0,2.9498,6.074243,3,0
26.1521,0.478,0.0414,4,0.1523,311.62,114.7,3204.25,1,0.0713,1.6867,7.301091,2,0
2.8394,0.0074,0.0087,3,0.4313,146.56,165.83,1947.59,0,0.0,3.1483,14.010106,0,0
7.6574,0.1832,0.0688,3,0.5594,205.35,118.47,2809.05,1,0.2396,2.505,8.349286,1,0
5.467,0.1104,0.0945,4,0.4746,361.31,151.23,4147.08,1,0.0497,3.3605,0.754583,1,0
55.7222,0.942,0.0555,6,0.1168,138.32,65.34,2338.83,1,0.12,3.1937,13.283834,3,0
10.6068,0.166,0.1047,4,0.3426,275.88,133.22,2352.87,0,0.0,3.2259,4.310613,3,0
20.8108,0.3216,0.0096,7,0.5164,343.44,141.58,1161.22,0,0.0,3.2249,13.713968,0,0
135.4657,2.2576,0.8261,1,0.9239,58.83,59.5,185.75,331,0.8339,0.0,0.006011,114,1
18.402,0.2824,0.0315,3,0.1315,374.67,186.12,3318.69,2,0.0054,2.2041,2.807023,1,0
11.1461,0.1696,0.0673,5,0.218,350.56,59.15,1982.2,0,0.0,3.235,6.898478,0,0
1000.0,18.3667,0.6009,1,0.9742,177.31,16.17,76.59,69,0.8246,0.4149,0.018373,178,1
117.6123,1.9562,0.1552,3,0.5334,330.58,37.39,1271.62,0,0.0,2.1267,4.655109,11,0
1000.0,17.815,0.1228,1,0.7112,152.24,19.85,1243.41,0,0.0,0.4627,0.03313,43,1
4.8603,0.111,0.2562,4,0.2119,136.06,255.31,3355.94,0,0.0,3.2422,10.697635,3,0
1000.0,30.0,0.5357,1,0.8908,74.37,8.26,182.62,135,0.6698,0.2034,0.009297,139,1
8.2657,0.1148,0.1767,5,0.3006,115.5,274.65,1047.08,1,0.2032,2.8538,2.367292,7,0
61.3161,1.0067,0.0232,6,0.1,166.24,35.71,3752.08,0,0.0,3.4479,2.336238,0,0
11.4295,0.1879,0.1488,3,0.5527,246.06,232.85,1481.96,0,0.0,1.4156,13.009731,5,0
74.6167,1.1948,0.0981,7,0.3277,168.44,61.34,2287.95,0,0.0,1.5624,7.758826,7,0
1000.0,30.0,0.3,2,0.8431,53.79,15.83,2340.84,0,0.0,0.3494,0.002047,181,1
12.483,0.1758,0.0847,3,0.2127,273.92,164.25,4455.28,0,0.0,3.1773,9.17667,2,0
1000.0,30.0,0.2205,1,0.8325,84.56,19.02,7889.0,0,0.0,0.5828,0.03339,147,1
7.4955,0.1538,0.0448,6,0.1736,137.57,295.67,4408.8,1,0.1163,3.3101,9.580195,1,0
1000.0,30.0,0.3,1,0.9726,98.66,12.98,4709.2,0,0.0,0.8299,0.017153,180,1
732.7384,12.1334,0.6445,1,0.8,214.26,39.61,285.75,311,0.8334,0.4443,0.004594,311,1
1000.0,30.0,0.3,2,0.8336,116.9,21.19,6137.44,0,0.0,0.5427,0.006083,219,1
19.2325,0.2814,0.0584,3,0.2847,149.98,237.02,1266.21,0,0.0,2.4933,13.176215,3,0
16.1318,0.2479,0.0726,4,0.4168,352.3,223.96,2985.29,0,0.0,1.746,2.576211,4,0
20.9121,0.3607,0.0116,4,0.1001,260.12,157.6,2772.82,1,0.1178,3.0907,7.623435,0,0
19.955,0.3385,0.0141,7,0.4606,232.05,246.82,4743.99,0,0.0,3.4905,12.170454,1,0
21.7501,0.3337,0.1488,3,0.6175,102.62,123.84,2383.77,2,0.0246,3.4918,6.104978,6,0
17.0582,0.297,0.0973,3,0.4079,364.15,195.59,3930.43,0,0.0,3.1413,13.510599,6,0
58.6422,0.9289,0.1003,5,0.2809,220.4,67.68,1045.64,0,0.0,2.0678,6.07428,6,0
8.5283,0.0684,0.3691,4,0.2045,306.11,210.57,3320.51,1,0.032,1.6051,7.114636,4,0
8.0658,0.0,0.1748,1,0.7917,256.7,184.49,880.54,1,0.6759,0.8734,0.735001,3,1
18.7494,0.4066,0.1146,3,0.2095,351.91,254.27,1407.32,0,0.0,1.7633,12.311333,8,0
75.2742,1.2585,0.1796,5,0.2791,350.18,57.82,3861.89,0,0.0,2.4253,1.019235,12,0
344.9715,5.7657,0.6059,1,0.9146,148.57,29.7,241.01,184,0.6608,0.0,0.005652,102,1
268.8605,4.5317,0.6842,1,0.9283,161.17,21.9,260.93,395,0.7539,0.1582,0.006662,69,1
1000.0,20.253,0.194,1,0.7244,132.23,23.1,4812.89,0,0.0,0.3099,0.036022,90,1
14.1451,0.1436,0.0069,5,0.2329,352.67,202.42,4245.55,1,0.2742,2.0111,4.886288,0,0
9.7891,0.1279,0.2047,5,0.2028,386.89,214.63,4732.44,0,0.0,2.5534,12.346826,5,0
19.7712,0.3136,0.1014,6,0.265,157.44,82.31,2957.44,0,0.0,2.241,5.113541,2,0
15.4408,0.242,0.0577,7,0.2701,254.82,241.29,4435.59,1,0.1283,1.8213,8.441889,3,0
12.3209,0.1053,0.1189,3,0.1,145.9,181.36,2409.89,0,0.0,2.0019,9.452828,3,0
181.9939,3.129,0.8939,1,0.9748,81.26,52.19,171.54,329,0.7945,0.0123,0.017795,140,1
1000.0,30.0,0.3,1,0.8882,140.18,8.02,2419.24,0,0.0,0.0158,0.010909,120,1
797.1063,13.0498,0.5143,1,0.8508,176.09,35.2,190.65,244,0.8001,0.4725,0.017821,239,1
15.6802,0.3491,0.1,1,0.4,219.27,86.26,2435.77,5,0.39,0.3634,0.657169,2,1
32.358,0.5342,0.0549,6,0.3265,121.5,103.52,4602.16,1,0.1236,2.7109,2.300836,3,0
1000.0,24.5195,0.3495,1,0.8,195.49,19.64,247.56,83,0.8727,0.423,0.013973,169,1
18.9523,0.1776,0.0717,4,0.3264,213.36,288.71,2080.51,0,0.0,3.1077,2.132247,5,0
14.8439,0.3552,0.2495,4,0.2136,113.49,291.6,743.18,0,0.0,2.0789,9.67174,17,0
539.1272,9.2535,0.7632,1,0.9393,92.34,23.84,202.28,170,0.8018,0.2915,0.015902,167,1
420.0956,7.1052,0.8502,1,0.9059,77.55,30.32,243.71,363,0.8985,0.0,0.012717,181,1
29.9237,0.3438,0.1876,3,0.379,83.13,112.72,594.4,0,0.0,2.2359,8.733216,9,0
16.8552,0.2676,0.0395,6,0.2303,103.48,234.21,4907.39,0,0.0,3.3972,0.559844,2,0
18.0249,0.229,0.1,1,0.7529,283.17,81.72,1127.22,0,0.0,0.434,0.133005,1,1
21.454,0.3208,0.0754,5,0.3073,140.5,149.35,2262.84,0,0.0,3.0197,3.528049,3,0
18.1577,0.3419,0.0369,6,0.3567,271.98,187.49,3132.5,0,0.0,3.1188,11.674115,2,0
7.7466,0.0699,0.0067,3,0.1997,146.0,298.46,4110.85,0,0.0,2.0699,11.811184,0,0
9.1734,0.2056,0.1055,5,0.1195,224.35,107.02,3382.17,0,0.0,1.7679,2.229439,2,0
283.9001,4.7971,0.5972,1,0.8,102.47,57.3,295.08,102,0.808,0.1504,0.01443,163,1
7.1669,0.0505,0.0666,7,0.1,178.69,135.02,2310.13,0,0.0,2.579,2.27003,0,0
31.7993,0.4315,0.0226,6,0.3833,208.52,99.41,1534.14,1,0.0436,1.458,0.775217,1,0
27.6529,0.4584,0.0911,3,0.2826,350.53,65.83,2380.86,2,0.1837,2.8663,6.771582,2,0
19.9507,0.3809,0.0169,4,0.4622,78.57,210.24,3980.57,0,0.0,2.5681,8.80508,1,0
1.1252,0.07,0.0671,3,0.5648,162.65,143.73,4239.39,1,0.003,3.1459,13.91106,0,0
2.4498,0.0351,0.0102,5,0.2849,204.58,190.55,4095.23,1,0.0309,2.6599,2.795616,0,0
462.9843,7.7209,0.7666,1,0.8735,118.24,58.87,169.1,136,0.6398,0.2821,0.019695,352,1
7.7562,0.077,0.0332,6,0.5318,49.72,149.52,2284.91,0,0.0,2.8093,1.420829,0,0
16.5377,0.2632,0.0839,4,0.1098,87.36,247.99,1962.57,0,0.0,3.4082,14.190433,5,0
37.3908,0.7026,0.0347,7,0.413,328.35,47.65,4990.7,0,0.0,2.9453,6.327998,0,0
11.1175,0.1766,0.0402,5,0.3056,242.94,263.16,1450.27,0,0.0,1.9314,3.765214,2,0
20.8454,0.3421,0.1338,7,0.3804,217.87,128.3,4817.44,0,0.0,2.143,9.217516,5,0
1000.0,30.0,0.1547,2,0.9072,61.08,3.81,3779.44,0,0.0,0.8617,0.002042,32,1
8.9345,0.1351,0.3629,6,0.1696,171.02,35.08,3939.4,1,0.2769,2.2962,1.846619,1,0
47.2571,0.7483,0.0223,3,0.1389,227.86,61.41,515.71,1,0.003,2.6409,6.422671,1,0
1000.0,30.0,0.1738,2,0.9679,81.67,4.19,6317.48,0,0.0,0.6476,0.046437,125,1
9.3319,0.0995,0.2868,5,0.5498,341.09,134.75,2992.74,0,0.0,2.1676,4.821617,4,0
1000.0,24.2176,0.05,3,0.7,80.22,14.02,3076.22,0,0.0,0.8013,0.01962,16,1
6.0102,0.1135,0.1149,4,0.1,395.38,241.38,1397.49,1,0.0349,2.5666,13.035366,3,0
41.1937,0.7916,0.1436,5,0.1,203.58,83.69,507.16,1,0.094,2.1623,12.620999,8,0
40.7366,0.6545,0.2011,3,0.2179,198.76,60.72,2592.9,0,0.0,3.7206,9.840582,8,0
5.7913,0.0095,0.0306,6,0.2766,248.73,252.43,4648.44,1,0.1121,1.8314,12.940167,0,0
60.7087,1.0257,0.1835,5,0.2669,183.96,54.83,798.6,1,0.4661,2.8668,1.453676,10,0
19.8189,0.2573,0.0719,7,0.3735,420.9,226.41,3476.78,2,0.0358,3.0217,10.073803,5,0
38.1268,0.5635,0.0393,7,0.4318,199.53,127.11,946.08,1,0.0815,2.6913,8.429161,3,0
61.335,0.9442,0.0573,3,0.1,212.35,67.26,2171.03,0,0.0,1.4913,2.402566,3,0
40.3826,0.6445,0.1261,3,0.1,289.85,54.16,1560.57,1,0.2835,2.0939,10.655044,4,0
643.5418,10.6732,0.6567,1,0.9298,195.0,17.1,140.27,62,0.8604,0.5549,0.01728,120,1
7.473,0.1075,0.0617,6,0.3065,175.17,269.97,2723.69,1,0.1426,1.8702,14.378775,2,0
28.5609,0.307,0.149,4,0.1,409.62,136.84,3982.11,0,0.0,2.6087,8.324892,9,0
6.3997,0.0724,0.1,3,0.6764,254.46,172.51,745.67,0,0.0,1.3357,0.709232,1,1
6.3325,0.1123,0.0033,3,0.2498,155.44,155.21,1351.57,1,0.0479,2.6336,3.351953,0,0
6.5122,0.1058,0.1049,7,0.6632,106.37,286.37,1944.53,1,0.0649,2.2131,6.26173,2,0
25.5689,0.4901,0.0984,4,0.3295,276.79,118.6,2250.44,0,0.0,2.7526,11.75495,5,0
38.0805,0.6154,0.1392,3,0.2136,137.3,34.59,2329.82,1,0.0288,2.5408,10.150671,3,0
254.0753,4.4138,0.4131,1,0.8,123.61,47.11,132.93,182,0.854,0.2673,0.018153,85,1
47.8411,0.6555,0.0837,3,0.1659,425.03,83.24,1860.37,1,0.0312,1.9318,14.442899,5,0
3.8991,0.0718,0.1183,5,0.5891,354.62,267.06,2748.1,0,0.0,3.1488,4.700185,3,0
73.5509,1.2343,0.0388,3,0.3027,333.67,43.73,3328.68,1,0.0723,1.4272,4.145939,2,0
45.0401,0.7661,0.0135,6,0.1618,289.63,93.02,3459.74,0,0.0,1.3711,14.001473,0,0
1000.0,30.0,0.3935,1,0.9478,142.32,6.33,193.45,59,0.8083,0.5432,0.009252,177,1
5.2539,0.1037,0.2076,7,0.1076,180.99,159.84,1336.19,1,0.1321,3.1295,6.343361,3,0
510.3462,8.596,0.3432,2,0.9378,160.86,12.76,121.02,70,0.9008,0.3409,0.009151,37,1
3.4803,0.0,0.0127,6,0.5829,330.52,220.04,3398.67,0,0.0,1.9318,14.373597,0,0
1000.0,30.0,0.2513,1,0.7871,46.73,6.35,3183.28,0,0.0,0.3524,0.000449,82,1
2.4515,0.0306,0.0706,3,0.2947,292.96,291.93,1201.33,0,0.0,3.3343,3.534938,0,0
12.2257,0.2268,0.1185,5,0.337,355.72,152.1,3157.32,1,0.0469,3.5074,7.76803,2,0
1.5671,0.0087,0.0712,5,0.3523,246.13,84.26,2119.55,1,0.3724,2.6455,6.718172,0,0
30.6471,0.5229,0.0333,7,0.4862,121.42,132.78,2234.51,1,0.0383,1.5168,11.315253,2,0
266.2188,4.1616,0.7007,1,0.8872,111.52,40.88,163.3,137,0.8538,0.388,0.01314,126,1
4.2331,0.0,0.061,6,0.1016,406.81,265.38,4886.57,1,0.0243,1.7738,0.944461,1,0
25.5163,0.4691,0.0328,7,0.14,377.25,136.23,4023.92,0,0.0,3.2585,1.965927,1,0
2.3072,0.064,0.0052,4,0.7721,153.97,286.21,1891.97,1,0.0157,2.7398,7.158942,0,0
10.0862,0.2234,0.0831,7,0.2897,75.21,284.8,4533.91,1,0.0502,1.8964,13.799724,4,0
42.0732,0.8018,0.1782,3,0.5136,303.9,81.54,2717.77,0,0.0,2.7583,1.412029,10,0
25.1444,0.4173,0.0453,4,0.1104,224.48,118.59,4990.7,1,0.1186,1.2973,14.267668,2,0
1000.0,30.0,0.1742,2,0.853,124.73,15.84,6248.15,0,0.0,0.5772,0.020934,107,1
12.0751,0.0621,0.0082,7,0.1,117.51,255.89,4421.98,0,0.0,2.0057,2.504561,0,0
1000.0,30.0,0.3034,2,0.8793,79.36,9.73,204.52,86,0.8981,0.3334,0.001998,106,1
6.2479,0.1423,0.0782,7,0.1,352.98,84.89,814.17,0,0.0,2.0653,4.029962,0,0
433.4266,7.2955,0.6121,1,0.929,129.07,35.02,243.59,389,0.8557,0.3477,0.002164,155,1
1000.0,30.0,0.3,1,0.7947,37.13,16.05,6244.38,0,0.0,0.2535,0.011096,188,1
18.7462,0.2117,0.0578,3,0.1,113.48,211.64,1095.53,1,0.0884,3.1516,7.358912,3,0
596.6548,9.7289,0.6155,2,0.9749,55.75,43.57,234.31,341,0.8719,0.1325,0.018173,264,1
278.0386,4.7119,0.7512,1,0.9659,129.82,55.64,219.89,159,0.8572,0.2426,0.015097,195,1
6.9379,0.1259,0.1763,5,0.1401,400.78,148.2,4132.68,0,0.0,1.9658,14.035099,3,0
13.8815,0.2351,0.2673,4,0.1,336.65,262.13,2150.91,0,0.0,3.2761,14.836373,14,0
16.9635,0.2098,0.0246,6,0.3154,364.26,202.07,3418.0,1,0.1185,2.2728,8.339805,1,0
48.907,0.7744,0.0716,7,0.6003,387.43,72.05,1293.04,0,0.0,3.2029,12.132436,4,0
19.9933,0.3356,0.02,5,0.3043,125.57,167.09,700.75,0,0.0,1.8385,8.656902,1,0
7.2455,0.1204,0.2676,7,0.2255,209.29,298.46,4693.06,0,0.0,2.4302,2.958384,9,0
200.3965,3.3676,0.5836,1,0.8026,154.67,38.34,68.95,262,0.7647,0.4458,0.014964,75,1
141.9942,2.2544,0.4236,1,0.8,133.69,46.73,224.02,101,0.9352,0.0,0.008948,45,1
16.614,0.1914,0.2882,7,0.1548,93.62,226.91,557.67,0,0.0,2.5562,10.598817,14,0
25.5224,0.4292,0.0821,3,0.1323,205.1,99.31,2269.3,0,0.0,1.9606,12.177686,3,0
1000.0,27.5926,0.3,2,0.7196,55.12,12.9,1653.5,0,0.0,0.8197,0.039639,106,1
2.8864,0.0929,0.0257,3,0.4026,255.01,292.75,701.46,0,0.0,2.2291,8.469523,0,0
5.7995,0.0749,0.0067,4,0.1185,158.91,78.24,1769.55,0,0.0,3.1674,5.207559,0,0
127.3006,2.0148,0.0998,4,0.6122,269.05,36.37,2489.36,0,0.0,2.6415,13.240744,7,0
545.6155,8.8604,0.6538,1,0.9968,65.61,34.95,257.65,52,0.8908,0.2195,0.005747,203,1
875.9381,14.3413,0.7133,1,0.9019,178.88,34.2,277.4,240,0.9709,0.3294,0.010619,352,1
4.4389,0.0424,0.2642,4,0.1,178.95,290.13,2336.19,0,0.0,2.125,11.79868,8,0
44.5199,0.759,0.1559,3,0.2969,303.62,101.99,832.62,1,0.1763,3.4629,12.299609,12,0
14.7824,0.1661,0.0832,3,0.127,200.23,186.17,4498.24,1,0.2146,3.0259,14.332076,3,0
9.6106,0.0557,0.1,1,0.4834,303.5,107.4,1282.6,0,0.0,0.358,0.574081,2,1
1000.0,28.7173,0.131,1,0.857,50.7,5.95,7585.37,0,0.0,0.558,0.017801,22,1
964.313,16.2495,0.5793,1,0.9451,108.78,19.12,74.76,88,0.8869,0.4715,0.003101,180,1
482.3473,8.1196,0.3091,1,0.8034,156.29,47.73,155.85,323,0.6348,0.4195,0.014708,118,1
18.2678,0.4892,0.1,3,0.5804,138.72,91.66,1033.46,0,0.0,0.8341,0.276455,2,1
50.0132,0.7646,0.1144,7,0.6481,358.41,75.53,3721.33,1,0.0461,3.1445,8.000477,6,0
44.9418,0.6873,0.01,6,0.1484,163.34,103.22,2006.86,0,0.0,3.1662,13.570109,0,0
734.742,12.1974,0.7076,1,0.9752,182.54,19.33,133.59,58,0.5584,0.3364,0.01181,166,1
264.0308,4.4435,0.209,1,0.9384,146.72,27.57,5185.29,0,0.0,0.3768,0.00107,25,1
5.874,0.0723,0.061,7,0.3219,247.98,234.02,1354.61,1,0.0532,2.8092,10.857271,1,0
378.607,6.1676,0.2389,1,0.9565,57.71,19.56,2738.41,0,0.0,0.9234,0.02012,28,1
11.2979,0.2528,0.0845,5,0.4343,309.29,191.57,4024.89,1,0.0235,2.4564,8.075012,4,0
702.3132,11.7651,0.8344,1,0.92,92.51,34.68,211.08,181,0.7551,0.2602,0.001522,338,1
126.1977,2.0618,0.0205,3,0.2921,163.5,36.02,896.66,1,0.2932,2.5993,11.479032,1,0
759.4745,12.7082,0.5413,1,0.8289,132.6,21.41,168.78,208,0.9048,0.4496,0.0178,147,1
159.203,2.7249,0.6452,1,0.9714,201.99,49.49,267.38,53,0.932,0.2667,0.011551,80,1
1.3279,0.0092,0.1839,3,0.2906,138.3,284.65,2587.95,0,0.0,1.8293,5.851748,0,0
8.0761,0.1762,0.0202,7,0.2013,251.77,235.55,2239.02,0,0.0,2.7825,14.02774,0,0
17.1798,0.3434,0.0451,7,0.3465,209.88,236.18,1430.43,1,0.2908,2.8952,7.054369,3,0
316.9092,5.1702,0.6291,1,0.997,192.59,29.66,164.5,311,0.7487,0.4582,0.017727,97,1
1000.0,17.5317,0.3,2,0.8893,52.19,26.35,3545.67,0,0.0,0.4755,0.048657,138,1
1000.0,18.4579,0.05,1,0.7243,49.89,11.82,7892.53,0,0.0,0.4595,0.048589,10,1
1000.0,30.0,0.0699,1,0.912,64.29,8.32,4780.23,0,0.0,0.5719,0.016905,43,1
35.2699,0.5458,0.0555,5,0.6029,105.3,136.73,3285.15,0,0.0,2.3953,10.432934,4,0
358.9723,6.041,0.7869,1,0.9555,149.34,57.28,290.55,295,0.9556,0.1276,0.009775,269,1
74.3397,1.2864,0.0991,4,0.1973,367.0,53.58,800.7,1,0.1366,2.1719,5.854666,6,0
7.0866,0.125,0.4624,1,0.5962,192.13,138.38,2713.72,0,0.0,0.5821,0.752745,8,1
686.3687,11.3515,0.2118,2,0.8488,136.03,18.65,4677.93,0,0.0,0.4527,0.022276,45,1
1000.0,30.0,0.0504,3,0.7109,116.83,6.91,7675.85,0,0.0,0.7387,0.008958,37,1
9.1966,0.1774,0.1168,7,0.1,229.51,50.92,2474.85,0,0.0,1.8352,5.012964,1,0
37.6987,0.5469,0.211,3,0.137,238.97,134.55,4814.6,0,0.0,2.8587,1.129252,15,0
81.3958,1.2543,0.0153,4,0.1453,234.17,42.0,2191.51,0,0.0,3.0703,6.025142,0,0
12.4019,0.2982,0.0405,6,0.1569,103.38,227.12,1825.08,1,0.0674,2.3556,13.824718,2,0
15.4806,0.25,0.0192,7,0.4765,100.45,105.4,1532.79,1,0.0385,1.6959,3.434808,0,0
30.8205,0.4945,0.0807,3,0.3202,282.13,109.71,4496.72,0,0.0,3.145,2.000464,4,0
33.1447,0.4908,0.0885,5,0.6434,92.65,164.54,991.37,0,0.0,2.2788,13.140741,6,0
31.8672,0.5385,0.0639,6,0.4401,212.22,33.28,2450.86,0,0.0,2.8227,8.800748,1,0
68.6012,1.1957,0.1278,6,0.1,275.87,60.33,2183.94,0,0.0,1.6489,2.042056,9,0
5.5049,0.0569,0.1097,4,0.3821,131.14,98.27,4203.52,0,0.0,2.9629,6.375359,1,0
53.1139,0.9085,0.0889,4,0.3338,367.93,60.18,1000.25,0,0.0,2.4347,9.576862,4,0
1000.0,23.9222,0.5753,2,0.8629,173.66,18.82,195.96,55,0.7445,0.4285,0.017288,258,1
15.2094,0.2406,0.0856,3,0.7224,341.8,245.3,1469.58,0,0.0,3.0843,2.770886,5,0
7.8996,0.1679,0.1053,7,0.5065,202.7,251.81,715.91,0,0.0,1.9321,14.263995,4,0
37.6057,0.6981,0.0445,4,0.5627,163.08,61.88,3103.68,0,0.0,3.203,11.725881,1,0
12.3457,0.2847,0.0382,5,0.4105,102.71,130.78,2035.62,0,0.0,2.4336,8.912499,0,0
12.3053,0.2736,0.0559,5,0.2086,348.69,217.8,3754.85,0,0.0,2.1799,13.022462,2,0
34.1087,0.5004,0.0429,6,0.1767,295.71,97.09,1868.11,1,0.013,3.1086,8.081532,2,0
5.754,0.0425,0.0585,7,0.2423,108.15,169.56,999.46,0,0.0,1.9511,13.385148,0,0
206.0418,3.587,0.558,1,0.8509,166.92,52.82,183.37,211,0.5,0.3612,0.008166,104,1
1000.0,21.1431,0.2198,3,0.9001,110.76,28.71,1316.88,0,0.0,0.0371,0.017095,132,1
8.7833,0.0,0.1166,7,0.2999,291.24,264.12,2960.65,0,0.0,3.107,11.901954,3,0
31.1788,0.5479,0.0116,3,0.5699,181.86,129.1,1128.32,1,0.2329,2.8659,9.603896,0,0
11.5625,0.1383,0.0221,3,0.1198,275.14,210.76,3470.77,0,0.0,2.8441,6.131118,0,0
1000.0,30.0,0.05,1,0.7402,116.59,4.0,4534.42,0,0.0,0.7945,0.011434,23,1
1000.0,19.9132,0.5012,1,0.884,170.83,17.52,109.99,113,0.8464,0.0988,0.015863,173,1
41.581,0.7717,0.0581,3,0.1915,296.68,68.99,4101.8,0,0.0,2.0702,2.325307,3,0
64.2375,1.0476,0.0611,4,0.1303,127.74,37.43,4801.63,0,0.0,2.869,9.242672,2,0
21.9116,0.3628,0.0631,3,0.3131,200.98,139.39,3714.67,0,0.0,1.5375,5.983536,3,0
2.3821,0.0294,0.089,6,0.5602,325.77,173.11,3620.3,2,0.0914,3.1488,10.421032,0,0
5.05,0.0806,0.0322,5,0.282,165.83,182.7,4367.87,1,0.1877,2.2225,8.462758,0,0
14.7631,0.2238,0.0657,3,0.3839,281.19,270.5,715.31,0,0.0,2.7,7.074117,4,0
410.3527,6.5811,0.9022,2,0.9754,194.16,56.66,107.89,390,0.7795,0.2215,0.018535,349,1
70.4412,1.2054,0.0861,5,0.1228,255.74,53.07,4226.06,0,0.0,1.6142,10.087804,5,0
8.4784,0.1506,0.0498,4,0.5619,130.41,194.57,1162.41,0,0.0,3.6427,12.96373,1,0
1000.0,30.0,0.2666,3,0.71,58.79,17.27,2821.66,0,0.0,0.152,0.036416,139,1
3.8261,0.0398,0.0441,3,0.2573,282.92,274.26,3481.7,1,0.1002,1.9177,13.729461,0,0
16.4419,0.3197,0.0216,4,0.1,141.57,149.55,3870.48,0,0.0,3.5382,12.78493,1,0
409.2238,6.5943,0.1897,1,0.7433,72.02,24.65,6807.59,0,0.0,0.7057,0.001769,31,1
4.0402,0.1308,0.1301,5,0.1403,316.46,280.5,3446.3,0,0.0,2.0582,9.404513,2,0
41.4626,0.6345,0.1638,5,0.1161,69.13,58.35,3315.5,0,0.0,2.3525,3.710839,6,0
9.8408,0.1649,0.0846,3,0.1291,167.12,208.39,2509.37,0,0.0,1.9114,14.177503,2,0
5.1849,0.0,0.0698,5,0.1,135.48,138.48,3954.54,1,0.1194,2.552,6.836849,0,0
46.9784,0.7166,0.0414,4,0.1396,401.06,76.08,3720.48,1,0.2041,2.9676,7.736025,2,0
4.3331,0.1498,0.0608,3,0.4135,298.32,125.65,3005.95,0,0.0,2.358,8.343123,0,0
23.4909,0.4046,0.0821,4,0.2679,335.69,123.32,1758.53,0,0.0,2.7669,13.051853,4,0
7.1821,0.1535,0.006,7,0.1666,300.97,94.18,4009.9,1,0.0522,3.0556,2.845113,0,0
16.4159,0.2687,0.0868,6,0.1029,275.21,161.91,2289.05,0,0.0,2.4821,6.416989,3,0
6.4165,0.0976,0.088,5,0.4504,183.39,280.9,1952.08,1,0.1482,2.7358,7.03278,2,0
16.8416,0.2439,0.0232,7,0.1276,115.03,270.34,4726.22,0,0.0,2.7818,10.554119,1,0
482.0889,7.9338,0.6015,1,0.8,69.68,38.64,196.29,238,0.7556,0.152,0.000141,185,1
523.7868,8.6933,0.8749,1,0.8,110.85,51.61,235.05,298,0.7641,0.0916,0.008215,398,1
12.1543,0.1141,0.0383,7,0.1651,315.86,207.87,4041.32,1,0.1198,2.3005,6.216509,1,0
19.2297,0.3026,0.1006,4,0.4411,236.89,151.98,1730.41,0,0.0,3.0186,12.452543,4,0
17.8443,0.2479,0.0308,6,0.3541,114.2,64.12,3063.84,0,0.0,2.3269,10.939267,0,0
12.7595,0.3028,0.1028,6,0.6049,221.0,88.06,1912.07,1,0.0055,2.0479,3.006233,2,0
10.1871,0.1762,0.006,5,0.4169,94.07,281.76,3397.69,0,0.0,1.9235,9.68979,0,0
10.5364,0.2337,0.2757,3,0.3354,127.73,257.49,4232.51,0,0.0,2.8522,5.208522,13,0
2.2604,0.1163,0.0759,7,0.1275,368.49,224.88,4422.51,0,0.0,3.1216,12.841,1,0
249.316,4.2374,0.5423,1,0.9737,132.77,44.5,292.03,289,0.6842,0.1109,0.004147,99,1
1000.0,20.9033,0.747,1,0.9741,87.21,16.91,250.95,356,0.9477,0.3023,0.006967,263,1
63.2278,1.0505,0.2758,6,0.5599,91.79,32.0,1662.16,1,0.0697,2.0524,8.527886,9,0
856.9125,14.3583,0.6867,2,0.9374,113.98,28.06,248.54,88,0.7543,0.1457,0.002639,276,1
1000.0,30.0,0.3,1,0.8713,93.73,6.56,6242.63,0,0.0,0.5388,0.048895,228,1
1000.0,30.0,0.6609,1,0.8237,164.27,6.72,92.88,72,0.7989,0.4026,0.001503,320,1
22.9671,0.2554,0.1,7,0.1267,192.0,160.24,3803.74,0,0.0,2.0688,0.989803,4,0
8.0985,0.2067,0.1057,4,0.1422,341.47,295.02,2033.23,0,0.0,2.9307,10.722382,4,0
20.6714,0.2411,0.1366,4,0.3043,79.08,117.69,3704.6,0,0.0,2.7455,10.290685,4,0
22.6641,0.3665,0.0779,6,0.2683,204.85,212.86,3928.48,1,0.1016,2.1353,1.757349,5,0
34.6763,0.6568,0.1038,3,0.5332,206.06,100.73,517.16,0,0.0,1.9053,4.757944,6,0
1000.0,30.0,0.0824,1,0.8381,120.61,12.29,2663.66,0,0.0,0.4275,0.012884,52,1
212.4278,3.5307,0.7516,1,0.9928,195.51,56.05,225.04,91,0.7661,0.3431,0.018178,146,1
53.4368,0.92,0.0962,6,0.3517,201.01,68.57,797.04,0,0.0,1.6781,12.219411,5,0
524.5837,8.5499,0.6459,1,0.994,101.31,53.54,97.29,61,0.6338,0.2879,0.016877,304,1
14.3582,0.3063,0.0693,6,0.1,271.98,243.46,2097.98,0,0.0,2.1928,2.698279,4,0
228.4074,3.7069,0.0686,1,0.7949,64.67,29.51,2173.93,0,0.0,0.5717,0.01231,7,1
4.4101,0.156,0.0022,4,0.1,385.16,265.1,2542.05,0,0.0,1.8937,2.96149,0,0
28.8674,0.5291,0.0299,6,0.1398,245.52,124.42,1425.59,0,0.0,2.6013,11.73219,1,0
19.7705,0.3418,0.1667,4,0.3168,169.26,190.6,948.76,1,0.1934,1.883,14.055999,10,0
30.4747,0.4882,0.1016,7,0.1371,291.24,142.9,1746.61,1,0.0415,2.727,3.711656,7,0
1000.0,30.0,0.156,1,0.8335,126.06,13.89,3607.35,0,0.0,0.5456,0.039142,75,1
25.1547,0.3661,0.0373,4,0.1971,375.35,154.73,1910.35,1,0.0318,1.608,3.705455,2,0
83.2861,1.3726,0.1595,4,0.3124,339.45,42.98,3384.91,0,0.0,3.0441,0.546662,9,0
26.7921,0.4392,0.0719,7,0.1,306.44,149.77,2455.76,0,0.0,3.4205,2.67816,5,0
1000.0,30.0,0.3043,1,0.8,76.86,9.45,138.48,222,0.5,0.1647,0.018975,135,1
249.0128,4.0645,0.6319,1,0.8831,74.12,33.74,298.4,146,0.9352,0.1005,0.000818,89,1
3.3043,0.2578,0.3628,1,0.4135,114.21,103.68,1046.67,5,0.4736,0.4471,0.644129,9,1
14.5679,0.2046,0.221,3,0.3847,89.78,298.48,2056.01,0,0.0,2.0063,4.991948,15,0
15.0028,0.2685,0.0356,3,0.322,165.31,257.34,4560.21,0,0.0,1.8506,6.476981,2,0
15.1257,0.2946,0.0244,7,0.1,256.72,278.27,2113.6,1,0.0345,1.2698,1.022273,1,0
11.138,0.2355,0.0118,7,0.1,119.56,236.61,2009.03,0,0.0,1.6853,10.301468,0,0
28.4045,0.5123,0.0259,6,0.4465,293.98,120.51,3766.19,0,0.0,3.4723,14.167854,1,0
652.6479,10.6679,0.1615,1,0.8665,36.84,28.93,2502.71,0,0.0,0.9066,0.040861,49,1
40.7691,0.7255,0.0375,7,0.3822,193.93,100.67,767.31,1,0.0155,1.741,2.538937,2,0
9.3824,0.2693,0.021,7,0.1754,306.97,112.06,1317.26,0,0.0,3.1842,12.197056,0,0
17.4852,0.3352,0.0501,7,0.1,117.74,174.53,2331.43,1,0.0344,3.6901,2.906697,2,0
14.0416,0.2318,0.0356,5,0.2849,282.28,288.07,3855.75,1,0.0548,3.1002,0.946298,2,0
20.4769,0.3017,0.0351,7,0.1832,142.36,219.69,4236.33,0,0.0,2.2023,3.3829,2,0
8.4549,0.0,0.4528,3,0.6707,317.96,177.52,857.11,5,0.5627,0.4491,0.179962,17,1
781.9897,13.0953,0.7793,1,0.9614,100.16,17.23,276.85,92,0.726,0.4609,0.01881,176,1
1000.0,30.0,0.1169,1,0.7745,59.7,23.07,4148.41,0,0.0,0.7254,0.029365,85,1
23.9877,0.39,0.0295,3,0.5152,191.75,93.88,3786.92,0,0.0,1.6839,10.301587,1,0
1000.0,30.0,0.0822,2,0.991,136.65,10.13,4334.45,0,0.0,0.4778,0.014237,32,1
639.9208,10.7471,0.3,1,0.9795,155.12,38.8,171.4,193,0.6873,0.3744,0.006479,124,1
1000.0,27.1616,0.6522,1,0.9903,173.57,17.12,231.68,225,0.7524,0.5732,0.004648,303,1
11.0483,0.201,0.2607,6,0.3726,80.85,258.85,616.48,0,0.0,2.7291,2.01008,14,0
35.497,0.5654,0.1301,7,0.2057,375.83,128.56,4520.5,0,0.0,1.8896,14.646272,9,0
12.1623,0.2043,0.0466,5,0.3088,266.98,175.4,4421.8,1,0.1356,3.2571,11.996789,1,0
18.9111,0.3992,0.1767,2,0.7648,122.99,94.24,1015.46,1,0.6007,0.4865,0.661447,5,1
6.6702,0.1626,0.1819,6,0.2509,336.98,297.44,4056.66,2,0.0291,2.4759,13.87591,7,0
268.5971,4.2473,0.247,1,0.9264,157.98,27.46,3540.74,0,0.0,0.4105,0.037406,29,1
9.1845,0.2256,0.2018,3,0.2242,88.39,273.02,1665.98,0,0.0,3.1935,13.063581,7,0
388.413,6.4228,0.529,2,0.9913,173.12,58.26,142.81,355,0.7901,0.0,0.01149,198,1
21.4358,0.3314,0.0253,7,0.3997,62.94,139.78,2040.56,2,0.1186,2.8821,0.911663,1,0
289.7837,4.9185,0.6754,1,0.9547,114.43,58.05,236.15,262,0.7703,0.358,0.018636,191,1
3.4378,0.0,0.0497,5,0.4353,174.45,248.35,1698.33,1,0.2329,2.316,12.575088,0,0
18.7356,0.2857,0.0421,3,0.1,270.11,132.69,2507.48,0,0.0,2.9282,11.313864,1,0
6.8689,0.1389,0.0722,6,0.1685,150.03,112.9,896.18,1,0.1172,2.9584,9.482686,0,0
1000.0,30.0,0.0992,1,0.712,81.21,12.87,5178.17,0,0.0,0.2882,0.019309,41,1
24.1588,0.4394,0.0752,6,0.6062,350.07,73.12,1452.54,1,0.0089,2.4452,8.125521,2,0
1000.0,30.0,0.1498,1,0.7968,90.74,12.41,7972.72,0,0.0,0.392,0.000105,117,1
5.8365,0.0,0.0482,7,0.4276,383.15,267.66,4825.32,1,0.122,3.4313,11.388217,0,0
1000.0,22.0171,0.232,1,0.7,121.17,22.06,5596.29,0,0.0,0.9311,0.03285,112,1
25.6834,0.4873,0.252,5,0.4751,383.59,30.35,1029.01,2,0.0342,3.5291,4.575571,3,0
1000.0,30.0,0.1677,2,0.8487,40.26,6.57,1133.36,0,0.0,0.3156,0.012174,39,1
1000.0,20.0732,0.6464,1,0.8241,76.29,15.19,260.09,368,0.9797,0.2007,0.001266,195,1
34.0964,0.6417,0.0145,5,0.4031,323.37,116.33,3293.37,0,0.0,2.3194,2.595031,0,0
1000.0,24.6744,0.7784,1,0.9142,110.58,19.58,181.15,171,0.871,0.6503,0.009731,376,1
1000.0,30.0,0.242,2,0.8558,50.99,7.44,6461.64,0,0.0,0.1521,0.035446,108,1
4.7352,0.0584,0.0761,7,0.2137,392.6,293.42,690.96,1,0.0195,2.4126,14.130385,2,0
1.3913,0.0977,0.0472,7,0.2268,182.64,265.07,848.9,2,0.034,1.6429,2.028203,0,0
19.9965,0.2547,0.0189,4,0.1123,186.53,153.08,2339.21,1,0.0329,3.2053,9.56819,0,0
1000.0,30.0,0.1451,2,0.8613,134.09,11.15,1800.24,0,0.0,0.0418,0.044394,77,1
1000.0,30.0,0.2286,1,0.9481,67.59,9.51,3612.2,0,0.0,0.3084,0.035341,130,1
1000.0,27.8262,0.05,2,0.7818,95.44,26.44,1498.06,0,0.0,0.2063,0.044801,36,1
12.7366,0.0826,0.1401,4,0.4771,305.47,257.11,4608.95,0,0.0,1.3518,8.251813,9,0
24.5783,0.4876,0.0924,3,0.4614,179.79,204.23,1733.6,0,0.0,2.8801,6.997006,7,0
1.5246,0.0514,0.1384,1,0.669,176.76,196.35,2995.0,0,0.0,1.0767,0.325999,3,1
11.7351,0.227,0.0403,4,0.2493,159.77,162.8,1135.67,1,0.0655,2.507,9.23138,1,0
1000.0,20.4014,0.3,2,0.9574,39.85,23.54,7815.73,0,0.0,0.4325,0.039613,144,1
23.1103,0.2552,0.1006,7,0.4692,317.29,131.95,3900.96,1,0.0426,1.7204,10.731005,4,0
391.9591,6.4366,0.5534,2,0.9601,160.32,48.13,111.26,283,0.8088,0.0034,0.011157,174,1
357.7351,6.0334,0.7124,1,0.8921,133.74,35.49,216.42,64,0.6528,0.0152,0.004985,153,1
4.1655,0.0944,0.0364,4,0.2698,257.91,297.73,853.37,0,0.0,1.8961,2.746656,0,0
9.9785,0.2294,0.1847,2,0.6131,245.46,178.92,2032.97,10,0.4064,1.3846,0.487428,6,1
25.0354,0.3923,0.1021,4,0.1,184.21,170.07,4587.2,0,0.0,1.948,7.597065,5,0
18.2255,0.2986,0.1716,7,0.552,254.89,245.24,3763.4,1,0.137,3.095,2.584248,13,0
37.0278,0.6289,0.0897,3,0.2738,122.24,49.12,3024.06,0,0.0,2.0748,13.908152,2,0
97.0588,1.6223,0.1476,4,0.3075,215.69,42.28,4893.86,0,0.0,3.1008,1.276397,10,0
20.9951,0.4287,0.1443,7,0.3138,400.93,75.82,2202.15,0,0.0,2.7282,8.810784,4,0
26.7277,0.4779,0.0943,7,0.1154,335.4,156.12,2893.92,1,0.0597,1.4853,8.803723,6,0
9.1406,0.0596,0.1893,6,0.176,349.98,203.92,2969.36,0,0.0,3.1887,9.448342,3,0
14.1668,0.2328,0.248,3,0.4492,314.98,142.32,2841.17,10,0.5875,0.8244,0.391913,9,1
4.0275,0.0288,0.1533,1,0.4,201.67,198.78,1884.08,0,0.0,0.9066,0.647396,2,1
54.6828,0.9263,0.1861,7,0.1393,330.85,34.03,2253.85,0,0.0,3.1034,4.888367,5,0
1000.0,30.0,0.0791,3,0.8874,123.12,3.13,4153.79,0,0.0,0.4198,0.028847,55,1
8.5555,0.0526,0.2756,1,0.4148,134.15,142.41,634.3,1,0.5667,0.9206,0.061722,4,1
20.5345,0.3565,0.0599,7,0.1998,80.25,142.05,2767.99,1,0.1888,1.8634,9.487902,2,0
22.3143,0.3474,0.1203,3,0.3503,363.45,208.74,3455.29,0,0.0,2.9656,8.759453,8,0
226.6198,3.7918,0.7892,2,0.9383,173.19,58.8,209.07,53,0.7297,0.3788,0.01574,176,1
22.4634,0.3175,0.0943,6,0.3828,228.5,143.36,2163.44,2,0.3918,3.1954,10.696913,4,0
1000.0,30.0,0.2098,1,0.7,52.66,5.82,2860.61,0,0.0,0.453,0.009092,51,1
292.7144,4.799,0.0608,1,0.8046,48.34,23.12,1558.36,0,0.0,0.365,0.008974,6,1
11.0448,0.2022,0.1219,4,0.1,136.26,281.53,4108.91,2,0.1775,2.8603,9.193207,6,0
8.5869,0.1389,0.0695,7,0.5487,176.26,83.0,1709.59,0,0.0,1.7491,4.943024,0,0
12.7402,0.2319,0.1149,7,0.2427,303.29,101.92,2834.06,1,0.09,2.3348,6.965854,2,0
1000.0,30.0,0.2373,1,0.9048,51.73,4.07,3026.68,0,0.0,0.3546,0.002338,155,1
18.0043,0.2618,0.2999,6,0.1002,157.53,206.09,4192.16,1,0.0853,2.2266,9.84242,13,0
19.7685,0.3092,0.1446,3,0.1188,211.06,187.29,3320.56,0,0.0,3.4563,8.721164,8,0
6.7019,0.1891,0.0713,5,0.3859,110.25,279.52,2326.5,1,0.0243,2.4286,14.659735,3,0
21.1159,0.291,0.0397,5,0.4738,259.51,219.71,640.36,0,0.0,1.5732,11.606124,3,0
1000.0,20.5285,0.05,1,0.9364,74.19,17.23,5969.82,0,0.0,0.5935,0.011388,17,1
19.2396,0.2931,0.0662,4,0.2142,380.02,182.33,1835.07,0,0.0,1.9823,7.472691,3,0
1000.0,30.0,0.05,1,0.8968,78.81,16.16,4278.36,0,0.0,0.2542,0.035017,35,1
18.3039,0.2277,0.0854,4,0.6753,212.66,131.94,2759.8,0,0.0,2.1351,11.009602,3,0
143.1049,2.3385,0.1218,7,0.1051,355.38,32.66,3126.29,1,0.1968,2.3649,10.32975,9,0
14.4291,0.3532,0.1271,3,0.1985,397.31,227.26,1190.27,1,0.1108,2.4267,13.418196,6,0
27.5793,0.3658,0.1271,4,0.6392,395.76,153.28,1325.37,0,0.0,2.5356,1.836862,8,0
42.2017,0.6673,0.1497,3,0.5494,202.79,61.61,3716.13,1,0.0445,2.0575,14.507311,6,0
13.9994,0.164,0.0788,6,0.391,307.94,156.7,2048.01,0,0.0,2.5296,10.350637,2,0
20.9956,0.4172,0.0356,6,0.1,136.91,112.13,3862.63,0,0.0,2.4143,3.401797,1,0
1000.0,25.0448,0.3,2,0.7,99.88,9.89,1248.1,0,0.0,0.4279,0.001224,74,1
26.2081,0.4052,0.1055,3,0.3097,340.55,89.94,2740.89,1,0.1682,2.8208,3.401191,3,0
0.0,0.0,0.1464,5,0.2584,205.22,278.75,4416.86,2,0.0969,2.5252,1.615363,1,0
10.6846,0.1412,0.0592,7,0.1271,262.47,134.55,2500.58,1,0.0434,2.0724,7.377476,1,0
8.8335,0.147,0.0689,6,0.2928,307.89,81.35,3972.84,0,0.0,2.6701,0.781392,0,0
34.8446,0.5475,0.0355,3,0.3784,118.89,34.81,3288.44,1,0.0171,2.4562,14.421099,0,0
35.2724,0.4821,0.0344,6,0.1357,235.03,131.49,3166.96,0,0.0,3.3662,11.339832,2,0
4.9565,0.0333,0.0935,5,0.1312,144.92,129.08,840.92,1,0.0216,3.572,8.247559,1,0
902.3759,15.0258,0.7638,1,0.9957,91.06,19.07,238.9,116,0.705,0.3971,0.002876,218,1
15.1602,0.2557,0.0092,5,0.3955,261.19,138.25,2380.16,0,0.0,3.437,7.123539,0,0
106.4488,1.8284,0.0319,4,0.2419,213.94,42.54,595.54,1,0.0072,1.9724,11.165453,2,0
6.2109,0.0774,0.12,7,0.2868,356.78,247.45,681.96,0,0.0,2.9528,6.726019,3,0
27.8479,0.5192,0.0941,4,0.1941,273.25,98.27,3313.45,2,0.0511,3.0304,4.151874,4,0
1000.0,18.9435,0.2476,1,0.812,41.33,25.57,4173.05,0,0.0,1.0275,0.026585,120,1
7.6395,0.168,0.0393,3,0.1067,216.83,251.95,2970.74,0,0.0,2.4285,0.842123,0,0
9.0567,0.1487,0.1382,5,0.2708,238.22,282.76,1999.85,0,0.0,2.4989,3.95589,5,0
16.9249,0.3195,0.0356,6,0.3824,248.51,84.15,3269.99,0,0.0,2.2506,9.912732,0,0
10.231,0.1634,0.0819,6,0.137,243.89,251.69,1021.42,0,0.0,2.2242,2.651261,4,0
13.56,0.1964,0.0524,4,0.1972,371.12,258.45,2825.31,1,0.096,3.4834,12.95739,3,0
3.5668,0.0916,0.1,1,0.5189,322.95,180.21,2497.46,1,0.6369,1.0281,0.758873,1,1
658.9994,11.0787,0.7022,1,0.9654,148.25,20.9,266.76,198,0.6859,0.0,0.002181,162,1
11.0162,0.2542,0.0209,4,0.2844,171.85,241.3,799.16,0,0.0,3.5228,6.143055,1,0
62.2272,1.0955,0.1632,4,0.4032,133.87,52.54,4603.59,0,0.0,1.5903,8.258488,8,0
704.7551,11.8408,0.5711,1,0.9186,94.49,26.04,224.73,185,0.874,0.2851,0.001942,173,1
122.0147,2.0738,0.5667,1,0.918,171.75,52.65,83.19,352,0.515,0.1921,0.019791,60,1
6.4569,0.123,0.0085,5,0.1961,185.95,243.38,4353.42,1,0.0911,1.4482,9.956853,0,0
1000.0,18.5224,0.6744,2,0.9396,52.53,24.02,115.23,342,0.5796,0.3868,0.003796,300,1
34.9907,0.556,0.1903,5,0.1,245.69,99.62,1935.51,0,0.0,3.4543,2.113976,11,0
7.4223,0.0984,0.245,7,0.4276,327.03,251.32,4771.52,0,0.0,2.3882,1.915692,7,0
23.1683,0.4634,0.09,6,0.2037,133.4,220.78,1185.64,0,0.0,2.7603,14.588507,6,0
19.5504,0.335,0.1789,3,0.1,271.84,204.99,4451.97,2,0.1084,3.3917,10.735,13,0
4.3195,0.1036,0.0199,7,0.2589,199.86,202.91,831.49,1,0.0698,1.501,8.107229,0,0
4.33,0.1668,0.0618,4,0.2697,154.18,113.13,2707.87,0,0.0,2.6094,11.132809,0,0
91.8341,1.6026,0.0546,4,0.2056,237.63,36.84,1054.61,0,0.0,3.5513,2.844571,3,0
8.7126,0.1449,0.5,2,0.4,284.16,196.01,307.17,10,0.4355,0.7589,0.694574,18,1
43.5333,0.7092,0.1222,6,0.2024,349.41,86.06,3119.2,2,0.1898,3.2367,3.37445,7,0
7.2148,0.1826,0.2937,6,0.2726,389.77,119.27,1834.26,0,0.0,2.3839,6.327531,3,0
27.1127,0.5554,0.1,2,0.4225,333.44,85.58,765.11,5,0.5604,0.5301,0.396397,3,1
22.4816,0.3406,0.1039,4,0.3017,391.33,127.24,1374.58,0,0.0,2.3637,3.108653,4,0
43.521,0.626,0.0931,3,0.1558,297.22,81.83,2853.6,0,0.0,2.7904,14.036186,5,0
51.0883,0.8161,0.2204,4,0.3795,254.72,46.11,3838.47,1,0.2675,2.6663,13.279651,8,0
17.6558,0.3084,0.2882,3,0.3065,95.91,208.29,708.43,0,0.0,2.3062,14.063985,17,0
1000.0,18.5159,0.1852,1,0.9043,97.12,12.44,1975.59,0,0.0,0.4596,0.016895,42,1
29.8561,0.5106,0.0899,4,0.1827,370.91,112.99,3043.39,1,0.0073,2.4122,9.418242,5,0
7.6289,0.1721,0.1047,3,0.1305,111.73,95.85,4447.75,1,0.2143,3.1886,3.206491,1,0
1000.0,24.0218,0.1158,1,0.7971,85.06,12.89,4874.0,0,0.0,0.5944,0.044542,35,1
21.3003,0.3261,0.0006,3,0.1223,216.5,187.91,3992.03,0,0.0,2.8908,1.889654,0,0
16.0036,0.3275,0.1841,5,0.5244,112.15,71.37,1289.55,1,0.0159,2.8695,4.969261,3,0
41.0183,0.6576,0.0133,6,0.1897,211.0,117.15,2375.09,0,0.0,1.6946,5.990177,1,0
11.6332,0.1845,0.0274,7,0.2353,394.83,128.29,2322.4,1,0.0403,2.6818,14.250143,0,0
30.9107,0.5773,0.0532,6,0.1918,321.63,138.43,3904.5,1,0.0004,2.7101,14.429366,3,0
46.536,0.8449,0.1321,4,0.2886,214.08,42.85,1947.48,0,0.0,2.3316,10.247813,4,0
60.4633,0.9798,0.033,4,0.2471,359.37,79.85,1485.33,1,0.0108,2.3883,13.195091,2,0
363.2416,6.0049,0.5343,1,0.89,118.01,53.57,100.6,377,0.8678,0.3625,0.014831,172,1
20.7154,0.2954,0.0725,5,0.4519,155.86,213.95,984.14,2,0.0527,2.5881,7.574625,5,0
23.0512,0.4464,0.0404,3,0.2647,150.86,146.09,4002.47,0,0.0,2.9534,12.995645,2,0
1000.0,18.2629,0.2048,2,0.9451,57.02,12.01,2886.21,0,0.0,0.6966,0.018854,45,1
121.2762,2.1656,0.5998,1,0.8,80.19,52.27,129.83,259,0.8185,0.4993,0.006351,67,1
1000.0,29.7591,0.8841,1,0.9317,78.89,14.87,74.41,349,0.8881,0.2245,0.012649,392,1
1000.0,21.1529,0.192,1,0.9683,95.48,7.21,1575.95,0,0.0,0.5319,0.001085,29,1
990.1762,16.5292,0.2955,3,0.7,148.02,10.55,5443.1,0,0.0,0.6485,0.00364,51,1
324.7078,5.4416,0.5346,1,0.8,112.25,57.0,97.25,292,0.8277,0.2958,0.010454,165,1
960.8945,16.0668,0.2283,3,0.8259,150.49,25.13,4789.46,0,0.0,0.0921,0.004823,91,1
974.9416,16.2564,0.2222,2,0.7,53.69,11.31,5711.93,0,0.0,1.0283,0.015028,40,1
6.7377,0.0279,0.2258,3,0.6141,333.97,83.1,778.74,10,0.75,1.3106,0.307629,3,1
138.4253,2.2603,0.7014,1,0.8,152.35,56.55,287.35,112,0.904,0.1967,0.016794,89,1
5.8007,0.008,0.2319,7,0.1,115.23,234.47,4874.43,1,0.2935,2.8052,3.727753,5,0
851.0071,14.0728,0.8162,1,0.8379,179.5,31.78,81.83,204,0.8823,0.289,0.004914,364,1
16.0187,0.2533,0.0584,5,0.1,225.32,229.37,2399.48,1,0.0923,2.9403,4.311493,3,0
16.4336,0.217,0.1499,4,0.225,196.4,193.27,1303.98,0,0.0,3.4292,10.408123,5,0
47.1391,0.8325,0.0941,3,0.1,124.11,67.8,4334.04,1,0.0894,3.3169,4.905067,5,0
12.1483,0.1009,0.0724,3,0.2465,166.71,177.12,1001.72,0,0.0,2.5583,13.135548,2,0
3.5625,0.0826,0.2849,4,0.28,105.52,280.88,785.98,1,0.0584,2.3207,2.838217,5,0
582.9633,9.8348,0.4485,1,0.9847,63.13,28.46,145.4,228,0.7655,0.0,0.008436,124,1
5.3599,0.1436,0.2089,4,0.5132,395.42,282.33,4433.67,1,0.0836,3.2527,12.341768,6,0
1000.0,28.1374,0.2711,1,0.753,56.68,17.83,3947.64,0,0.0,0.049,0.001714,135,1
4.0266,0.0171,0.1039,7,0.5506,215.2,298.08,1237.43,1,0.0651,2.1374,13.924515,0,0
33.3622,0.4699,0.2108,3,0.5642,210.16,75.05,1900.48,1,0.0746,1.7065,14.826522,7,0
1000.0,30.0,0.2031,2,0.847,158.38,14.36,1256.17,0,0.0,0.5104,0.017173,112,1
7.5783,0.0673,0.1657,5,0.2375,204.22,250.53,1296.15,0,0.0,2.8293,4.118305,5,0
37.9731,0.5886,0.0752,4,0.4932,409.47,87.85,1321.06,0,0.0,1.7353,12.974821,4,0
4.8121,0.0454,0.0933,4,0.4879,189.42,298.08,1892.2,0,0.0,1.4938,3.506141,1,0
571.5283,9.2906,0.6678,1,0.9602,155.0,46.96,191.51,146,0.6662,0.0,0.014547,293,1
187.113,3.3048,0.58,1,0.9429,81.72,37.18,189.25,333,0.9633,0.5685,0.01919,68,1
1000.0,21.4126,0.176,2,0.9603,122.48,13.36,7843.61,0,0.0,0.0689,0.018024,50,1
659.1484,10.8757,0.1427,1,0.7,62.17,18.28,3847.25,0,0.0,0.5788,0.03599,28,1
330.0436,5.5283,0.8151,1,0.8687,159.43,53.55,93.07,345,0.7909,0.4189,0.019385,238,1
152.6746,2.7195,0.4848,1,0.8871,130.12,44.6,155.6,224,0.7187,0.1309,0.005207,57,1
1000.0,30.0,0.1328,2,0.9803,78.67,9.01,6668.49,0,0.0,0.5502,0.006093,48,1
15.5282,0.3159,0.0084,7,0.5671,317.62,179.78,511.29,0,0.0,2.9781,8.240725,0,0
685.813,11.5466,0.1107,3,0.799,128.86,23.43,2764.89,0,0.0,0.6864,0.048143,29,1
35.2597,0.4839,0.0864,3,0.2217,355.87,131.13,4245.99,0,0.0,1.7512,3.159365,6,0
31.7718,0.5322,0.2572,4,0.3421,323.98,114.37,4893.67,1,0.0899,2.9588,12.706479,15,0
1000.0,30.0,0.3,2,0.8593,100.61,13.02,6011.67,0,0.0,0.4221,0.004206,142,1
961.968,16.1358,0.7863,1,0.9824,56.75,24.02,276.33,391,0.7212,0.3915,0.008804,302,1
30.8643,0.509,0.031,3,0.1,312.36,142.28,4591.02,1,0.1133,2.4184,6.803761,2,0
1000.0,18.4973,0.1376,1,0.7,107.82,20.89,1208.5,0,0.0,0.6174,0.046801,53,1
1000.0,23.1483,0.0893,1,0.895,127.69,10.72,2400.69,0,0.0,0.2576,0.032759,22,1
1000.0,30.0,0.1428,1,0.845,42.51,16.16,3853.4,0,0.0,0.3952,0.014761,69,1
14.2334,0.2483,0.0484,7,0.1659,103.02,79.06,1963.83,0,0.0,2.2047,2.895832,1,0
35.5242,0.5755,0.0613,5,0.6116,370.06,118.32,4116.27,1,0.0044,1.8444,10.094904,4,0
15.3507,0.194,0.0071,3,0.1013,155.59,209.2,4308.43,1,0.1139,2.5873,3.711765,0,0
1000.0,30.0,0.1097,2,0.7,75.99,9.04,3080.55,0,0.0,0.4282,0.029458,29,1
15.8311,0.2879,0.0212,5,0.2766,268.62,254.33,3504.03,0,0.0,2.0698,7.234862,1,0
1000.0,19.5216,0.132,3,0.7922,34.64,25.93,4748.24,0,0.0,0.6565,0.042155,66,1
3.1809,0.0355,0.1283,5,0.1961,232.15,220.45,2783.97,2,0.3594,3.6193,6.641706,1,0
149.4477,2.4952,0.1131,4,0.1475,374.85,31.52,3159.82,1,0.1316,2.771,7.521776,8,0
4.9209,0.0021,0.0761,3,0.6721,180.57,222.5,1330.85,1,0.0982,3.1479,3.11987,0,0
7.1075,0.0693,0.0672,7,0.4908,344.32,207.05,4359.68,0,0.0,2.844,4.296956,1,0
13.6319,0.1704,0.0596,7,0.1,159.7,238.69,527.46,1,0.1096,3.1739,7.029707,2,0
1000.0,30.0,0.1773,1,0.7366,144.23,4.87,4243.42,0,0.0,0.7094,0.037615,57,1
29.7407,0.5135,0.1415,7,0.1,398.81,163.52,3196.39,1,0.1659,2.8607,3.939318,11,0
46.1652,0.7159,0.0958,4,0.3848,170.71,69.29,3977.38,0,0.0,2.1931,9.722797,4,0
457.2525,7.5641,0.7137,1,0.9609,51.06,49.01,189.15,368,0.8966,0.2045,0.016513,261,1
7.7613,0.1927,0.0262,7,0.2588,338.29,169.54,1544.78,0,0.0,3.0251,14.818917,0,0
949.0476,15.8403,0.9023,1,0.8,188.99,18.48,138.12,184,0.946,0.1712,0.004416,261,1
3.0089,0.0,0.1528,7,0.1115,295.1,253.57,3395.98,0,0.0,3.2264,6.144363,2,0
56.3147,0.8304,0.1075,6,0.26,187.09,45.3,4375.03,2,0.012,1.4311,14.876913,4,0
270.2985,4.3822,0.7214,1,0.9519,166.06,54.55,132.43,122,0.7323,0.1381,0.000353,176,1
506.6334,8.4444,0.7565,1,0.97,103.47,52.67,191.01,354,0.7969,0.1529,0.013542,338,1
605.8462,10.0524,0.6218,1,0.949,61.08,36.4,76.55,376,0.9291,0.3757,0.001999,227,1
14.0725,0.3022,0.0714,3,0.4718,350.48,223.14,1278.19,0,0.0,1.9546,14.476194,3,0
1.7761,0.0346,0.0228,7,0.1,67.38,194.62,2132.0,1,0.0032,2.9466,4.350296,0,0
89.7551,1.5538,0.0175,5,0.275,296.33,42.78,4592.88,0,0.0,3.3921,1.83321,1,0
8.4176,0.1728,0.1459,7,0.4901,212.36,216.08,1814.11,1,0.0945,2.4047,3.053918,4,0
15.3682,0.1512,0.094,6,0.5351,234.75,145.27,3507.16,1,0.3048,2.9146,13.37417,3,0
7.1726,0.0261,0.1184,4,0.71,277.29,142.6,2965.61,1,0.1651,1.8005,1.506546,2,0
1000.0,29.9175,0.3,2,0.7377,105.25,12.02,7997.92,0,0.0,0.248,0.021884,107,1
187.3014,3.1275,0.7492,1,0.8379,123.37,55.2,168.1,203,0.867,0.4042,0.018195,126,1
18.0539,0.2771,0.0312,5,0.6612,299.44,112.33,4791.08,1,0.0988,3.4825,8.015569,0,0
19.8884,0.3746,0.1789,3,0.4701,259.12,197.16,2792.88,0,0.0,3.274,1.285912,10,0
19.9527,0.3496,0.0728,5,0.1307,306.21,50.65,3661.64,1,0.0362,2.2856,6.050189,1,0
414.9147,6.9419,0.789,1,0.8796,176.58,56.86,221.81,169,0.8697,0.5387,0.001014,312,1
1000.0,17.701,0.5749,2,0.9031,82.21,25.73,156.82,242,0.7849,0.3288,0.015866,262,1
12.4631,0.1941,0.0672,6,0.2624,287.36,259.83,4327.62,1,0.1551,2.9243,10.362041,2,0
7.5833,0.0172,0.0739,5,0.1007,190.15,245.25,4319.86,0,0.0,2.8454,4.936451,1,0
30.3587,0.4376,0.0458,5,0.287,156.29,63.11,1024.08,1,0.0748,2.7008,7.471331,1,0
4.8879,0.1559,0.1973,5,0.29,88.53,280.29,3452.58,1,0.1045,1.5714,13.388875,6,0
1000.0,24.7614,0.2339,3,0.9844,115.68,5.15,3781.38,0,0.0,0.5639,0.049576,29,1
606.3285,10.2063,0.4861,1,0.93,116.4,33.04,74.82,338,0.8861,0.5143,0.01281,162,1
403.8075,6.7163,0.5759,2,0.9457,64.86,40.49,179.38,105,0.5753,0.4396,0.012394,156,1
24.5596,0.2323,0.0754,5,0.3867,91.44,156.38,1283.29,0,0.0,2.965,4.541542,3,0
80.1119,1.3425,0.0655,7,0.2186,102.64,35.73,1826.47,1,0.2188,3.3991,12.322712,3,0
359.9343,6.0494,0.6442,1,0.8778,83.22,34.0,292.03,332,0.8013,0.2675,0.004326,132,1
6.0233,0.2045,0.1574,5,0.284,108.28,255.47,3359.94,1,0.0322,3.4656,5.094621,6,0
282.4678,4.5985,0.7935,1,0.8,160.72,50.5,294.8,293,0.7273,0.2546,0.016739,188,1
4.4493,0.0681,0.002,3,0.1957,161.0,198.16,4510.82,0,0.0,1.6457,6.071343,0,0
19.9279,0.4621,0.0306,7,0.197,219.9,194.39,3195.35,0,0.0,2.0642,10.042342,2,0
11.6551,0.1621,0.3129,4,0.565,251.54,152.05,1823.04,0,0.0,1.5542,5.612845,9,0
5.4594,0.1618,0.0737,4,0.1817,173.27,257.19,4266.69,0,0.0,2.5224,10.565183,2,0
518.5796,8.7756,0.4585,1,0.8299,140.59,56.68,292.95,310,0.964,0.4059,0.009099,223,1
461.0421,7.9442,0.486,2,0.9613,116.49,42.53,265.15,227,0.87,0.1155,0.002522,164,1
9.1997,0.1716,0.0276,3,0.5852,211.05,162.64,4816.08,0,0.0,2.1334,8.754017,0,0
18.1961,0.3721,0.1342,4,0.3727,370.86,163.29,2113.61,1,0.0349,2.8867,6.120548,7,0
32.5347,0.6563,0.0633,4,0.1,276.69,113.04,4166.53,1,0.0194,1.9595,2.242065,3,0
3.0936,0.0473,0.006,5,0.1,203.74,245.83,4255.4,0,0.0,2.2239,11.821064,0,0
6.9992,0.1615,0.077,5,0.3857,319.07,268.65,4150.59,1,0.2902,1.7445,14.873325,2,0
35.5722,0.5956,0.0089,7,0.1,126.38,31.13,2341.35,2,0.0001,2.2208,7.130282,0,0
695.0569,11.7986,0.1288,2,0.8597,159.88,29.18,3109.29,0,0.0,0.4998,0.030402,43,1
7.299,0.0649,0.0975,5,0.1604,419.51,81.51,4085.69,0,0.0,2.7253,4.107625,0,0
9.0104,0.015,0.1716,5,0.2626,256.33,58.59,2765.71,1,0.0516,1.7151,10.800972,1,0
27.6597,0.558,0.2041,7,0.3671,370.05,72.57,4716.51,0,0.0,1.7903,10.517687,7,0
14.3185,0.2951,0.0698,7,0.1,425.27,281.55,3783.64,1,0.0345,2.8979,1.446079,4,0
249.8195,4.0539,0.534,1,0.8,76.49,42.76,163.92,67,0.62,0.399,0.013591,90,1
1000.0,28.6591,0.9389,1,0.9172,58.59,15.82,268.71,227,0.9142,0.227,0.016402,427,1
1000.0,30.0,0.1394,2,0.8108,113.35,7.65,2460.68,0,0.0,0.5252,0.01091,78,1
22.325,0.4513,0.0405,6,0.5242,254.12,108.57,3843.09,1,0.1454,2.0235,12.662855,1,0
925.8606,15.2795,0.123,1,0.9062,122.15,21.86,7994.64,0,0.0,0.2345,0.023925,41,1
1000.0,30.0,0.05,1,0.8102,96.78,6.63,4333.82,0,0.0,0.8988,0.028508,34,1
288.1372,4.8897,0.8578,1,0.8618,190.78,29.08,224.45,231,0.8076,0.4104,0.003419,118,1
340.0044,5.5987,0.5289,1,0.8319,142.07,17.89,179.75,216,0.9356,0.4315,0.003731,52,1
8.986,0.1985,0.0826,7,0.198,125.05,293.54,2726.73,1,0.2991,2.6931,6.419444,3,0
22.8324,0.3878,0.0546,5,0.2138,269.93,110.69,2336.86,1,0.3213,3.171,11.419094,2,0
1000.0,27.0112,0.1446,1,0.7658,69.38,15.33,1058.99,0,0.0,1.0487,0.045035,59,1
3.043,0.0437,0.0366,3,0.3136,93.74,238.49,3045.23,0,0.0,2.8063,3.610885,0,0
23.7491,0.1558,0.1,1,0.6442,118.87,124.94,676.83,1,0.5189,0.3547,0.54092,2,1
36.2835,0.6834,0.1332,3,0.1,250.29,66.06,2335.71,0,0.0,1.6723,13.445504,5,0
30.4988,0.4546,0.134,5,0.2944,357.08,102.37,3754.6,1,0.0482,2.4217,2.260159,6,0
24.6628,0.3907,0.0297,4,0.1828,370.13,154.05,3365.01,1,0.0141,2.255,10.363303,1,0
6.6874,0.183,0.0462,3,0.345,276.48,206.66,4919.38,0,0.0,2.2476,11.129054,1,0
1000.0,19.4073,0.0936,1,0.7948,62.71,27.48,5891.38,0,0.0,0.0444,0.010241,50,1
20.3948,0.2919,0.2651,1,0.8594,320.49,124.02,1990.91,1,0.5513,1.3089,0.165118,9,1
36.2749,0.5477,0.0045,7,0.5087,199.47,84.08,4088.15,1,0.0656,2.0156,1.51904,0,0
1000.0,30.0,0.1411,1,0.8129,49.66,5.99,6631.15,0,0.0,0.6054,0.035718,98,1
15.0828,0.2525,0.07,5,0.1,153.56,188.98,526.48,0,0.0,2.8573,14.746344,2,0
0.8696,0.0609,0.1363,4,0.3887,124.43,102.2,4751.31,1,0.196,2.7948,6.4182,0,0
23.1749,0.3362,0.034,3,0.2344,326.91,132.59,4980.06,0,0.0,3.3661,5.240645,1,0
17.7751,0.2691,0.097,6,0.2472,357.63,274.6,3724.45,1,0.1403,2.5141,9.662347,6,0
1000.0,30.0,0.1525,1,0.9212,143.27,3.34,3776.07,0,0.0,0.3341,0.02624,44,1
936.149,15.6745,0.1943,2,0.8746,34.85,24.79,2840.51,0,0.0,0.5934,0.01836,75,1
2.2163,0.0393,0.0976,7,0.1,203.21,269.98,3340.85,1,0.0449,2.3324,12.32322,1,0
13.1573,0.3416,0.0826,3,0.2081,129.1,98.47,1223.79,1,0.0001,2.3537,0.911098,1,0
59.2266,1.0464,0.143,4,0.2782,151.82,79.05,1805.08,0,0.0,2.6372,1.547663,11,0
13.1373,0.0063,0.2944,2,0.6448,301.33,99.15,2670.73,5,0.302,0.4733,0.246942,2,1
16.1179,0.3132,0.0196,7,0.1,147.36,45.09,3601.51,1,0.1474,2.8177,10.421031,0,0
15.1432,0.2415,0.0234,7,0.2339,361.24,175.65,4497.94,1,0.0779,3.0913,6.667651,1,0
3.6423,0.0599,0.0907,6,0.4896,103.14,216.48,4635.52,0,0.0,3.3091,13.32962,0,0
3.6109,0.0671,0.0545,3,0.1,254.89,210.24,676.9,1,0.0878,1.566,3.535565,0,0
14.6592,0.2998,0.0947,6,0.2611,103.97,257.97,2184.47,0,0.0,2.6469,0.594098,5,0
1000.0,21.6281,0.5648,1,0.93,139.02,15.86,271.26,155,0.9274,0.4908,0.013977,193,1
526.8882,8.9034,0.3,2,0.851,56.47,27.99,6070.6,0,0.0,0.4899,0.022384,74,1
12.5527,0.2404,0.2451,1,0.5787,147.96,176.59,636.46,0,0.0,1.4171,0.12386,8,1
23.5186,0.3336,0.13,5,0.1,341.17,108.15,572.9,1,0.0044,3.4047,4.763978,5,0
19.1032,0.3492,0.2702,7,0.2236,244.92,185.39,853.74,0,0.0,1.6966,1.878774,18,0
53.6301,0.8311,0.1366,7,0.1598,344.05,40.93,4203.89,0,0.0,2.2107,6.270319,4,0
1.7135,0.1179,0.0312,6,0.3855,259.96,208.84,894.73,0,0.0,2.8761,10.061637,0,0
1000.0,25.1782,0.0649,2,0.9399,57.18,27.84,7662.04,0,0.0,0.7122,0.005078,45,1
16.0417,0.1717,0.17,5,0.179,320.1,160.69,4131.53,0,0.0,1.8717,2.211291,6,0
2.2821,0.0758,0.0683,4,0.2504,292.88,215.57,1495.57,1,0.0843,3.003,7.719103,0,0
767.7354,12.8689,0.483,1,0.9398,182.1,22.01,145.69,131,0.8024,0.5526,0.002061,137,1
126.7489,2.0775,0.7554,1,0.9955,122.04,39.75,227.01,62,0.5574,0.3319,0.002098,64,1
15.5538,0.1865,0.1989,3,0.1,185.51,162.98,2407.44,1,0.042,2.6178,14.489364,8,0
24.9028,0.4015,0.008,3,0.1088,187.1,172.86,2124.95,1,0.0799,2.0966,14.310543,0,0
20.0475,0.3205,0.0614,6,0.5129,402.76,160.78,3034.69,1,0.1317,2.5157,9.726389,2,0
1000.0,30.0,0.6871,1,0.9951,65.17,9.67,126.0,115,0.7295,0.4978,0.012116,265,1
0.0,0.0585,0.0174,5,0.1509,299.58,267.85,3270.27,1,0.2069,2.4028,6.474714,0,0
1.7536,0.0246,0.361,1,0.5711,214.91,147.35,1220.05,5,0.2,1.4161,0.437505,6,1
11.0214,0.2658,0.1026,7,0.4434,131.09,269.01,3978.47,1,0.0032,1.9477,7.561054,5,0
15.7003,0.277,0.0848,3,0.2078,341.7,98.4,3578.05,1,0.0761,1.6537,7.89736,2,0
0.0,0.0275,0.0177,4,0.3351,120.95,146.41,1957.31,0,0.0,3.3343,12.727204,0,0
10.2959,0.2995,0.1237,6,0.1,171.3,257.03,3408.48,0,0.0,2.5037,0.545108,7,0
13.1796,0.2011,0.1244,6,0.4558,200.54,151.37,3819.21,1,0.0815,1.6724,0.557315,4,0
27.0349,0.4646,0.1612,4,0.2939,178.46,32.22,679.39,0,0.0,2.6466,2.137207,2,0
12.9978,0.0,0.1,2,0.6782,205.05,152.87,1995.9,0,0.0,0.524,0.450746,1,1
360.6462,5.8441,0.05,2,0.8611,127.09,23.55,6634.97,0,0.0,0.8549,0.036999,7,1
40.7284,0.6263,0.0621,4,0.3668,261.92,85.13,2351.56,0,0.0,2.8967,8.603947,3,0
26.2779,0.3861,0.0253,3,0.2738,125.9,85.97,1293.42,0,0.0,1.713,5.0073,0,0
11.3782,0.1584,0.0681,4,0.439,206.53,288.46,1462.54,1,0.0003,3.1667,11.531136,3,0
14.7564,0.0758,0.2546,2,0.642,319.61,193.21,1637.29,0,0.0,0.6633,0.431303,9,1
2.3666,0.0199,0.0516,3,0.4986,376.18,95.8,4584.76,0,0.0,1.6227,12.071675,0,0
407.5317,6.6325,0.6486,1,0.8702,53.9,50.49,235.9,160,0.7483,0.4698,0.005007,218,1
286.8381,4.6928,0.5688,1,0.9561,134.77,51.48,72.09,292,0.7945,0.0004,0.000522,139,1
12.3056,0.209,0.0233,6,0.4265,317.61,186.31,680.7,1,0.205,2.5674,2.134107,0,0
279.7264,4.9206,0.7691,2,0.8,148.84,25.18,131.88,325,0.6531,0.4869,0.003852,92,1
1000.0,30.0,0.7869,1,0.8282,90.8,9.02,199.27,134,0.8937,0.0816,0.006099,383,1
58.4775,0.9656,0.0901,3,0.1,244.66,79.93,3620.08,0,0.0,2.9616,6.761722,7,0
5.6226,0.08,0.5,2,0.5273,159.17,151.22,2576.29,1,0.3784,0.8224,0.199457,5,1
10.1522,0.1497,0.219,4,0.1767,301.21,202.32,3711.23,0,0.0,2.6073,13.081986,6,0
1000.0,30.0,0.1192,3,0.8034,128.79,5.2,4060.13,0,0.0,0.3857,0.047261,79,1
1000.0,30.0,0.5068,1,0.9242,179.31,5.59,179.03,287,0.9135,0.0752,0.011908,125,1
2.3491,0.0602,0.1994,1,0.828,293.41,194.63,1599.53,1,0.4493,0.6542,0.633803,5,1
14.0169,0.3536,0.2348,1,0.535,202.34,77.47,2305.44,5,0.6485,1.4291,0.29651,6,1
1000.0,25.9704,0.0635,1,0.8676,144.9,18.76,5703.89,0,0.0,0.6756,0.009179,31,1
1000.0,29.2777,0.2936,2,0.9109,78.22,17.49,4365.09,0,0.0,1.041,0.00915,150,1
1000.0,30.0,0.4428,1,0.823,106.42,12.44,61.28,292,0.7934,0.2352,0.010129,205,1
53.3423,0.8231,0.0622,3,0.2918,158.64,49.95,2592.16,0,0.0,2.6284,14.315303,2,0
11.5306,0.1891,0.1746,1,0.4717,258.49,74.73,2600.01,5,0.4681,1.0582,0.720901,1,1
1000.0,24.0276,0.1483,1,0.8899,143.51,24.15,2343.9,0,0.0,0.4132,0.018902,86,1
69.0801,1.1754,0.1197,3,0.1,370.0,62.4,4470.27,1,0.1026,2.0457,14.132426,8,0
9.0717,0.1118,0.0645,5,0.1427,225.76,254.74,2652.72,1,0.0967,1.6809,13.091261,1,0
596.5068,9.6605,0.6311,1,0.9998,127.88,18.52,115.73,114,0.9547,0.4351,0.013031,115,1
21.1014,0.3877,0.0875,7,0.3815,166.71,190.5,1352.83,1,0.0201,2.6295,4.427991,5,0
40.1283,0.7168,0.0017,5,0.6591,333.2,98.23,1986.95,1,0.1167,2.4534,7.128423,0,0
1000.0,30.0,0.3,1,0.9166,114.13,10.79,6793.89,0,0.0,0.9724,0.030333,205,1
1000.0,30.0,0.1454,3,0.7188,80.54,7.67,6510.02,0,0.0,0.3083,0.008151,82,1
1000.0,21.1321,0.2182,1,0.9766,54.65,15.0,2921.52,0,0.0,0.3816,0.043031,69,1
20.622,0.3065,0.1115,6,0.4731,153.51,135.54,857.39,0,0.0,3.1711,3.282076,5,0
71.4477,1.3071,0.0366,5,0.3113,178.32,50.73,3092.63,0,0.0,2.6116,12.390185,2,0
2.1326,0.0564,0.0749,7,0.7415,194.25,295.03,1039.63,0,0.0,2.3102,7.086792,1,0
1000.0,27.5344,0.1885,1,0.9017,139.72,28.36,6128.75,0,0.0,0.277,0.021024,146,1
1000.0,30.0,0.6134,1,0.8114,141.69,10.73,176.18,126,0.8103,0.1462,0.019784,298,1
36.5599,0.58,0.0685,6,0.1753,168.84,132.57,3803.52,0,0.0,1.7262,13.573841,5,0
9.4266,0.3038,0.1193,5,0.1981,279.35,238.29,1228.04,0,0.0,2.4789,10.787819,5,0
14.9934,0.1768,0.0874,6,0.1219,329.91,280.94,4612.78,1,0.0265,2.7192,3.979453,5,0
1000.0,18.3952,0.1218,3,0.8243,67.71,24.16,6097.41,0,0.0,0.3797,0.012108,54,1
9.5641,0.1399,0.0775,6,0.692,320.14,232.21,2623.51,0,0.0,2.7548,12.83681,3,0
1000.0,19.7018,0.4605,1,0.9526,49.99,23.26,297.2,70,0.8534,0.0278,0.018333,212,1
1000.0,30.0,0.1212,2,0.8712,98.9,22.55,6493.62,0,0.0,0.2651,0.012192,89,1
585.881,9.9902,0.5324,1,0.9122,142.89,33.99,61.83,119,0.8233,0.2882,0.002097,179,1
15.0138,0.2408,0.0581,5,0.2917,390.1,282.03,2059.25,1,0.003,1.8443,12.76275,4,0
13.4603,0.2058,0.0837,4,0.4488,127.0,286.15,1635.86,1,0.0376,2.8161,5.833784,6,0
10.5112,0.0467,0.1522,7,0.3321,229.32,203.11,2570.74,0,0.0,2.0279,1.048453,4,0
570.3009,9.3703,0.486,1,0.9802,90.55,23.49,127.83,72,0.9311,0.3663,0.00943,107,1
6.2999,0.0415,0.1119,4,0.5451,138.73,117.34,3957.79,1,0.0065,1.6984,3.48008,0,0
1.2557,0.0176,0.1287,6,0.5296,129.09,276.65,1920.91,0,0.0,2.6667,11.357587,1,0
5.5537,0.0116,0.0039,4,0.1058,288.35,109.32,2087.32,1,0.0327,1.9489,12.056668,0,0
13.6504,0.4029,0.1494,4,0.3215,203.43,100.38,2894.03,0,0.0,2.8043,12.84633,5,0
37.861,0.4955,0.0747,6,0.3174,179.86,118.41,2437.89,0,0.0,1.4443,1.781212,5,0
504.7953,8.2126,0.2215,1,0.7538,126.9,17.47,3238.99,0,0.0,0.5597,0.032439,31,1
8.7016,0.1143,0.1623,3,0.1103,292.59,242.93,2395.62,1,0.1792,1.9855,8.792148,6,0
1000.0,23.6095,0.7538,1,0.9802,75.82,12.27,102.54,94,0.7823,0.4507,0.018627,218,1
26.5909,0.576,0.2463,6,0.6301,326.87,120.48,2657.14,0,0.0,1.5503,3.758374,13,0
20.3456,0.3652,0.2919,2,0.6654,204.99,97.09,636.76,0,0.0,0.3505,0.17215,9,1
24.0928,0.4233,0.2608,2,0.7126,235.23,86.53,951.65,0,0.0,0.4504,0.456206,9,1
12.0688,0.1708,0.0594,6,0.1455,273.55,182.18,1467.3,2,0.1019,3.6725,11.897274,2,0
28.3227,0.4774,0.0503,6,0.2689,439.89,151.9,4258.53,1,0.1806,1.8934,0.545264,3,0
158.9262,2.626,0.4636,2,0.987,125.01,58.82,291.39,184,0.5378,0.3529,0.007798,72,1
22.4091,0.3601,0.0844,4,0.1062,205.32,200.0,1105.72,1,0.0346,3.5247,12.638823,6,0
556.2544,9.3108,0.2329,1,0.7,154.19,24.57,4660.0,0,0.0,0.2471,0.025653,53,1
1000.0,30.0,0.1241,2,0.8975,94.57,18.95,3941.43,0,0.0,0.8426,0.013224,76,1
650.648,10.8523,0.4936,1,0.9875,95.56,38.6,220.72,196,0.8349,0.2743,0.01062,205,1
8.4798,0.163,0.1108,5,0.2886,388.24,160.98,879.43,0,0.0,2.2628,4.202617,2,0
352.9202,5.9042,0.8033,1,0.9372,158.58,32.79,190.44,341,0.9006,0.0561,0.014238,155,1
5.8285,0.0111,0.051,7,0.5001,360.58,199.26,2114.73,1,0.0718,3.1435,7.900868,0,0
11.0241,0.1393,0.2818,5,0.2839,288.34,140.83,1816.76,0,0.0,2.4622,4.958202,5,0
68.8668,1.1532,0.0732,7,0.1,195.03,47.97,809.21,0,0.0,2.8505,10.979697,3,0
108.7139,1.7695,0.0364,5,0.4844,300.98,41.82,1349.73,1,0.0739,1.9436,14.830072,2,0
1000.0,30.0,0.3485,1,0.9654,188.67,10.4,207.21,253,0.9463,0.5103,0.017027,122,1
9.9786,0.2406,0.0566,4,0.1,276.97,131.2,3611.63,0,0.0,1.6397,8.632472,1,0
20.2201,0.3558,0.0473,4,0.1459,104.26,142.63,4112.82,1,0.0882,2.7354,12.4048,2,0
10.7635,0.3453,0.036,4,0.3571,138.73,293.24,4957.86,1,0.0891,1.4586,14.824457,2,0
24.1904,0.3293,0.1044,6,0.1302,135.63,179.7,3505.59,0,0.0,2.4321,8.665557,6,0
569.0498,9.3539,0.6597,1,0.9852,64.0,49.09,187.75,76,0.898,0.3283,0.007771,308,1
32.9185,0.4569,0.1243,6,0.1,170.44,145.13,3460.78,1,0.1028,1.619,4.636817,9,0
1000.0,28.3702,0.7343,1,0.9175,119.72,10.82,68.46,359,0.753,0.2165,0.017117,226,1
16.1011,0.3633,0.0878,7,0.295,208.62,250.97,885.94,1,0.0437,1.7987,12.980196,6,0
8.1953,0.1226,0.0278,7,0.2269,410.41,243.62,3397.98,0,0.0,1.1519,1.236363,0,0
46.0803,0.7954,0.0375,4,0.3089,196.55,64.52,1940.85,1,0.3817,2.8736,4.334401,1,0
14.6526,0.2499,0.0514,7,0.1,120.22,146.81,505.42,1,0.027,2.9858,1.278609,2,0
9.0534,0.2445,0.2973,3,0.3086,315.21,199.5,3015.45,1,0.0168,3.1112,14.860664,14,0
6.4367,0.0698,0.0819,6,0.4191,195.85,125.74,739.39,0,0.0,1.6805,1.263584,0,0
1000.0,30.0,0.1097,1,0.916,78.6,17.21,2942.83,0,0.0,0.8564,0.000741,59,1
20.7826,0.2095,0.3907,2,0.5998,172.1,80.51,729.42,0,0.0,1.1972,0.361374,7,1
19.8198,0.37,0.105,6,0.4796,103.94,57.1,1932.62,1,0.068,1.6404,14.781085,1,0
13.2173,0.1882,0.0837,7,0.402,150.91,150.26,2472.71,0,0.0,1.6023,1.835167,2,0
545.1211,9.1927,0.1835,3,0.8967,45.8,26.2,7469.24,0,0.0,0.4386,0.043377,43,1
46.8066,0.804,0.0189,3,0.4646,143.48,69.4,2460.25,1,0.0924,1.9095,10.581932,0,0
1000.0,30.0,0.0583,1,0.7,114.21,4.01,3442.76,0,0.0,0.6105,0.045187,18,1
3.8764,0.0616,0.1211,5,0.232,89.96,121.3,874.33,0,0.0,3.0342,11.724746,0,0
19.0984,0.3465,0.0034,4,0.1804,301.11,43.6,2773.19,0,0.0,2.8232,8.754031,0,0
407.0388,6.7179,0.3603,1,0.8609,150.62,39.3,260.72,134,0.8471,0.3575,0.013436,94,1
22.2998,0.3134,0.1539,5,0.3081,161.74,61.28,3182.95,0,0.0,3.4603,14.68111,3,0
46.0663,0.8019,0.1156,6,0.602,231.82,88.92,4643.33,0,0.0,1.6353,3.509344,8,0
4.3671,0.0,0.016,6,0.1112,361.5,288.94,673.89,0,0.0,3.6614,13.332558,0,0
128.5425,2.2199,0.3018,1,0.9371,100.34,55.29,232.04,394,0.9042,0.4759,0.001204,35,1
14.9296,0.2784,0.0261,5,0.5052,196.21,174.82,911.01,0,0.0,1.4797,5.911759,1,0
13.002,0.3038,0.083,5,0.2518,296.81,210.86,2661.73,1,0.0589,3.5394,12.617533,3,0
1000.0,30.0,0.1487,1,0.9279,75.15,12.85,4797.1,0,0.0,0.1415,0.003959,66,1
14.469,0.2312,0.1669,4,0.1613,280.38,73.13,1241.29,0,0.0,1.9771,11.183521,2,0
6.8297,0.1122,0.0516,6,0.2154,271.8,193.03,3588.95,1,0.1122,2.5983,12.011614,1,0
3.8915,0.0648,0.0273,5,0.6274,289.31,276.23,3698.31,0,0.0,2.366,12.15767,0,0
244.4847,4.1751,0.6052,2,0.9876,96.68,34.31,208.08,163,0.7996,0.2361,0.005286,88,1
1000.0,23.9655,0.1228,1,0.7877,51.9,19.1,5441.48,0,0.0,0.3594,0.009072,56,1
221.5478,3.5389,0.7362,1,0.9027,57.23,27.36,199.82,380,0.65,0.3003,0.015164,72,1
1000.0,30.0,0.3,1,0.9381,120.64,6.74,7774.78,0,0.0,0.3158,0.003471,105,1
12.7326,0.1461,0.032,5,0.3589,412.6,259.27,4692.13,0,0.0,1.6858,14.958148,1,0
1000.0,30.0,0.294,1,0.8791,123.43,14.4,2580.21,0,0.0,0.6353,0.02811,140,1
236.7653,3.9062,0.8716,1,0.9122,183.81,47.59,54.46,124,0.9742,0.2236,0.016335,163,1
5.7076,0.1017,0.0347,5,0.3014,381.12,280.09,3416.77,0,0.0,2.1398,1.336747,1,0
332.1185,5.7237,0.5021,2,0.9944,53.08,44.61,75.03,245,0.929,0.0387,0.002684,125,1
1000.0,30.0,0.3,1,0.8528,132.09,16.31,1680.35,0,0.0,0.3904,0.010504,180,1
452.4386,7.5106,0.7865,1,0.9079,186.52,59.05,175.56,333,0.99,0.0822,0.014101,350,1
787.3507,12.9229,0.3,1,0.7366,75.21,24.79,7130.16,0,0.0,0.4389,0.023826,97,1
25.2985,0.3948,0.074,4,0.3412,228.98,49.63,4768.47,0,0.0,3.3926,4.218216,1,0
1000.0,30.0,0.0851,1,0.889,56.76,6.47,2092.24,0,0.0,0.154,0.010294,27,1
24.7807,0.4404,0.0841,5,0.1035,290.55,82.7,851.5,0,0.0,2.7515,1.553726,2,0
1000.0,30.0,0.7349,1,0.8,67.05,6.11,230.36,234,0.754,0.0,0.006602,142,1
494.1616,8.2571,0.5277,1,0.9381,87.19,32.86,199.19,311,0.9524,0.0004,0.017316,144,1
13.1837,0.2538,0.1026,3,0.5482,146.83,73.74,2295.73,0,0.0,2.6508,11.063868,1,0
15.0202,0.2362,0.245,4,0.2815,262.93,292.87,1709.05,1,0.0465,2.9429,12.232089,14,0
212.3438,3.5559,0.6414,1,0.9583,147.08,27.79,289.58,274,0.9139,0.2082,0.009733,62,1
809.3846,13.5635,0.8005,1,0.9942,113.81,9.66,56.6,129,0.7344,0.0765,0.011367,104,1
13.2769,0.2124,0.0754,4,0.3855,354.62,264.1,3445.32,1,0.1976,3.1907,3.347058,5,0
1000.0,30.0,0.1675,2,0.8923,53.39,16.4,5136.42,0,0.0,0.1662,0.024777,130,1
22.4674,0.3495,0.155,1,0.4541,175.61,72.05,503.65,10,0.4555,1.0301,0.3907,3,1
20.3377,0.309,0.019,3,0.3964,355.19,123.75,1123.03,1,0.0565,1.631,9.09452,0,0
14.5596,0.1998,0.4143,5,0.4092,153.92,118.75,3391.07,1,0.1061,1.7997,4.568783,9,0
1.2771,0.0726,0.0777,3,0.1147,318.41,205.57,4114.27,0,0.0,2.0528,5.913621,0,0
1000.0,22.1744,0.3,2,0.7489,123.93,24.98,5144.45,0,0.0,0.1711,0.01969,166,1
19.6495,0.3109,0.0356,6,0.2007,279.08,200.22,4491.44,0,0.0,2.3499,14.31687,2,0
3.3993,0.1084,0.1556,3,0.6447,227.33,151.88,2228.7,1,0.3334,0.5903,0.630504,2,1
26.3231,0.4366,0.1114,3,0.1043,179.87,67.63,2283.89,0,0.0,1.8571,6.382533,3,0
3.404,0.0079,0.0403,5,0.3362,377.52,299.82,2202.42,0,0.0,2.0712,14.730058,0,0
1000.0,20.8182,0.0721,1,0.9296,53.91,29.13,4823.79,0,0.0,0.2879,0.013454,43,1
12.3459,0.2434,0.0146,5,0.1978,38.0,207.55,4941.4,0,0.0,2.7723,12.281121,0,0
735.1293,12.2437,0.747,1,0.9987,118.01,6.85,85.96,263,0.8757,0.0371,0.01903,62,1
24.9776,0.3607,0.0342,3,0.1,267.24,159.57,4221.58,1,0.0852,2.3406,11.673364,2,0
12.2647,0.2019,0.1069,3,0.1189,216.05,194.13,2854.6,1,0.1959,2.1749,14.995016,5,0
0.0166,0.1021,0.0153,6,0.1,121.98,295.38,2520.44,0,0.0,1.6212,12.423924,0,0
34.6191,0.4501,0.1462,3,0.1,225.07,135.15,4000.59,0,0.0,2.6144,5.954762,11,0
13.6676,0.1945,0.0686,4,0.1,405.36,200.64,945.29,1,0.0292,2.7698,6.829067,3,0
1000.0,30.0,0.0595,1,0.9542,100.25,3.1,1688.47,0,0.0,0.9361,0.036016,33,1
58.5606,1.1438,0.0773,7,0.1,287.76,64.72,1429.84,1,0.2624,1.7977,8.093764,5,0
17.0703,0.3129,0.1617,6,0.1583,346.91,85.52,1491.62,1,0.0873,2.6811,12.767956,3,0
9.0119,0.0626,0.0952,5,0.1764,131.87,286.48,3103.26,0,0.0,3.0219,2.374797,2,0
1000.0,30.0,0.5832,2,0.8865,85.38,5.85,171.76,161,0.7504,0.0,0.016126,132,1
12.3453,0.1428,0.2379,2,0.4951,296.81,183.02,2940.24,5,0.4793,1.2069,0.21159,7,1
898.6198,15.2052,0.6042,1,0.98,81.38,15.21,188.52,337,0.5,0.042,0.006374,138,1
227.4378,3.9339,0.459,1,0.9951,167.55,40.03,272.49,105,0.9452,0.1407,0.002561,69,1
7.8951,0.1344,0.1765,5,0.2285,239.16,168.6,4764.6,1,0.1458,2.7666,6.21014,4,0
1000.0,21.3784,0.8546,1,0.9789,153.91,17.74,156.05,74,0.7432,0.5061,0.009609,328,1
5.0211,0.1161,0.0247,7,0.2804,331.15,177.61,3320.95,0,0.0,1.4849,7.184984,0,0
13.702,0.2952,0.0886,7,0.1829,307.32,237.73,2031.43,0,0.0,2.3042,2.610733,5,0
5.5815,0.1066,0.1153,4,0.2257,400.51,254.03,515.4,0,0.0,3.5914,1.055931,3,0
1000.0,17.4617,0.5638,1,0.974,158.59,27.45,127.66,117,0.8492,0.2362,0.017669,271,1
34.8999,0.5633,0.06,3,0.2587,178.88,129.53,4795.37,0,0.0,2.055,10.69447,3,0
9.266,0.1594,0.1813,7,0.1,319.09,259.14,4754.14,1,0.0174,2.733,13.650424,7,0
15.5493,0.3078,0.1082,7,0.192,290.55,190.63,662.56,0,0.0,1.7508,7.085872,5,0
51.927,0.8835,0.0577,3,0.1,217.99,94.49,4844.83,0,0.0,2.1489,4.030272,4,0
3.9405,0.1411,0.0283,5,0.3883,66.4,149.7,1111.58,0,0.0,1.9533,13.543986,0,0
839.8265,14.1863,0.1238,2,0.9397,56.4,19.73,1064.84,0,0.0,0.0471,0.011369,34,1
1.2449,0.0843,0.1231,5,0.3403,348.27,281.63,2795.14,1,0.1474,1.4917,5.577412,2,0
49.3416,0.7609,0.1055,5,0.4095,355.96,97.34,1833.32,1,0.2271,1.4077,13.448717,8,0
15.7412,0.2516,0.0152,3,0.158,172.62,283.76,3457.59,0,0.0,3.679,6.795642,1,0
5.1637,0.1442,0.0165,6,0.1689,427.77,219.9,3248.37,1,0.1662,1.7216,8.295903,0,0
1000.0,29.1688,0.1486,1,0.7,155.25,26.69,3956.21,0,0.0,0.6188,0.00379,114,1
2.3866,0.0498,0.0801,6,0.1222,427.37,245.8,2072.68,1,0.2146,3.1994,7.026802,1,0
45.3461,0.6731,0.094,5,0.1731,276.71,107.53,592.8,0,0.0,3.267,6.292875,7,0
424.2996,7.1619,0.556,2,0.8623,94.25,46.26,153.91,152,0.6377,0.2219,0.01284,182,1
23.1227,0.3562,0.0363,4,0.2657,116.31,129.3,2804.42,0,0.0,2.6337,3.028313,1,0
965.2342,16.0472,0.187,1,0.9557,51.32,26.47,4751.09,0,0.0,0.0742,0.047995,79,1
403.3602,6.6381,0.612,1,0.8231,100.09,13.08,59.46,343,0.7593,0.0,0.015621,53,1
2.8483,0.0983,0.078,4,0.2967,250.11,266.95,1693.46,0,0.0,3.076,8.989229,1,0
1000.0,22.4336,0.1775,1,0.9179,94.86,10.26,1509.51,0,0.0,0.9225,0.00139,40,1
4.0807,0.172,0.0397,6,0.1422,255.6,200.16,634.68,0,0.0,2.5605,5.642435,0,0
61.0547,1.021,0.0328,3,0.1,366.99,44.56,1274.75,0,0.0,3.0428,11.722719,1,0
21.9552,0.4301,0.1698,6,0.2737,226.86,86.55,3087.71,1,0.4274,2.7681,8.522334,5,0
11.1285,0.1405,0.0326,7,0.3022,293.54,241.96,4406.11,0,0.0,2.6123,10.668792,1,0
520.5345,8.6651,0.3,1,0.9247,45.41,51.25,181.76,246,0.8733,0.3163,0.013132,132,1
22.2957,0.3452,0.1751,5,0.1765,386.27,109.12,979.7,1,0.0605,3.0274,0.648501,6,0
85.7555,1.3445,0.04,3,0.3683,391.21,50.19,4567.68,1,0.089,3.238,5.206946,2,0
10.1002,0.2661,0.1509,6,0.1015,118.9,297.56,1492.74,0,0.0,2.8995,5.05382,10,0
301.384,5.0027,0.4166,1,0.8565,158.35,46.3,212.31,349,0.7965,0.2694,0.009382,96,1
16.7269,0.184,0.013,7,0.457,111.86,144.47,2692.62,0,0.0,1.7077,10.57274,0,0
0.0,0.0139,0.1781,6,0.2761,291.56,265.25,4506.87,0,0.0,2.0228,8.30502,1,0
1000.0,29.38,0.0998,3,0.8906,60.15,14.77,3851.93,0,0.0,0.5752,0.046298,43,1
30.0355,0.5177,0.067,7,0.1412,130.98,162.19,2273.51,0,0.0,2.6894,5.936742,5,0
10.9214,0.1416,0.172,7,0.3702,378.1,148.47,552.04,0,0.0,2.8713,2.74017,4,0
30.3074,0.5699,0.4057,3,0.7849,202.0,71.32,1034.3,0,0.0,1.0285,0.3823,15,1
823.8013,13.5339,0.5291,1,0.947,177.66,30.81,204.36,143,0.5909,0.2567,0.004115,223,1
7.2395,0.1335,0.0599,3,0.1249,99.06,215.92,3181.26,0,0.0,1.9858,14.018242,1,0
58.9157,1.0124,0.0432,6,0.1,209.28,62.44,4000.34,1,0.1883,2.3287,3.359641,2,0
6.9062,0.0333,0.0099,3,0.5436,336.1,181.04,3214.59,0,0.0,2.3455,12.484869,0,0
10.9464,0.1847,0.2094,1,0.8303,96.21,114.55,806.82,10,0.6721,0.7361,0.213508,3,1
23.9114,0.3701,0.0549,4,0.1,354.59,87.11,574.43,0,0.0,3.1015,5.948511,1,0
1000.0,30.0,0.1079,1,0.9025,130.29,12.08,3009.25,0,0.0,0.2574,0.002952,41,1
461.6066,7.9528,0.8144,2,0.8869,184.14,45.69,92.07,393,0.5,0.346,0.01325,293,1
997.4935,16.5371,0.854,1,0.8967,66.48,25.23,216.22,281,0.6808,0.3573,0.001927,359,1
16.8769,0.2664,0.0835,5,0.1,120.12,110.8,4184.79,0,0.0,2.233,3.014728,2,0
116.4111,1.9325,0.1884,7,0.3249,83.73,39.62,4251.23,0,0.0,2.6235,7.809087,14,0
18.0574,0.3108,0.0321,4,0.5299,204.93,216.3,4003.46,1,0.0449,3.2519,3.793332,2,0
10.9467,0.2779,0.0355,7,0.6785,310.09,157.3,4190.44,0,0.0,2.4813,2.469721,1,0
1000.0,30.0,0.05,1,0.8377,46.96,7.91,6922.4,0,0.0,0.5215,0.00902,20,1
27.8863,0.451,0.034,6,0.2639,202.99,139.64,4347.99,0,0.0,3.506,14.706148,2,0
1000.0,27.0982,0.3,2,0.7,132.29,28.5,3596.07,0,0.0,0.8919,0.031697,230,1
1000.0,30.0,0.09,1,0.7404,60.51,16.86,3108.51,0,0.0,0.3294,0.024124,67,1
9.9872,0.1521,0.0958,7,0.1017,150.53,213.42,583.57,1,0.0346,2.9516,11.558476,3,0
24.4383,0.3106,0.1009,7,0.1002,328.82,167.43,3398.01,0,0.0,3.2507,7.753959,6,0
1000.0,30.0,0.09,1,0.7275,88.71,11.35,2820.45,0,0.0,0.5655,0.033987,45,1
242.3377,3.7572,0.8292,1,0.8937,205.11,41.57,236.13,380,0.764,0.4387,0.008437,137,1
50.0385,0.9222,0.1891,4,0.3081,200.79,62.99,2443.83,0,0.0,1.1159,4.429117,10,0
22.1349,0.3242,0.0748,3,0.3737,135.01,70.4,1939.3,0,0.0,2.0477,2.561972,1,0
10.9512,0.2771,0.0923,7,0.2256,232.52,163.29,1865.07,2,0.0162,2.3732,14.615513,3,0
14.1593,0.2574,0.1255,5,0.4715,222.21,221.22,1420.63,1,0.2675,3.3736,2.110832,6,0
62.4372,1.0441,0.069,3,0.1384,160.36,58.93,1950.75,0,0.0,2.8337,14.011379,4,0
23.9504,0.2898,0.0286,3,0.1,386.31,155.54,3294.35,1,0.0295,2.9759,6.262811,1,0
8.8746,0.3414,0.2958,2,0.8101,149.84,133.43,1296.9,0,0.0,0.5993,0.487351,9,1
0.0,0.0713,0.1777,5,0.3739,226.36,292.45,3171.23,0,0.0,2.9143,14.796593,2,0
8.7601,0.1679,0.0562,7,0.1,209.36,139.78,505.0,0,0.0,2.1688,10.096601,0,0
757.6527,12.5998,0.7962,1,0.95,150.46,13.79,125.88,230,0.9221,0.2532,0.018616,139,1
12.9144,0.0658,0.0005,7,0.1364,387.5,168.12,4159.13,0,0.0,3.4361,0.847357,0,0
16.5489,0.2353,0.1425,2,0.5825,108.87,119.68,1042.51,0,0.0,0.672,0.787644,4,1
19.614,0.3068,0.1074,7,0.169,235.15,120.14,3572.51,0,0.0,2.727,12.913382,4,0
8.7497,0.1314,0.0368,6,0.4166,359.6,173.18,4265.06,0,0.0,2.6361,5.691247,0,0
757.526,12.5656,0.5857,1,0.936,180.81,21.62,129.88,130,0.8594,0.3619,0.019818,159,1
8.9341,0.0885,0.0166,4,0.3167,128.23,49.59,2636.54,1,0.0454,2.4041,11.444725,0,0
373.0725,6.1748,0.6222,1,0.9543,138.24,45.59,265.23,197,0.6383,0.0,0.012183,176,1
1000.0,19.4089,0.8531,1,0.9544,168.29,9.29,126.62,382,0.804,0.3318,0.013503,153,1
22.4414,0.3516,0.0367,7,0.2672,138.44,113.6,3475.02,0,0.0,2.5403,11.444464,1,0
928.0276,15.5593,0.1023,2,0.7,41.5,17.34,5213.06,0,0.0,0.2499,0.037519,27,1
111.3112,1.8561,0.0169,5,0.1,319.89,42.51,629.59,0,0.0,3.3463,0.900292,1,0
10.4571,0.2795,0.2126,3,0.3094,255.77,228.8,1997.68,1,0.0993,2.7138,0.66515,9,0
18.2645,0.2945,0.0353,3,0.4765,333.75,287.37,1896.49,0,0.0,1.8532,4.150503,2,0
76.9533,1.3444,0.0932,5,0.3985,374.73,54.2,3887.77,0,0.0,1.5686,8.763332,6,0
6.5101,0.0925,0.0073,5,0.4685,348.28,175.04,4762.27,0,0.0,2.3452,3.605556,0,0
9.8403,0.1785,0.0707,6,0.1,318.34,285.42,1802.1,0,0.0,1.95,1.718859,2,0
35.889,0.6312,0.1621,2,0.59,181.48,64.63,526.36,5,0.4017,0.2952,0.26649,5,1
4.0442,0.1825,0.0215,7,0.1501,265.54,89.27,4898.39,0,0.0,2.3449,14.671762,0,0
234.8978,4.0065,0.8228,1,0.8,111.17,28.49,235.76,362,0.7826,0.3758,0.001393,92,1
482.1698,8.1393,0.8303,1,0.9386,113.99,28.86,210.01,244,0.5761,0.2858,0.010507,194,1
32.7079,0.6786,0.0869,4,0.1,392.02,44.27,2484.4,2,0.0739,3.0846,10.978113,2,0
50.7041,0.9385,0.0341,6,0.163,272.95,45.25,1523.21,1,0.0364,2.4493,3.262449,1,0
490.7855,8.0166,0.1133,1,0.8502,84.29,26.16,2512.09,0,0.0,0.848,0.024927,24,1
11.8383,0.1588,0.0224,3,0.2893,237.91,275.36,2213.45,0,0.0,1.6033,14.535228,0,0
1000.0,24.627,0.157,1,0.8133,110.18,20.68,3841.16,0,0.0,0.3391,0.041987,79,1
803.063,13.7141,0.785,2,0.956,82.79,20.75,123.5,170,0.6986,0.0265,0.01425,221,1
1000.0,23.3099,0.111,2,0.9396,137.9,9.98,4791.63,0,0.0,0.7387,0.004595,25,1
5.6009,0.0357,0.0447,6,0.2518,111.26,109.67,769.31,0,0.0,1.7113,14.054321,0,0
487.0047,8.1635,0.484,1,0.9775,76.07,26.91,111.63,320,0.5966,0.4453,0.002644,105,1
15.2158,0.2205,0.0199,5,0.1,122.99,127.23,2691.29,1,0.0638,3.2664,2.708277,0,0
20.6978,0.4036,0.0371,6,0.1637,188.87,192.47,2543.87,0,0.0,3.4928,7.390303,2,0
0.1046,0.0362,0.1708,4,0.3329,345.55,195.76,2560.64,0,0.0,2.4246,3.631284,1,0
6.002,0.2106,0.1015,4,0.1,163.82,286.98,972.2,0,0.0,2.9322,4.446658,4,0
7.0939,0.1353,0.3648,2,0.4658,128.65,151.55,1148.75,0,0.0,1.402,0.630544,5,1
18.182,0.313,0.0494,7,0.2416,118.44,194.93,3571.8,0,0.0,2.4284,7.755286,2,0
44.1914,0.6016,0.199,3,0.215,404.73,86.23,4319.06,1,0.0697,2.1593,1.626824,11,0
460.7281,7.7906,0.1103,2,0.8777,56.64,26.3,3010.54,0,0.0,0.093,0.003886,22,1
165.9552,2.6322,0.8276,1,0.965,159.53,52.1,267.45,382,0.8814,0.1381,0.014071,118,1
22.2975,0.372,0.0894,6,0.5057,281.29,179.73,2725.48,0,0.0,2.2035,13.482602,6,0
26.1713,0.3342,0.0784,5,0.622,165.48,47.08,4425.68,0,0.0,3.5329,12.473808,1,0
11.4958,0.1977,0.0362,4,0.4109,336.25,281.65,4958.26,0,0.0,2.9326,12.956056,1,0
304.1736,4.9101,0.3,1,0.9453,156.56,38.74,246.52,269,0.6456,0.385,0.003877,57,1
41.0908,0.6954,0.1482,3,0.454,255.08,115.11,1258.56,1,0.0071,2.0672,3.783738,11,0
27.9737,0.4543,0.0681,7,0.1022,173.69,160.47,1556.39,1,0.0335,1.5955,4.963378,5,0
13.0073,0.1724,0.2418,4,0.1,242.09,253.04,2438.99,0,0.0,3.523,5.108116,14,0
4.6762,0.0559,0.0597,3,0.3621,220.13,234.07,951.4,0,0.0,2.9877,11.603535,1,0
11.8283,0.0522,0.1691,5,0.1,377.6,212.1,1260.29,1,0.0065,3.2557,0.563374,4,0
5.5953,0.0678,0.1325,5,0.3328,222.19,185.38,3822.76,1,0.128,2.4801,6.587662,1,0
533.5095,8.9378,0.6835,1,0.9053,157.24,30.3,95.95,261,0.6162,0.182,0.005223,183,1
16.5044,0.2566,0.0495,4,0.168,240.88,292.1,1068.43,1,0.0389,3.5242,9.856028,3,0
2.4054,0.0648,0.0947,5,0.4244,241.72,118.23,964.69,0,0.0,2.6067,4.797185,0,0
20.5915,0.3003,0.4312,1,0.7151,282.47,138.06,2983.2,0,0.0,0.6027,0.458829,8,1
1000.0,30.0,0.3,2,0.822,158.68,10.69,4844.16,0,0.0,0.1529,0.016682,206,1
821.6033,13.8195,0.6993,1,0.943,103.0,25.51,176.51,278,0.7419,0.4475,0.004499,246,1
4.487,0.1298,0.2072,4,0.1536,112.49,295.26,1782.0,0,0.0,2.4178,8.11072,1,0
1000.0,23.9957,0.4746,1,0.9693,60.68,17.87,187.58,300,0.7746,0.0313,0.01837,202,1
18.4128,0.2583,0.1469,3,0.1,133.11,175.83,3013.09,0,0.0,2.1568,6.420977,7,0
7.4254,0.1319,0.0265,5,0.2654,204.21,266.75,2846.4,1,0.0461,2.9099,13.28882,1,0
1000.0,30.0,0.0682,2,0.8433,43.61,6.83,4364.46,0,0.0,1.1244,0.041437,26,1
440.6611,7.3451,0.6246,1,0.8949,192.41,20.07,116.55,134,0.8225,0.172,0.007905,91,1
1000.0,30.0,0.3,1,0.8369,55.0,6.56,1634.06,0,0.0,0.3256,0.04405,117,1
9.691,0.2089,0.0229,4,0.4273,226.85,237.84,4633.15,0,0.0,2.9516,13.936439,0,0
838.7012,13.9458,0.8186,2,0.9334,59.87,8.0,250.74,370,0.8817,0.0,0.013145,90,1
821.5057,13.6273,0.7447,1,0.9595,82.13,29.2,230.99,313,0.7399,0.1069,0.00874,296,1
19.037,0.2076,0.5,3,0.744,334.21,113.49,1852.13,0,0.0,0.6687,0.146529,7,1
20.9306,0.4623,0.067,7,0.1,131.3,70.6,1782.69,0,0.0,2.7189,11.983224,1,0
15.1227,0.2729,0.104,5,0.3369,273.81,285.19,2614.5,0,0.0,1.5033,4.051616,7,0
224.2915,3.8134,0.369,1,0.9836,55.63,37.34,286.46,324,0.9331,0.4904,0.014873,51,1
25.9782,0.4148,0.0712,4,0.5353,105.63,97.79,1271.44,2,0.0429,2.805,4.449576,2,0
9.8236,0.1313,0.113,1,0.5342,126.27,78.49,2375.24,0,0.0,0.3997,0.633965,1,1
866.5756,14.404,0.5655,1,0.9163,143.88,24.51,93.14,348,0.804,0.2825,0.002812,200,1
8.9905,0.111,0.0695,4,0.4718,379.35,299.54,4646.63,0,0.0,3.2922,10.829985,3,0
15.4377,0.2727,0.0988,6,0.2084,387.01,118.19,913.83,0,0.0,2.5649,7.354626,2,0
563.9073,9.3945,0.069,2,0.7,58.18,25.85,2800.77,0,0.0,0.3359,0.036427,16,1
138.4058,2.3589,0.6717,1,0.8,195.05,56.9,56.38,138,0.7417,0.0367,0.009519,95,1
767.4941,12.8167,0.5279,1,0.9101,72.09,23.45,272.96,191,0.6939,0.2726,0.009643,159,1
15.5708,0.1512,0.1448,6,0.3039,388.74,201.17,2108.84,0,0.0,2.1633,14.558505,6,0
16.9667,0.3524,0.0086,7,0.225,267.5,294.1,1320.92,0,0.0,2.6775,13.814307,0,0
16.5831,0.2325,0.2054,3,0.4204,118.74,130.79,2523.77,0,0.0,3.1047,13.319017,7,0
504.3681,8.3641,0.3318,1,0.9863,50.8,24.16,126.43,154,0.5687,0.0,0.01507,67,1
19.7927,0.3618,0.149,4,0.1051,253.22,57.56,722.61,0,0.0,1.8613,5.499077,2,0
52.8531,0.7552,0.0085,4,0.1682,276.83,50.45,4843.5,0,0.0,2.7813,13.645553,0,0
5.7611,0.0681,0.0077,4,0.2327,281.02,81.86,3079.14,1,0.0084,3.156,2.711556,0,0
44.3354,0.7429,0.0236,6,0.3655,89.14,62.57,1152.4,1,0.021,2.1924,7.54889,1,0
2.027,0.1233,0.0863,5,0.1645,401.64,298.78,3192.76,1,0.1298,2.955,9.205198,2,0
814.6564,13.5226,0.1447,1,0.8497,80.72,23.63,2538.63,0,0.0,0.8334,0.021174,46,1
1000.0,30.0,0.6811,1,0.9043,172.64,8.8,286.77,293,0.9025,0.2402,0.018814,195,1
20.6788,0.2709,0.0311,4,0.4974,205.63,161.9,2607.75,0,0.0,1.3753,13.827779,1,0
1000.0,19.7434,0.2961,2,0.7982,134.35,17.07,5101.49,0,0.0,0.8088,0.00512,99,1
185.6331,3.2803,0.6685,1,0.8754,179.16,33.26,63.49,282,0.8133,0.0,0.015515,66,1
6.7031,0.1233,0.18,2,0.902,209.52,140.91,1886.37,0,0.0,0.3768,0.524108,7,1
371.2527,6.2404,0.5917,1,0.9589,196.49,49.3,58.43,285,0.9745,0.0,0.014091,177,1
8.8246,0.1623,0.0098,7,0.3265,285.65,222.03,4835.98,0,0.0,1.3094,8.897315,0,0
15.8542,0.3273,0.0736,3,0.3589,196.74,234.28,1898.17,1,0.0159,2.8138,12.337767,4,0
21.0002,0.2834,0.0687,5,0.1474,134.23,73.27,4541.68,1,0.1262,2.8958,11.686963,1,0
227.5123,3.978,0.7782,1,0.8,194.51,54.95,292.75,307,0.9009,0.3283,0.004751,165,1
38.4102,0.6549,0.159,5,0.3983,189.27,39.92,663.53,1,0.251,2.4707,6.65,4,0
17.8283,0.1528,0.241,1,0.5653,268.62,182.21,457.71,1,0.75,1.4408,0.104123,8,1
14.4413,0.2445,0.0062,4,0.1888,212.29,200.7,4689.06,0,0.0,2.8351,5.461736,0,0
1000.0,30.0,0.1248,3,0.7,50.59,16.93,7323.45,0,0.0,0.5214,0.017155,97,1
45.2742,0.7047,0.1997,5,0.118,369.23,59.21,2934.71,0,0.0,2.569,2.03612,8,0
29.6639,0.5382,0.0663,3,0.4091,89.12,87.27,570.43,2,0.0427,2.0103,8.099796,3,0
6.5065,0.0,0.018,7,0.3388,147.0,289.91,3110.11,1,0.0071,2.6599,5.007617,0,0
12.9262,0.2033,0.2736,5,0.4265,98.99,285.61,2981.85,0,0.0,2.0956,1.772509,19,0
1000.0,30.0,0.2065,2,0.8071,62.87,20.34,5146.45,0,0.0,0.13,0.012571,151,1
13.9602,0.1247,0.0446,4,0.4511,209.19,107.59,4263.6,0,0.0,1.9121,0.960134,0,0
290.2657,4.9482,0.0934,2,0.7592,105.16,29.34,2153.29,0,0.0,0.8485,0.013983,13,1
336.2614,5.7116,0.9193,1,0.8832,59.43,27.86,260.84,352,0.9831,0.3396,0.016509,147,1
11.3049,0.237,0.0568,4,0.3846,206.88,296.25,3426.23,1,0.0071,2.5273,5.245697,3,0
289.6364,4.8612,0.7307,1,0.8,194.13,54.78,252.62,220,0.815,0.1573,0.003482,193,1
5.9618,0.0747,0.0753,3,0.1,209.63,232.16,1693.8,0,0.0,2.8781,11.549144,1,0
699.216,11.7615,0.5772,2,0.9276,84.87,32.28,283.58,254,0.6848,0.2134,0.019349,215,1
11.555,0.122,0.1369,7,0.1489,112.89,50.52,3844.49,1,0.0989,3.1654,4.963503,1,0
1.492,0.0474,0.0699,4,0.4664,199.27,260.65,4256.59,1,0.0639,2.5005,1.746619,0,0
1000.0,30.0,0.1279,2,0.7,143.29,9.51,1273.24,0,0.0,0.6161,0.01636,36,1
5.2701,0.0845,0.0447,7,0.3055,342.49,175.54,4695.18,0,0.0,2.6724,9.826764,0,0
485.3035,8.0955,0.4287,2,0.9925,68.14,57.58,246.33,98,0.8261,0.0,0.014226,199,1
1000.0,30.0,0.201,2,0.8617,152.89,13.45,7300.09,0,0.0,0.7891,0.042996,93,1
10.928,0.1047,0.0492,7,0.1631,376.96,117.85,883.2,0,0.0,2.3679,6.492041,1,0
19.3346,0.3169,0.114,5,0.2472,228.8,224.45,951.23,0,0.0,2.3679,9.383909,7,0
9.2008,0.239,0.0829,5,0.3097,309.42,128.65,3083.78,1,0.1709,2.5516,1.708942,1,0
15.0198,0.1528,0.0607,7,0.1382,164.11,255.36,540.5,1,0.1337,1.8452,11.552214,4,0
4.7528,0.1275,0.0925,6,0.4354,194.84,92.11,601.53,0,0.0,1.0478,14.853886,0,0
8.3909,0.0514,0.126,1,0.5534,308.02,190.19,1124.22,10,0.2274,0.5491,0.40095,1,1
26.8022,0.3757,0.1042,4,0.1,185.86,184.89,4593.12,1,0.0518,1.7148,1.367353,7,0
10.2505,0.1973,0.0157,3,0.1734,181.78,247.79,3882.22,1,0.0312,3.3119,6.371714,0,0
17.3147,0.204,0.0229,4,0.1,208.31,39.54,4382.99,1,0.1758,2.7328,11.891027,0,0
8.5535,0.1164,0.0255,7,0.1757,239.82,291.0,931.81,2,0.2471,2.8816,1.769806,0,0
12.9338,0.2167,0.0803,7,0.2746,253.8,263.81,3693.02,0,0.0,1.8354,5.010938,4,0
60.2099,1.064,0.1369,7,0.4107,284.25,45.78,1276.95,0,0.0,2.596,3.879226,6,0
54.7418,0.9061,0.1205,7,0.1,289.17,56.33,2669.35,0,0.0,2.8063,8.317787,6,0
5.0159,0.0646,0.083,5,0.1257,232.83,207.85,1460.36,1,0.0183,2.6167,10.045363,1,0
627.3923,10.6441,0.0785,1,0.9271,97.9,21.61,6794.96,0,0.0,0.5726,0.009795,17,1
26.8981,0.4428,0.0472,4,0.1246,400.79,181.99,805.34,1,0.0114,3.2763,13.578752,3,0
116.7765,1.9781,0.0523,5,0.2363,318.89,38.95,2317.5,0,0.0,3.6593,14.486161,4,0
1000.0,18.0947,0.3,2,0.8288,89.66,25.64,2797.52,0,0.0,0.7434,0.001193,138,1
31.5935,0.4906,0.0276,6,0.1068,264.7,97.15,4407.22,0,0.0,1.5168,4.411369,1,0
60.3931,1.0221,0.0525,3,0.1636,218.05,38.41,2661.59,0,0.0,3.0779,3.103353,2,0
18.1039,0.3409,0.2038,6,0.1,137.3,200.65,4506.88,0,0.0,1.362,2.58671,13,0
5.546,0.0383,0.1477,7,0.1,213.74,179.19,2604.05,0,0.0,3.147,14.698155,2,0
532.6491,8.6778,0.7449,1,0.8183,166.03,35.83,88.6,292,0.8386,0.1449,0.018279,234,1
66.7932,1.0406,0.2214,4,0.6003,233.25,36.9,2169.16,2,0.0275,3.164,11.468371,8,0
1000.0,22.9241,0.2852,2,0.7,117.9,24.07,1893.18,0,0.0,0.5667,0.042126,158,1
259.1641,4.2985,0.3525,1,0.8868,87.62,54.8,279.57,99,0.6272,0.3587,0.011863,84,1
3.8792,0.1274,0.0567,5,0.6123,332.87,249.52,3694.83,1,0.0172,2.3893,11.844636,1,0
14.9442,0.1453,0.005,7,0.3063,295.74,186.07,745.82,1,0.045,2.6276,2.202359,0,0
45.1523,0.6918,0.0213,5,0.6012,385.23,30.39,2427.78,0,0.0,2.825,9.886529,0,0
64.2649,1.1393,0.1372,3,0.3222,196.22,46.09,730.18,0,0.0,2.5272,7.507767,6,0
58.1465,0.8865,0.1041,4,0.3586,405.13,69.27,1642.59,0,0.0,2.3649,8.294866,6,0
4.3182,0.076,0.0763,4,0.3913,282.24,155.57,3030.14,1,0.2075,1.7858,9.82781,0,0
47.177,0.7568,0.1262,7,0.1,178.29,62.79,1562.93,1,0.2128,3.3738,2.453577,6,0
1000.0,18.2823,0.9189,1,0.8844,110.16,17.42,276.24,115,0.7558,0.0087,0.005461,293,1
13.0406,0.1228,0.0325,4,0.2871,129.04,259.78,2821.53,1,0.1181,3.1975,11.529417,1,0
970.5942,16.2148,0.7043,1,0.8,62.12,30.88,288.96,343,0.7988,0.1649,0.00165,351,1
1000.0,23.7968,0.3,1,0.88,151.95,18.1,3532.57,0,0.0,0.1528,0.011222,129,1
802.6651,13.4668,0.1021,2,0.7,76.83,14.85,5912.34,0,0.0,0.5494,0.032124,20,1
8.1737,0.2214,0.0201,5,0.228,173.94,193.59,3267.81,1,0.3191,2.0913,4.541068,0,0
1000.0,21.8622,0.141,1,0.8072,114.07,14.55,7588.77,0,0.0,0.2621,0.032131,45,1
28.9631,0.5443,0.1508,6,0.1926,315.76,157.2,1904.62,0,0.0,1.989,10.590042,10,0
1000.0,30.0,0.3,2,0.9532,56.93,10.29,5696.22,0,0.0,0.5489,0.02627,99,1
434.8349,7.1197,0.2739,1,0.8913,22.89,28.87,2828.31,0,0.0,1.0964,0.011665,56,1
42.8928,0.7073,0.0279,3,0.2187,401.2,106.6,1270.05,0,0.0,2.8654,14.317821,2,0
42.0464,0.5979,0.1155,5,0.3306,329.61,71.2,4591.07,1,0.1147,1.4988,14.216295,5,0
13.9932,0.169,0.1142,4,0.1,304.01,191.66,2267.63,0,0.0,2.2327,2.774089,4,0
26.4677,0.4874,0.2827,6,0.4836,141.62,165.61,3811.15,1,0.2671,2.1002,0.89609,18,0
331.764,5.3075,0.5407,1,0.9864,105.81,56.95,50.33,152,0.6566,0.2189,0.000412,164,1
11.1361,0.2543,0.5,1,0.4,186.87,114.46,2396.33,10,0.5649,0.6471,0.376684,10,1
41.3532,0.6211,0.0346,3,0.1,138.91,82.89,3559.81,0,0.0,3.0981,0.92782,1,0
28.91,0.3783,0.1176,5,0.5125,74.29,110.51,3795.32,0,0.0,2.3358,5.553057,5,0
49.1676,0.7984,0.1266,3,0.2884,278.16,88.81,1875.49,0,0.0,2.7016,3.634231,8,0
510.2968,8.4306,0.5059,1,0.8016,194.45,41.17,251.88,56,0.7577,0.3093,0.009083,176,1
5.7935,0.0203,0.1078,7,0.1,274.8,163.27,3253.31,0,0.0,1.7466,4.222193,1,0
16.4878,0.2386,0.0288,7,0.2118,61.96,82.32,1708.25,1,0.0947,2.8489,7.932355,0,0
91.2678,1.5544,0.1733,5,0.1936,396.76,41.35,853.43,0,0.0,3.2465,6.956887,11,0
8.4998,0.0473,0.304,7,0.1449,363.5,101.81,3464.77,0,0.0,1.7087,3.393737,4,0
5.3417,0.0363,0.0374,5,0.2062,224.04,257.61,4367.6,1,0.0296,2.2166,14.574298,0,0
16.2889,0.1994,0.0057,6,0.3249,74.58,238.94,4940.18,0,0.0,2.6538,13.313487,0,0
1000.0,30.0,0.3,1,0.9333,43.62,3.08,7588.35,0,0.0,0.7323,0.033673,64,1
34.5431,0.4966,0.0549,5,0.1105,267.3,120.06,565.64,1,0.1534,3.0292,8.070471,3,0
1000.0,23.9627,0.1117,1,0.9553,142.45,15.79,3861.37,0,0.0,0.653,0.03871,42,1
14.3844,0.2475,0.0388,4,0.1,307.93,107.32,2756.27,0,0.0,2.0108,11.377789,0,0
10.4683,0.2961,0.0205,3,0.2171,386.56,214.24,1939.3,0,0.0,3.0323,3.407578,0,0
920.9063,15.5264,0.1647,1,0.9131,87.69,28.4,3201.52,0,0.0,0.826,0.039345,71,1
1000.0,18.9987,0.177,3,0.7,69.95,23.35,4048.68,0,0.0,0.0467,0.030955,78,1
148.4984,2.4725,0.5644,1,0.8892,206.66,36.89,183.76,239,0.9387,0.2148,0.013126,50,1
12.2442,0.1367,0.0253,3,0.1043,290.69,238.15,2804.66,1,0.0085,2.4937,4.928851,0,0
14.0342,0.2345,0.0391,4,0.3797,134.17,244.43,1635.86,1,0.2027,3.1079,4.509883,2,0
14.3775,0.2468,0.0037,5,0.329,340.52,204.68,3121.49,0,0.0,2.9994,0.946355,0,0
13.8342,0.0,0.1061,3,0.8142,229.11,131.85,959.86,5,0.3612,1.3428,0.064472,1,1
51.0438,0.7662,0.1608,5,0.1349,128.59,43.92,4898.52,0,0.0,1.9251,11.117496,5,0
12.9538,0.3774,0.1,3,0.7119,287.12,66.18,1843.04,1,0.4217,1.4746,0.295306,2,1
32.4369,0.5431,0.153,4,0.1112,251.94,135.99,697.22,1,0.2717,3.3434,9.097209,12,0
29.2628,0.4162,0.1253,4,0.4655,221.9,149.22,2840.81,0,0.0,1.5118,3.691874,9,0
6.8494,0.2194,0.0073,3,0.2619,307.9,246.55,4586.02,0,0.0,2.4729,8.026414,0,0
22.3303,0.3474,0.048,6,0.1448,248.2,146.1,4418.62,1,0.0339,1.5904,5.821525,2,0
1000.0,22.7484,0.6358,1,0.9738,37.62,21.56,128.96,399,0.7653,0.2535,0.007721,312,1
12.9025,0.1478,0.1536,6,0.5971,306.96,139.01,3841.95,1,0.0029,3.1459,1.488503,3,0
16.6584,0.2222,0.0163,3,0.1908,322.62,65.83,768.35,0,0.0,1.533,8.19613,0,0
16.6268,0.2656,0.1109,7,0.1456,388.7,170.29,973.73,0,0.0,1.7441,10.833901,5,0
94.6519,1.5316,0.0288,7,0.4361,297.56,45.22,1528.89,1,0.1168,1.7406,10.237811,1,0
5.0286,0.0728,0.2589,7,0.6392,155.54,296.36,1106.83,0,0.0,3.3327,10.075307,5,0
4.4794,0.1054,0.0235,5,0.3833,334.55,226.68,4993.13,0,0.0,1.5093,6.923547,0,0
38.8773,0.6826,0.0885,5,0.545,85.58,116.17,2604.86,0,0.0,3.1166,13.864742,6,0
1000.0,18.444,0.1896,2,0.8858,119.86,25.22,4733.62,0,0.0,0.7355,0.047069,88,1
1000.0,30.0,0.1706,2,0.8836,39.19,6.21,4290.44,0,0.0,0.1693,0.011465,115,1
1000.0,19.4671,0.1471,1,0.7269,54.47,25.9,6276.52,0,0.0,0.2217,0.020196,74,1
0.0,0.0464,0.0303,3,0.4455,182.71,286.46,4121.77,0,0.0,2.4503,14.339976,0,0
8.386,0.1929,0.1846,5,0.2657,373.24,242.4,800.59,1,0.3417,2.2245,5.89981,5,0
6.9979,0.0163,0.1474,4,0.2927,239.24,293.6,1487.29,0,0.0,1.8263,7.395614,3,0
2.0254,0.0327,0.0257,6,0.5571,332.39,177.27,2837.24,0,0.0,3.3192,13.253937,0,0
52.0223,0.8951,0.0258,6,0.1259,256.41,49.31,2370.75,1,0.0808,3.4317,12.518496,1,0
6.178,0.0956,0.0233,4,0.3306,187.02,288.79,3978.9,1,0.0469,3.3225,3.908055,0,0
14.4691,0.2021,0.062,5,0.1775,113.53,217.08,2524.12,1,0.1854,3.4217,4.381192,2,0
8.321,0.2235,0.1696,4,0.3822,242.9,270.28,2187.34,1,0.1496,1.618,12.30397,8,0
47.4808,0.7825,0.0169,5,0.1402,343.76,80.33,2862.72,1,0.0303,1.7814,3.486711,1,0
6.05,0.2151,0.0542,6,0.2694,323.9,212.65,1791.01,0,0.0,2.9345,11.943107,1,0
9.2922,0.0647,0.053,6,0.3868,346.07,225.33,4317.84,2,0.206,3.2745,10.976963,1,0
22.8758,0.3539,0.1693,6,0.5498,247.68,104.16,1952.64,0,0.0,2.5579,2.432622,6,0
50.8661,0.8351,0.0624,5,0.1016,339.28,58.73,2626.46,0,0.0,3.4,10.591236,2,0
4.388,0.1498,0.1192,5,0.2816,336.86,177.31,4874.7,0,0.0,1.7973,7.096559,2,0
859.8075,14.2966,0.3,1,0.9535,150.49,15.88,176.66,258,0.7768,0.3086,0.015904,68,1
3.6365,0.003,0.0906,3,0.1,156.57,136.57,2745.49,0,0.0,2.3986,7.709907,1,0
1000.0,30.0,0.3,2,0.8366,70.14,5.96,7730.25,0,0.0,0.9108,0.034812,93,1
6.382,0.1772,0.2835,6,0.1,165.86,257.43,4923.0,0,0.0,2.9897,14.540154,9,0
15.6577,0.3543,0.0663,7,0.217,293.35,194.77,4105.2,0,0.0,2.3336,11.866795,3,0
15.842,0.4183,0.231,2,0.5175,108.87,124.59,2772.62,0,0.0,0.8525,0.223512,8,1
28.8542,0.389,0.0603,4,0.4103,151.76,122.42,3557.35,1,0.1833,2.1699,14.307459,3,0
178.5096,2.8631,0.5981,1,0.9116,193.65,53.97,90.64,116,0.7737,0.1184,0.009719,93,1
8.4244,0.415,0.2947,2,0.5369,162.88,197.75,2326.77,5,0.6625,0.7776,0.271254,9,1
1.7736,0.0112,0.0666,4,0.154,277.46,294.17,1008.55,0,0.0,3.1291,3.411739,1,0
1000.0,30.0,0.3,3,0.7836,96.84,7.05,5736.92,0,0.0,0.8626,0.019953,80,1
38.4113,0.6103,0.0357,7,0.191,318.35,69.05,3362.01,1,0.0168,1.8855,3.661239,1,0
1000.0,22.9585,0.0939,1,0.8735,107.24,19.12,4911.46,0,0.0,0.5817,0.014573,41,1
551.2211,9.1844,0.6895,1,0.8,109.61,29.12,291.42,285,0.873,0.1634,0.014082,185,1
1000.0,22.6546,0.0539,1,0.9482,70.17,14.26,5060.78,0,0.0,0.6656,0.012757,17,1
1000.0,30.0,0.2471,1,0.7,162.15,3.12,4870.38,0,0.0,0.1641,0.029702,170,1
354.137,5.9507,0.7613,2,0.8921,178.06,50.12,185.51,193,0.8521,0.1612,0.001371,230,1
18.789,0.4637,0.0162,5,0.3159,355.88,146.52,4891.24,0,0.0,2.5945,4.813946,0,0
274.2857,4.5989,0.7061,1,0.8,62.22,40.39,126.46,279,0.6122,0.1089,0.002311,131,1
476.7053,7.7605,0.6526,1,0.9803,164.0,18.82,293.83,306,0.8938,0.3488,0.018184,95,1
6.8257,0.0816,0.4868,2,0.6738,309.67,145.7,2765.16,5,0.6078,1.0343,0.42272,6,1
20.5371,0.3535,0.0258,4,0.2798,356.78,152.88,1896.97,0,0.0,2.5942,3.391882,1,0
1000.0,30.0,0.3599,1,0.8315,112.41,8.99,231.68,263,0.9643,0.3635,0.004855,175,1
27.0557,0.4281,0.1339,5,0.6413,106.81,117.98,1948.0,0,0.0,2.1543,0.701833,7,0
9.7189,0.1695,0.0379,3,0.1,236.67,284.31,4178.74,0,0.0,2.1265,13.991141,1,0
14.5223,0.2029,0.019,6,0.1512,375.92,153.0,1452.35,1,0.0145,3.1382,9.578192,0,0
12.5649,0.2014,0.0926,5,0.3147,215.9,234.96,3156.6,0,0.0,2.9789,8.137174,3,0
6.0449,0.019,0.1,1,0.8112,294.54,158.54,2898.93,0,0.0,0.628,0.339518,1,1
1.1852,0.0877,0.1352,3,0.1767,397.17,163.22,2251.31,0,0.0,1.5128,8.69039,1,0
6.682,0.1732,0.1677,5,0.3773,316.7,240.06,780.95,1,0.0207,2.4323,2.358247,6,0
30.6435,0.5534,0.0608,3,0.2679,253.93,157.74,4088.7,0,0.0,2.1187,8.636097,4,0
2.2543,0.0,0.1021,6,0.2307,224.79,236.12,3833.64,1,0.1124,2.3205,14.853079,1,0
5.0516,0.0755,0.0683,3,0.5872,228.98,197.08,2743.19,0,0.0,2.728,1.195408,1,0
14.3474,0.029,0.1721,1,0.6294,177.48,159.49,388.43,10,0.4828,0.8911,0.247404,3,1
28.4698,0.432,0.019,3,0.1,208.4,77.49,4184.2,0,0.0,2.3364,10.929222,0,0
11.4187,0.1564,0.1175,6,0.3293,320.16,121.55,4699.33,1,0.4234,1.5614,7.820355,3,0
272.3226,4.6295,0.3,1,0.8347,111.93,49.39,222.53,66,0.733,0.0143,0.017458,64,1
1000.0,25.8586,0.6984,1,0.8391,108.0,9.12,194.37,129,0.9137,0.5473,0.01745,164,1
277.1581,4.7905,0.4892,1,0.9381,57.34,24.84,144.74,378,0.8295,0.5223,0.009617,57,1
43.2466,0.7388,0.1203,5,0.1,249.15,95.08,749.61,0,0.0,2.498,10.683522,8,0
19.0279,0.3064,0.059,3,0.1,139.23,237.78,1082.45,0,0.0,3.3,10.865297,4,0
17.6272,0.3538,0.0148,4,0.2564,242.61,180.04,1071.74,0,0.0,2.6461,5.407148,0,0
14.3464,0.1909,0.1477,4,0.2882,167.26,218.78,3299.89,0,0.0,2.5817,9.840979,6,0
1000.0,30.0,0.2702,3,0.7219,136.12,13.35,5129.12,0,0.0,0.6932,0.026232,111,1
1000.0,25.6935,0.0908,2,0.7557,107.52,29.03,3862.95,0,0.0,1.0289,0.024015,67,1
10.3917,0.0868,0.148,4,0.5206,92.42,246.1,3733.72,0,0.0,1.4725,6.484996,5,0
1000.0,30.0,0.2618,1,0.8999,70.6,4.19,2424.5,0,0.0,0.2901,0.037025,193,1
20.1136,0.2803,0.1443,7,0.5654,113.35,46.79,1736.17,1,0.1337,2.4399,1.136549,2,0
494.2645,8.407,0.227,2,0.714,112.23,24.69,7093.52,0,0.0,0.1712,0.025628,46,1
1000.0,30.0,0.3,3,0.9934,96.06,8.84,6411.73,0,0.0,0.2686,0.029387,163,1
80.338,1.3538,0.0159,7,0.3376,408.19,55.5,3920.61,0,0.0,2.8272,9.111558,1,0
1000.0,30.0,0.2747,1,0.929,55.08,3.3,4840.32,0,0.0,0.3726,0.019454,217,1
10.5613,0.232,0.1128,6,0.1,76.69,191.78,3530.66,1,0.0431,2.6251,4.32948,4,0
1000.0,19.1632,0.1359,1,0.8169,160.94,23.27,1216.26,0,0.0,0.7667,0.020531,60,1
13.9138,0.2397,0.0493,7,0.1,82.73,209.3,3353.22,1,0.1969,3.1302,14.213973,2,0
6.1584,0.1002,0.0601,4,0.1339,191.73,128.27,4049.54,0,0.0,2.7193,1.415942,0,0
1000.0,22.1175,0.0762,2,0.7573,71.65,15.93,4784.45,0,0.0,0.392,0.027294,26,1
6.1202,0.097,0.1248,5,0.5271,104.68,236.64,934.79,1,0.0735,2.2264,6.128868,2,0
207.6524,3.6406,0.6371,1,0.9828,154.47,49.77,101.86,310,0.6671,0.458,0.015823,109,1
1000.0,30.0,0.2537,1,0.9107,41.95,15.32,6306.21,0,0.0,0.6029,0.032166,117,1
16.5484,0.1392,0.1222,4,0.5259,196.22,154.02,3641.67,0,0.0,1.7303,10.781641,5,0
1000.0,30.0,0.8789,1,0.8689,68.93,6.93,145.41,256,0.8116,0.2667,0.01311,380,1
420.4174,7.0557,0.7054,2,0.9966,212.48,42.83,296.96,180,0.5,0.1634,0.018717,212,1
26.3748,0.4405,0.0702,5,0.1,89.03,90.32,2648.76,1,0.157,1.9531,14.668996,2,0
440.8736,7.3276,0.1986,2,0.8321,48.87,16.79,1233.43,0,0.0,0.0061,0.001152,24,1
4.4151,0.074,0.1075,6,0.3385,160.83,199.46,3749.75,0,0.0,1.8726,12.266662,0,0
674.6775,11.4868,0.1942,2,0.789,72.56,14.62,2685.53,0,0.0,0.1524,0.030566,32,1
16.8947,0.3257,0.0151,6,0.2893,347.3,90.86,699.39,0,0.0,2.4741,10.961308,0,0
14.3987,0.2231,0.0442,4,0.2628,226.12,96.99,2544.34,1,0.023,1.8564,11.928596,1,0
29.0016,0.4553,0.3297,3,0.5508,120.75,74.04,1491.05,10,0.5295,0.3254,0.103443,10,1
9.8696,0.2318,0.3668,2,0.5426,322.37,191.86,2376.75,5,0.7342,1.176,0.66677,10,1
19.2319,0.2606,0.0247,4,0.2377,355.15,147.57,1195.42,1,0.1873,2.2989,14.896061,1,0
94.9732,1.5957,0.0469,3,0.3729,155.15,38.67,883.53,1,0.304,2.1105,6.124733,2,0
16.2007,0.283,0.0552,5,0.1973,116.56,298.15,3980.47,0,0.0,1.6393,3.149406,3,0
11.6299,0.2596,0.0562,3,0.2915,255.27,112.47,4578.59,1,0.0983,3.0474,11.013892,1,0
11.3777,0.0917,0.0979,4,0.4053,364.97,172.58,1388.06,1,0.0936,3.3204,10.726781,3,0
14.7328,0.2351,0.1818,4,0.3787,356.16,247.15,801.92,0,0.0,2.8385,12.509085,9,0
1.5634,0.0827,0.0892,7,0.2662,360.66,142.13,586.23,1,0.0072,1.6993,4.511416,0,0
19.7017,0.39,0.0221,5,0.1169,295.23,115.22,3721.93,1,0.0118,1.8692,9.144068,0,0
977.8401,16.3835,0.5741,1,0.8872,68.9,18.12,118.94,394,0.8642,0.2535,0.016953,169,1
1000.0,26.9515,0.205,2,0.8758,95.11,24.03,1885.12,0,0.0,0.5696,0.049249,131,1
1000.0,30.0,0.2305,1,0.788,164.92,12.61,6069.7,0,0.0,1.0302,0.046738,134,1
18.0645,0.2893,0.0701,4,0.403,90.94,142.96,2616.12,2,0.0177,2.7706,9.743733,2,0
41.0744,0.733,0.0773,4,0.2587,197.6,98.18,1814.09,0,0.0,3.4048,12.588246,4,0
18.092,0.274,0.0526,3,0.4724,294.13,70.84,867.76,0,0.0,2.8234,2.903731,1,0
65.2283,0.9213,0.1726,6,0.51,118.09,47.05,913.84,0,0.0,3.3543,12.43278,8,0
13.5392,0.2462,0.1161,6,0.326,272.47,189.56,4281.82,0,0.0,1.2982,10.850788,5,0
14.9456,0.1189,0.2236,7,0.2897,148.97,236.86,1819.11,0,0.0,2.5831,2.705534,13,0
184.1601,3.0746,0.5976,1,0.9345,188.76,53.54,272.99,183,0.8958,0.1342,0.01494,92,1
3.9389,0.1901,0.2253,2,0.6244,96.93,155.08,1246.07,10,0.3931,1.2562,0.466191,6,1
1000.0,20.6819,0.1882,2,0.8738,95.76,27.87,4877.29,0,0.0,0.1256,0.017977,108,1
21.7991,0.4292,0.0963,7,0.4511,313.87,126.58,3092.69,1,0.1153,2.1021,6.164783,4,0
14.9927,0.2501,0.104,6,0.1738,320.93,93.27,4788.81,0,0.0,2.4747,7.568983,1,0
14.4815,0.2883,0.0343,7,0.1162,279.17,262.57,4931.01,1,0.0039,1.7677,11.026709,2,0
63.4702,1.1324,0.0134,3,0.481,191.56,58.1,3854.64,0,0.0,1.8605,8.765241,0,0
1000.0,24.9936,0.05,1,0.7,86.34,16.52,6472.7,0,0.0,0.4474,0.042725,20,1
1000.0,30.0,0.5858,1,0.9604,115.62,5.63,244.53,139,0.6199,0.3719,0.007165,171,1
598.6546,10.1116,0.4785,2,0.9282,143.93,21.87,289.64,335,0.669,0.1656,0.001269,103,1
384.0666,6.5284,0.2921,1,0.7989,74.57,22.3,2878.03,0,0.0,0.1238,0.046838,42,1
10.0148,0.1249,0.1512,4,0.2404,289.18,268.69,3020.73,0,0.0,2.1179,9.058476,5,0
16.4345,0.2469,0.2001,4,0.1,156.88,186.17,3195.28,1,0.0968,2.4304,3.000163,9,0
253.7738,4.2039,0.5876,2,0.9533,157.68,55.31,76.73,216,0.8285,0.4487,0.015857,136,1
255.2977,4.4407,0.6978,1,0.9204,126.66,40.14,111.8,219,0.864,0.5152,0.012785,121,1
1000.0,30.0,0.1908,1,0.9107,60.13,18.24,4211.29,0,0.0,0.3942,0.017001,124,1
70.0734,1.1808,0.0883,6,0.2125,170.39,59.98,2442.98,2,0.135,2.8579,8.320203,6,0
11.4425,0.2655,0.0321,5,0.7548,190.95,266.12,1247.9,0,0.0,3.3641,11.472221,1,0
3.0863,0.1185,0.0081,6,0.3176,338.89,182.04,4567.92,0,0.0,3.4975,12.241934,0,0
1000.0,30.0,0.5939,1,0.8867,124.83,9.72,296.63,263,0.8832,0.3783,0.01141,280,1
1000.0,30.0,0.6476,1,0.8875,67.59,10.55,267.52,85,0.7977,0.037,0.014541,288,1
38.1934,0.5869,0.1964,4,0.1963,162.37,71.62,4848.88,0,0.0,2.6614,8.91678,9,0
594.8008,9.9266,0.8077,1,0.9447,139.67,44.3,50.12,392,0.5662,0.1441,0.004392,361,1
1000.0,30.0,0.18,1,0.7,62.31,9.77,3850.28,0,0.0,0.408,0.029332,125,1
6.2502,0.0297,0.0713,4,0.1618,345.71,296.45,1715.31,0,0.0,2.7129,13.099305,2,0
27.2732,0.4688,0.1308,4,0.1295,271.47,93.22,2745.13,0,0.0,2.0545,8.827792,5,0
12.1787,0.0967,0.3761,2,0.875,238.48,62.43,2531.27,5,0.5523,0.4314,0.49403,4,1
5.0445,0.0429,0.0253,3,0.1,271.55,187.1,956.22,0,0.0,3.3819,2.059089,0,0
65.03,1.079,0.0613,5,0.1,351.18,49.91,2782.39,1,0.0554,1.6171,10.304574,3,0
17.9618,0.2402,0.184,2,0.5685,160.7,82.48,1792.3,0,0.0,0.8895,0.389406,4,1
7.378,0.2166,0.0691,5,0.5664,307.78,181.03,2041.46,0,0.0,2.1085,9.759297,1,0
1000.0,30.0,0.1421,1,0.8433,55.06,16.52,3191.73,0,0.0,0.4763,0.031226,103,1
1.0,0.0,0.0253,7,0.5733,222.75,170.41,3569.81,2,0.2483,3.2349,11.350889,0,0
1000.0,21.6856,0.4912,1,0.8,124.47,22.09,89.45,192,0.7155,0.0255,0.008271,233,1
1000.0,30.0,0.7183,1,0.9632,113.46,12.29,69.83,326,0.7401,0.1185,0.005108,336,1
416.4205,6.9037,0.6229,1,0.9915,135.46,46.17,259.92,85,0.7147,0.4838,0.015894,203,1
5.3319,0.0039,0.3031,4,0.1,388.84,216.54,3019.97,1,0.2219,2.1434,4.866769,4,0
83.466,1.3633,0.1046,7,0.214,258.09,55.55,2768.04,0,0.0,2.29,1.777147,8,0
48.8777,0.7706,0.0148,5,0.2556,284.95,72.1,4346.95,1,0.0494,3.5481,7.427573,0,0
29.8209,0.4672,0.0862,4,0.2079,342.03,169.5,3323.51,0,0.0,3.2052,11.329298,6,0
6.4466,0.1346,0.0293,4,0.2153,242.27,238.76,2832.66,1,0.1963,3.1836,8.563366,1,0
1000.0,18.6332,0.7889,2,0.9332,63.44,16.23,105.77,89,0.9138,0.0535,0.012914,238,1
15.5432,0.2875,0.0325,3,0.2118,197.54,195.7,3111.88,0,0.0,2.0044,13.400559,1,0
4.7752,0.0271,0.3325,3,0.471,221.94,217.53,3149.42,1,0.1351,2.4388,7.370222,2,0
1000.0,30.0,0.6922,1,0.9383,160.87,6.21,198.8,283,0.8892,0.2479,0.009366,237,1
476.1588,7.9453,0.213,3,0.7617,55.51,26.62,4718.43,0,0.0,0.2977,0.012276,44,1
21.41,0.4103,0.0946,7,0.2953,317.12,92.1,1717.9,0,0.0,3.6957,2.764922,3,0
782.4998,12.8937,0.1324,2,0.8074,144.95,14.46,5903.34,0,0.0,0.1448,0.032494,24,1
1000.0,30.0,0.3,2,0.8104,62.11,10.44,4014.75,0,0.0,0.4076,0.018121,223,1
10.4144,0.0107,0.098,3,0.1598,111.58,214.75,4939.13,0,0.0,1.7981,14.177572,2,0
11.8618,0.3749,0.1,3,0.6331,160.65,110.05,763.5,0,0.0,0.5306,0.640537,3,1
366.1349,6.1734,0.5758,2,0.9653,110.37,53.84,284.33,201,0.5446,0.0826,0.015619,190,1
16.2786,0.2589,0.0061,3,0.2293,286.34,245.14,3106.59,0,0.0,3.313,13.82849,0,0
15.0454,0.2441,0.0445,4,0.1171,212.5,190.98,1594.2,0,0.0,2.1987,10.916279,2,0
37.3619,0.6164,0.0817,4,0.2899,109.01,54.94,3706.43,2,0.0677,1.7872,9.689929,2,0
37.2894,0.6199,0.1274,6,0.166,182.37,64.04,2697.57,1,0.0565,1.5451,4.562996,4,0
819.3442,13.6608,0.4105,2,0.8138,66.1,32.61,222.91,120,0.99,0.1397,0.002273,182,1
5.4803,0.1279,0.075,6,0.1933,245.58,134.8,2248.09,0,0.0,1.5993,5.720304,1,0
13.2866,0.1387,0.3515,4,0.3749,246.44,240.37,3957.43,1,0.1827,1.6483,1.562702,14,0
32.0156,0.553,0.0058,7,0.4848,355.99,77.6,2688.64,0,0.0,3.0905,5.742099,0,0
19.114,0.3685,0.0977,7,0.1818,135.35,238.14,1468.29,2,0.0701,3.3765,2.54874,7,0
1000.0,30.0,0.5983,1,0.9754,63.9,5.14,91.53,207,0.7987,0.3332,0.010933,253,1
21.6953,0.303,0.0995,3,0.271,107.95,203.21,636.93,1,0.0831,2.1143,1.755993,7,0
8.8415,0.1916,0.0388,5,0.4962,190.03,287.58,3301.67,0,0.0,3.1342,6.989362,1,0
18.2968,0.3306,0.1343,3,0.6528,265.39,220.11,1507.11,0,0.0,1.7169,9.204817,7,0
39.3708,0.6402,0.0431,3,0.2232,381.71,116.07,4567.12,0,0.0,2.2972,13.480788,3,0
365.7665,5.7967,0.3971,1,0.8981,112.19,25.28,179.52,276,0.9197,0.2071,0.008802,60,1
10.0348,0.2016,0.0073,7,0.5902,267.72,286.9,4907.51,0,0.0,1.9171,5.517275,0,0
556.4813,9.6196,0.6486,1,0.9652,97.22,24.67,231.43,99,0.7879,0.0872,0.012986,149,1
23.0897,0.2956,0.0979,6,0.2025,152.46,147.22,3042.03,1,0.0319,3.0139,5.158358,4,0
25.7933,0.4879,0.143,5,0.3803,255.97,105.68,1948.74,0,0.0,2.0697,5.379193,7,0
1000.0,30.0,0.1788,1,0.9575,64.92,19.98,5221.75,0,0.0,0.6278,0.004289,115,1
14.8051,0.2182,0.0524,6,0.1493,278.02,86.85,4690.99,0,0.0,1.36,14.706504,1,0
14.0105,0.1936,0.2588,6,0.2922,348.23,273.33,2527.69,0,0.0,2.1115,5.900188,17,0
463.9386,7.7791,0.7097,1,0.8,185.55,11.09,73.74,330,0.696,0.457,0.016576,61,1
1000.0,25.0688,0.1409,1,0.7,52.19,20.89,2685.92,0,0.0,0.5863,0.022924,73,1
2.8037,0.073,0.0866,5,0.2972,249.57,275.92,2402.94,0,0.0,2.2544,14.074122,1,0
29.8549,0.497,0.0959,6,0.1139,164.91,140.54,669.07,0,0.0,2.8848,0.500169,6,0
970.4653,16.0128,0.3,1,0.852,55.8,29.07,5052.92,0,0.0,0.5093,0.021972,140,1
9.2318,0.1141,0.1355,3,0.5282,179.53,276.92,2521.95,1,0.0593,2.1865,1.928125,5,0
39.8885,0.6844,0.0987,3,0.3076,295.23,81.58,4535.95,0,0.0,1.9315,1.343219,5,0
37.1188,0.5387,0.003,5,0.1216,66.05,126.32,4013.89,0,0.0,2.9424,0.73009,0,0
21.3129,0.3279,0.1832,4,0.1386,136.19,91.96,2262.62,1,0.0161,3.1093,12.489558,6,0
13.456,0.2023,0.1713,3,0.6039,146.84,243.76,1640.06,0,0.0,2.0926,14.766265,7,0
9.2865,0.1854,0.0253,5,0.3955,93.34,247.08,4519.71,0,0.0,3.206,7.931945,0,0
3.5812,0.0148,0.1168,7,0.239,405.08,260.83,2290.39,0,0.0,3.2731,7.938115,1,0
12.5742,0.2207,0.0229,7,0.2594,138.6,291.04,3538.09,0,0.0,1.764,11.850928,1,0
534.3695,8.8826,0.0747,1,0.8581,136.39,19.18,6590.03,0,0.0,0.3578,0.024071,12,1
12.1049,0.228,0.0924,6,0.2417,200.06,211.98,4443.89,0,0.0,1.8231,11.927725,4,0
23.9017,0.4145,0.2713,4,0.2643,402.83,128.18,4379.06,1,0.01,2.8596,7.710032,13,0
9.8889,0.2304,0.1099,7,0.4648,115.74,139.51,3249.28,0,0.0,3.6439,13.820761,3,0
1000.0,30.0,0.05,2,0.8956,99.55,23.12,3029.17,0,0.0,0.3398,0.026802,39,1
16.0899,0.2253,0.0739,6,0.4563,423.0,177.42,1671.28,1,0.0428,1.6021,2.924891,3,0
8.0342,0.1782,0.0826,3,0.1,194.81,262.41,1054.86,0,0.0,3.2007,5.069581,4,0
2.9596,0.1636,0.0147,3,0.1432,262.91,182.17,2504.11,0,0.0,2.5003,7.703631,0,0
773.2231,12.7562,0.6123,2,0.9014,107.95,21.44,227.79,126,0.6691,0.0734,0.005648,167,1
4.4512,0.1338,0.0259,5,0.1686,255.09,292.45,3362.54,0,0.0,3.0641,5.761125,1,0
1.8621,0.047,0.1195,5,0.1218,179.37,282.33,2748.62,0,0.0,2.7416,7.563608,3,0
6.7092,0.1101,0.0835,3,0.3943,95.15,226.4,2997.58,0,0.0,3.5268,11.550039,2,0
631.8034,10.5885,0.5158,1,0.906,87.42,38.23,195.09,186,0.6137,0.3,0.012192,206,1
100.09,1.6034,0.0886,3,0.1096,101.84,39.58,3033.36,1,0.1919,2.7125,12.934601,5,0
12.4328,0.2071,0.2083,4,0.1405,180.62,264.37,1370.2,1,0.0101,2.1793,8.773731,9,0
1000.0,30.0,0.3,2,0.7901,56.97,4.44,3532.84,0,0.0,0.8324,0.047552,79,1
3.3881,0.1578,0.0172,6,0.1981,180.11,179.87,3526.55,1,0.0106,2.402,1.904936,0,0
16.5221,0.2591,0.0428,3,0.1542,421.87,227.4,4329.97,2,0.1845,1.9939,9.719188,2,0
12.3939,0.1643,0.0404,5,0.6265,147.94,202.66,3022.29,1,0.2488,2.3884,8.953594,1,0
26.0085,0.4233,0.0247,3,0.3885,276.8,50.75,2765.73,1,0.0272,2.4536,5.80834,0,0
13.5204,0.3091,0.016,5,0.2646,157.54,265.72,1065.73,0,0.0,2.9094,9.205139,1,0
13.6308,0.308,0.0319,3,0.1618,133.25,195.36,2049.41,0,0.0,2.9918,3.797293,1,0
691.542,11.4744,0.3,1,0.8,196.7,29.51,134.34,271,0.8274,0.0351,0.015423,102,1
541.8918,8.9867,0.3563,1,0.9844,216.57,48.49,141.05,69,0.9514,0.3452,0.006737,155,1
513.4074,8.3579,0.7727,1,0.8268,194.25,51.03,229.08,238,0.7271,0.3948,0.013391,332,1
1000.0,30.0,0.3,1,0.8538,56.22,9.03,2715.18,0,0.0,0.4226,0.039336,236,1
18.773,0.32,0.1826,2,0.8096,185.69,178.05,445.84,1,0.3964,1.0897,0.504084,6,1
4.6796,0.0649,0.0739,4,0.3271,197.9,269.75,2339.38,1,0.0638,1.9787,10.961708,1,0
6.6861,0.0421,0.085,5,0.2281,331.55,249.03,2268.28,2,0.0476,2.951,14.283584,1,0
5.0774,0.0642,0.0541,3,0.5221,96.1,76.75,1951.41,1,0.411,3.1506,13.780055,0,0
1000.0,30.0,0.05,1,0.7,127.16,14.68,5107.77,0,0.0,0.8466,0.027874,32,1
11.7281,0.1547,0.1,1,0.8133,309.08,111.77,2085.22,0,0.0,0.4574,0.519465,2,1
13.8642,0.293,0.1182,3,0.1632,130.93,160.16,3602.7,1,0.0211,2.9629,10.588496,4,0
11.3526,0.1966,0.1797,6,0.3604,110.77,187.33,744.85,1,0.1958,3.62,3.593525,7,0
22.4195,0.4111,0.0469,7,0.1569,81.84,114.87,1579.43,0,0.0,2.4447,7.030089,1,0
1000.0,22.9763,0.1578,1,0.7,97.49,21.87,6575.28,0,0.0,0.4256,0.009466,79,1
30.5412,0.5298,0.1688,5,0.2804,259.3,50.41,3964.13,0,0.0,2.4969,8.031606,4,0
50.8242,0.8719,0.0162,6,0.2782,328.15,80.22,4288.38,1,0.1989,2.9544,0.951206,1,0
603.7134,9.9443,0.79,1,0.9733,136.08,29.77,103.82,378,0.7119,0.1736,0.004473,233,1
11.7321,0.1923,0.0318,7,0.4005,106.22,103.89,723.11,1,0.1217,1.9975,13.990047,0,0
23.3262,0.3579,0.0865,7,0.2396,251.54,147.67,4480.91,0,0.0,1.6425,11.538651,5,0
16.4906,0.2614,0.1674,3,0.4094,267.25,284.0,1563.36,1,0.0255,3.1338,13.977628,12,0
14.0482,0.2504,0.0463,7,0.1,285.67,234.26,3684.75,0,0.0,1.6348,1.616572,2,0
18.5249,0.2957,0.0504,7,0.1,105.27,121.74,2760.13,1,0.0397,2.1239,7.823531,1,0
31.9968,0.5063,0.1298,5,0.3409,122.9,117.62,1284.41,0,0.0,1.4274,5.700153,8,0
1000.0,30.0,0.1025,2,0.8584,106.72,20.73,2313.85,0,0.0,0.4401,0.010823,73,1
92.5351,1.5499,0.1163,3,0.2436,275.37,36.65,4921.17,1,0.0729,3.0583,7.160483,6,0
1000.0,30.0,0.7914,1,0.9332,135.58,7.8,186.62,128,0.93,0.1135,0.012845,345,1
537.6067,8.9695,0.623,1,0.8931,68.0,37.25,70.66,259,0.7762,0.0968,0.008338,207,1
22.2053,0.3977,0.0978,5,0.2279,277.2,152.32,2211.28,1,0.124,2.3917,11.804506,5,0
0.0,0.0,0.0509,3,0.104,267.1,208.17,3507.2,0,0.0,2.5574,4.918726,0,0
1000.0,30.0,0.2845,3,0.7851,132.15,18.1,5308.28,0,0.0,0.3092,0.012762,222,1
70.2737,1.2899,0.0125,5,0.4841,201.5,44.25,2131.52,1,0.0868,1.784,6.024373,0,0
840.8811,13.9669,0.7723,1,0.9675,114.15,34.09,299.75,149,0.8453,0.0,0.019489,364,1
1000.0,30.0,0.2069,1,0.7,74.19,4.24,5345.38,0,0.0,0.7971,0.045686,71,1
303.7337,5.1485,0.8078,2,0.8277,56.71,28.08,65.61,151,0.9166,0.1493,0.015114,114,1
353.8302,5.7764,0.1761,1,0.8574,106.79,18.85,7087.24,0,0.0,0.3067,0.014475,19,1
1000.0,27.2957,0.1757,2,0.9153,87.51,5.07,4013.98,0,0.0,0.8109,0.003892,24,1
192.9611,3.2757,0.6061,2,0.953,160.59,58.06,200.74,94,0.9331,0.0,0.01906,112,1
899.5193,15.098,0.05,1,0.807,119.3,21.23,2374.36,0,0.0,0.5196,0.029881,15,1
13.5358,0.1731,0.0796,6,0.216,116.39,171.32,4978.05,0,0.0,2.899,10.327377,2,0
185.3786,3.2262,0.6365,1,0.8,91.62,25.44,198.19,124,0.8933,0.1301,0.003172,50,1
685.6811,11.7123,0.05,2,0.8404,153.22,29.59,2578.24,0,0.0,0.9833,0.007223,17,1
7.9005,0.1134,0.095,4,0.2608,173.52,228.3,2147.68,1,0.0921,2.1979,10.659292,2,0
1000.0,30.0,0.1294,2,0.9861,110.84,3.72,4256.03,0,0.0,0.6016,0.019984,28,1
13.3753,0.1548,0.3713,3,0.9141,258.35,134.15,1230.72,5,0.5983,1.0481,0.1606,8,1
23.7758,0.0537,0.1266,3,0.5815,305.46,136.5,2593.73,1,0.2914,1.0303,0.061108,4,1
1000.0,23.6412,0.8471,1,0.9435,86.19,5.71,73.18,199,0.6445,0.2774,0.009721,114,1
394.3848,6.5174,0.4352,1,0.8,138.22,14.22,99.81,330,0.851,0.0644,0.017824,40,1
6.1353,0.2004,0.2053,7,0.1896,210.41,298.98,1506.64,0,0.0,1.3227,12.055531,7,0
38.1758,0.6672,0.104,6,0.1,237.58,51.27,3389.94,0,0.0,3.027,10.834323,3,0
4.3903,0.0237,0.0626,4,0.212,134.32,119.69,962.64,0,0.0,2.6571,3.245542,0,0
20.1051,0.3939,0.2886,5,0.1,92.79,209.19,3776.85,0,0.0,3.0033,6.804996,21,0
16.3697,0.2799,0.1273,5,0.7118,95.72,282.49,2791.01,0,0.0,3.1078,7.816366,9,0
632.6794,10.7196,0.1916,2,0.854,150.09,13.21,7865.27,0,0.0,0.6995,0.003731,26,1
1000.0,17.7173,0.7224,1,0.9092,183.54,26.49,191.53,286,0.7765,0.2931,0.005946,338,1
22.3994,0.3912,0.0793,3,0.1,347.84,80.84,4196.62,0,0.0,2.9644,8.290497,2,0
1.8176,0.0,0.1247,4,0.3794,208.39,204.15,3653.25,1,0.0748,2.1451,0.748161,0,0
1.2396,0.115,0.2278,4,0.1,409.58,244.0,3388.12,0,0.0,2.2289,6.585861,1,0
575.0845,9.5507,0.6946,1,0.9454,168.02,34.24,275.33,243,0.8432,0.2137,0.011976,227,1
516.9425,8.4099,0.2454,1,0.8808,70.68,26.74,3665.01,0,0.0,0.7253,0.017523,56,1
6.496,0.184,0.1437,6,0.1617,216.3,284.93,4880.4,0,0.0,3.1344,3.332102,5,0
10.7267,0.1244,0.1324,5,0.3252,104.41,246.49,783.08,0,0.0,1.5097,11.278617,5,0
3.3635,0.0505,0.203,3,0.1922,146.68,200.7,1883.36,0,0.0,2.5288,11.649209,3,0
23.2746,0.4928,0.0351,3,0.3485,151.29,97.13,1980.29,0,0.0,2.8838,14.786136,1,0
2.5617,0.1321,0.0518,5,0.396,204.17,190.5,1174.15,1,0.1705,2.1562,0.92549,0,0
1000.0,30.0,0.0953,2,0.7541,40.19,18.5,2674.85,0,0.0,0.5258,0.04841,54,1
5.1518,0.0899,0.0766,6,0.1,222.22,255.61,2015.22,1,0.5,1.6257,8.520868,2,0
12.0173,0.1812,0.1987,5,0.3346,363.16,256.12,2743.62,0,0.0,2.4996,11.441455,10,0
7.914,0.1274,0.0688,6,0.3901,238.88,296.14,999.7,0,0.0,3.3494,8.715571,3,0
18.7693,0.275,0.1178,3,0.3726,268.37,212.84,4729.65,1,0.1456,1.8448,13.73154,7,0
105.5308,1.7769,0.0374,3,0.4231,113.36,40.42,4576.32,0,0.0,1.9357,13.865037,2,0
39.2869,0.6483,0.0748,4,0.4592,137.47,84.39,4517.91,1,0.0387,2.9766,4.964094,4,0
3.1188,0.0338,0.0969,6,0.2431,140.15,143.11,3637.04,0,0.0,2.2172,6.666254,0,0
1000.0,21.994,0.3,1,0.9496,103.15,13.94,212.38,248,0.7871,0.0,0.015277,91,1
27.8535,0.3325,0.1877,2,0.4,285.0,89.14,2837.34,10,0.75,0.9203,0.210456,6,1
16.0455,0.297,0.0769,6,0.2057,78.04,103.73,3035.23,0,0.0,1.8905,4.850442,2,0
30.3274,0.5392,0.0278,4,0.1117,226.52,101.43,586.57,0,0.0,1.9852,1.968592,1,0
23.7933,0.3348,0.2886,3,0.6994,311.67,142.96,2947.62,0,0.0,1.4958,0.547988,10,1
456.4548,7.5256,0.1014,1,0.7,79.41,22.46,4657.35,0,0.0,0.4824,0.040527,17,1
1000.0,30.0,0.141,1,0.8507,121.76,5.25,1382.56,0,0.0,0.3976,0.011158,88,1
324.4119,5.3214,0.5053,1,0.9285,194.08,57.6,296.93,91,0.851,0.0033,0.019502,158,1
12.8668,0.3375,0.4146,2,0.7831,103.18,86.82,2019.88,10,0.2819,0.4432,0.656391,11,1
25.7327,0.3075,0.0218,7,0.1903,99.1,101.07,1037.69,0,0.0,3.326,7.347372,0,0
1000.0,30.0,0.5909,1,0.9217,195.65,10.23,277.45,231,0.8458,0.3978,0.009739,185,1
6.6831,0.2027,0.104,7,0.2994,94.71,262.46,2415.94,1,0.0627,1.9809,10.676675,4,0
11.9741,0.104,0.1102,6,0.1208,252.72,220.72,1104.57,0,0.0,1.102,13.078987,3,0
1000.0,30.0,0.084,3,0.8825,143.25,23.83,1864.5,0,0.0,0.4226,0.044788,63,1
520.9137,8.8952,0.8084,1,0.9852,202.56,46.79,168.37,104,0.7851,0.3317,0.016552,324,1
1000.0,30.0,0.3,2,0.9666,81.96,6.29,2033.84,0,0.0,0.2596,0.023078,210,1
592.6998,9.6445,0.862,1,0.9758,196.3,46.8,167.49,331,0.9402,0.2644,0.001389,390,1
5.7236,0.0776,0.0151,6,0.4433,227.95,213.65,1673.01,0,0.0,3.0003,2.794764,0,0
752.4455,12.3786,0.4473,1,0.9684,124.23,40.11,267.18,371,0.969,0.0988,0.0047,223,1
161.2918,2.737,0.5717,2,0.9406,118.56,36.11,129.51,319,0.718,0.4627,0.004764,54,1
7.3945,0.1537,0.2943,2,0.553,107.95,174.85,1908.78,0,0.0,0.6481,0.24793,4,1
101.7126,1.7779,0.8599,2,0.9409,119.45,59.77,121.95,242,0.719,0.0554,0.015529,86,1
7.7109,0.132,0.0412,3,0.113,410.01,173.06,2181.23,1,0.0111,3.6991,8.315223,1,0
10.55,0.0912,0.2065,2,0.702,196.7,162.54,1542.12,5,0.4822,0.5367,0.215431,2,1
1000.0,24.8942,0.8218,1,0.9655,170.86,14.3,185.04,146,0.8476,0.2956,0.010271,292,1
17.5514,0.3064,0.0461,5,0.4141,210.42,204.18,4435.97,2,0.1694,2.0467,9.230109,3,0
448.4971,7.3856,0.5208,1,0.9124,80.5,39.22,267.55,100,0.9177,0.0967,0.019166,152,1
18.5752,0.3213,0.1441,7,0.3755,332.33,84.63,2782.62,1,0.0089,2.0799,10.687909,3,0
37.7871,0.5486,0.1545,7,0.3297,261.98,109.33,871.06,1,0.062,2.0589,9.287485,10,0
10.2188,0.1215,0.0442,5,0.2376,297.37,215.91,3701.74,0,0.0,2.6856,1.963281,1,0
2.4119,0.1538,0.1499,5,0.2282,230.93,156.33,2779.49,0,0.0,1.3246,4.234732,1,0
10.5091,0.2184,0.0567,5,0.5263,191.31,267.36,2180.41,0,0.0,2.772,10.009313,2,0
5.9638,0.1113,0.0299,7,0.417,151.32,193.32,2987.09,0,0.0,3.1836,3.403548,0,0
32.8977,0.5098,0.0262,6,0.5199,169.58,145.08,1462.27,1,0.0057,3.4992,10.414835,2,0
1000.0,30.0,0.05,3,0.9167,104.31,11.5,4741.53,0,0.0,0.7695,0.046204,27,1
1000.0,29.4942,0.1984,1,0.7,76.7,26.86,5076.77,0,0.0,0.3369,0.010415,157,1
1000.0,30.0,0.0815,3,0.7,152.03,10.65,7260.33,0,0.0,0.6345,0.001972,39,1
562.5725,9.5824,0.6042,2,0.9501,72.26,44.97,216.64,328,0.7883,0.5531,0.005302,254,1
1000.0,30.0,0.5398,1,0.9955,72.95,7.01,124.55,114,0.7901,0.2806,0.019389,190,1
16.5129,0.2477,0.0824,3,0.4267,429.88,266.5,2536.39,0,0.0,2.5668,1.94614,4,0
30.1926,0.3831,0.1553,5,0.4353,332.62,113.7,4529.22,0,0.0,1.7655,5.845735,8,0
25.7835,0.4354,0.0747,7,0.1792,259.5,42.85,4081.89,2,0.1098,2.5654,10.513834,1,0
31.7095,0.4587,0.2432,6,0.3281,283.22,155.31,4132.2,0,0.0,2.0823,0.754509,18,0
47.7825,0.9266,0.0405,4,0.1,373.73,88.35,3014.12,0,0.0,2.4639,13.823083,2,0
19.1675,0.2937,0.0374,3,0.4063,260.11,259.09,4569.97,1,0.0258,1.5664,11.737181,2,0
12.5716,0.3486,0.0444,6,0.1449,282.56,290.5,3836.94,1,0.5,2.3047,12.860959,2,0
13.0062,0.3004,0.044,4,0.3455,197.28,257.58,2942.25,1,0.0587,1.7957,5.273705,2,0
31.6407,0.5839,0.0498,4,0.5144,109.65,153.1,4308.19,0,0.0,3.3223,4.440415,3,0
294.453,4.7305,0.5965,2,0.9521,157.95,53.69,130.79,156,0.6363,0.1635,0.007734,153,1
123.3993,2.0957,0.7661,1,0.8474,84.65,47.14,293.97,391,0.9474,0.1508,0.008475,78,1
11.4172,0.1641,0.1814,5,0.1616,181.94,220.38,2821.22,2,0.0148,1.5661,0.695169,7,0
1000.0,26.3457,0.1126,3,0.8672,73.55,9.41,6748.62,0,0.0,0.6314,0.012403,28,1
10.0173,0.1416,0.0122,6,0.6363,338.95,230.53,1447.98,1,0.1389,1.7531,10.879462,0,0
1000.0,30.0,0.0669,1,0.9228,93.55,6.79,5946.78,0,0.0,0.6529,0.035405,50,1
228.0509,3.7101,0.6243,1,0.9665,47.85,28.0,293.73,102,0.766,0.0,0.009819,64,1
1000.0,22.2946,0.1229,3,0.7891,148.21,12.51,5541.44,0,0.0,0.0,0.03851,34,1
71.6687,1.1059,0.0409,6,0.4768,273.61,48.6,4873.43,1,0.0499,2.8495,14.775665,2,0
29.4619,0.5068,0.0283,7,0.3179,142.62,155.26,4857.33,0,0.0,1.3963,8.196707,2,0
465.0295,7.6831,0.3,3,0.8462,75.42,27.56,2251.31,0,0.0,0.4874,0.049632,63,1
30.1638,0.5314,0.0423,4,0.127,184.29,46.53,3774.0,2,0.084,2.7121,8.559618,1,0
1.8106,0.0966,0.1768,3,0.1267,297.96,267.51,1209.88,0,0.0,2.4662,11.598013,1,0
15.295,0.291,0.1332,2,0.6985,267.38,107.32,2359.19,0,0.0,1.2747,0.617192,4,1
1000.0,17.4994,0.19,2,0.9324,101.97,12.73,1357.34,0,0.0,0.3708,0.035602,42,1
1000.0,30.0,0.2127,2,0.757,114.43,8.92,3841.12,0,0.0,0.6504,0.007146,142,1
42.1753,0.6287,0.0157,7,0.1,404.07,31.6,3869.78,1,0.1174,2.2227,13.991972,0,0
488.1076,8.1141,0.3,1,0.8984,58.91,51.09,105.25,343,0.7206,0.4412,0.002354,125,1
47.1056,0.8204,0.0365,4,0.1644,315.96,85.6,2739.14,0,0.0,2.9605,7.884477,2,0
1000.0,30.0,0.1624,2,0.8801,140.05,5.07,4117.58,0,0.0,0.079,0.037208,45,1
17.5473,0.2612,0.0405,3,0.6285,250.99,199.61,2654.09,0,0.0,2.6046,9.789726,2,0
4.7016,0.1912,0.2493,2,0.4,294.57,160.01,2799.2,1,0.3836,0.4133,0.69227,4,1
4.9401,0.0605,0.0494,4,0.3732,136.86,129.23,3288.15,1,0.0222,3.001,7.167106,0,0
14.0973,0.2067,0.1083,5,0.2026,166.81,196.59,4762.09,2,0.1528,3.0167,1.06691,3,0
1000.0,23.5589,0.1385,1,0.9198,58.75,25.25,7150.65,0,0.0,0.9176,0.02907,82,1
40.203,0.6008,0.0546,6,0.2107,386.29,88.36,2805.0,0,0.0,2.256,0.612384,3,0
4.8326,0.164,0.2675,5,0.1,268.06,217.44,3182.44,0,0.0,3.6231,3.185051,4,0
15.6779,0.1671,0.4064,1,0.6256,351.85,190.02,2898.95,0,0.0,0.5497,0.192105,8,1
2.4836,0.1166,0.0422,4,0.3437,168.85,113.51,1386.57,0,0.0,2.9822,5.823576,0,0
2.9268,0.0892,0.0439,3,0.6008,325.58,230.75,520.35,1,0.1789,2.0062,13.485745,0,0
1.095,0.0092,0.0434,6,0.5707,108.5,171.71,4528.18,1,0.123,1.4852,8.849295,0,0
210.3141,3.3833,0.6464,1,0.8707,157.7,46.21,292.81,320,0.6988,0.1865,0.002012,101,1
10.2722,0.1994,0.105,4,0.3139,269.46,212.31,2146.54,0,0.0,2.6815,3.711922,3,0
5.0263,0.089,0.0487,6,0.1365,163.49,274.76,1938.9,1,0.1569,2.498,13.952406,0,0
1.1601,0.0991,0.0174,3,0.2672,203.1,180.43,2717.13,0,0.0,2.6143,3.960421,0,0
264.1054,4.4684,0.8894,1,0.9261,145.76,40.5,236.12,356,0.7669,0.5676,0.00073,160,1
1000.0,21.4052,0.1217,1,0.8256,71.84,5.23,2802.26,0,0.0,0.4259,0.009231,13,1
4.6301,0.2189,0.1997,2,0.4717,322.14,97.99,587.87,5,0.506,1.1088,0.251136,4,1
19.7027,0.2867,0.0473,3,0.2619,179.7,173.47,1742.83,1,0.0162,3.1041,6.752936,2,0
17.4427,0.5485,0.126,1,0.5501,314.89,84.8,860.19,0,0.0,0.6394,0.689048,4,1
10.4961,0.2244,0.1002,7,0.395,226.44,131.4,4145.11,1,0.0892,2.8625,3.888008,2,0
11.8054,0.3069,0.0373,4,0.1337,103.05,162.45,1071.17,1,0.289,1.5237,8.914285,1,0
232.7551,4.0011,0.9172,1,0.9992,63.25,49.2,118.96,354,0.7122,0.4603,0.000678,179,1
41.4476,0.613,0.0381,7,0.339,170.8,112.33,2020.88,0,0.0,3.2416,1.44362,2,0
582.5661,9.5837,0.2236,2,0.8418,96.42,12.61,7656.66,0,0.0,0.863,0.04362,27,1
11.3892,0.1175,0.1,2,0.8401,129.28,94.59,753.55,5,0.4518,0.4878,0.617782,1,1
537.3058,8.9163,0.6958,1,0.8304,80.1,47.44,211.11,325,0.8355,0.1493,0.010177,294,1
5.534,0.0344,0.0748,5,0.1,310.8,220.51,1248.86,1,0.0212,2.0486,12.952802,1,0
17.7792,0.4631,0.3141,1,0.8005,312.76,68.49,2100.94,1,0.6194,1.3834,0.714271,5,1
14.5111,0.2667,0.0637,5,0.4491,191.89,259.31,1676.06,0,0.0,2.4877,12.895601,3,0
1000.0,27.5804,0.2858,3,0.8773,43.43,13.61,5440.94,0,0.0,0.9281,0.009226,107,1
1000.0,16.7041,0.7288,1,0.9725,86.87,20.19,57.13,293,0.8461,0.1037,0.014527,245,1
16.6389,0.1949,0.1887,6,0.3527,160.45,290.22,4248.49,1,0.111,3.047,13.555452,14,0
1.4831,0.1031,0.0188,4,0.1954,300.7,281.89,644.44,2,0.0534,1.6657,12.502859,0,0
19.1914,0.0964,0.217,3,0.8734,93.64,197.95,1982.13,1,0.75,1.2506,0.390486,4,1
1000.0,25.0745,0.1499,1,0.7837,89.17,21.86,3850.71,0,0.0,0.7006,0.005571,82,1
731.6116,12.2462,0.3,2,0.8348,110.13,27.45,2339.66,0,0.0,0.0812,0.003172,100,1
471.7294,7.8903,0.6939,1,0.9453,73.8,49.17,186.22,385,0.94,0.2353,0.019082,267,1
12.0169,0.2585,0.1012,6,0.1,337.56,121.42,3784.43,1,0.0264,3.3795,7.808551,2,0
10.9891,0.1526,0.0586,5,0.1989,248.96,246.69,3748.66,1,0.0338,1.7882,13.610373,2,0
5.4663,0.0594,0.0116,5,0.2676,133.91,213.29,2384.03,0,0.0,2.166,7.97665,0,0
13.1479,0.2915,0.0739,3,0.1242,366.31,36.24,3209.46,0,0.0,2.1833,14.232769,0,0
7.941,0.1658,0.0533,5,0.4251,88.43,200.44,3619.83,0,0.0,2.3869,12.075915,1,0
998.2704,16.6075,0.6688,1,0.8659,109.66,13.43,233.7,113,0.8795,0.4801,0.018065,149,1
1000.0,30.0,0.2198,1,0.798,137.08,6.28,7436.36,0,0.0,1.0109,0.006602,76,1
18.8331,0.2559,0.3466,3,0.8071,297.09,78.27,439.45,5,0.6899,1.1624,0.561769,10,1
34.3602,0.6638,0.1721,6,0.409,160.44,134.84,2165.67,1,0.277,2.6049,11.605551,13,0
371.5671,6.0573,0.4729,1,0.9539,139.97,37.48,215.55,246,0.8652,0.2721,0.007844,108,1
1.4264,0.2682,0.1931,1,0.7185,126.65,170.48,1427.36,1,0.2,1.3705,0.47637,7,1
0.0,0.0,0.0588,3,0.1288,273.11,188.46,700.39,0,0.0,3.4174,6.585219,0,0
1000.0,26.0734,0.1998,3,0.8012,114.26,10.47,6895.16,0,0.0,0.6641,0.04047,54,1
30.3787,0.5769,0.1087,3,0.5814,161.23,120.48,3353.03,0,0.0,3.1155,2.051219,6,0
1000.0,30.0,0.1193,2,0.8405,161.83,8.29,4982.3,0,0.0,0.7905,0.006448,41,1
1000.0,22.9099,0.2167,1,0.9815,82.2,12.26,6266.56,0,0.0,0.8229,0.015354,60,1
12.4323,0.1797,0.1169,4,0.3969,346.66,263.76,1731.5,0,0.0,2.0302,12.727262,5,0
20.3343,0.3368,0.0629,4,0.5554,217.12,86.45,3759.33,1,0.0282,3.2827,8.857374,1,0
4.6113,0.0588,0.0982,7,0.3298,407.65,226.9,4902.01,0,0.0,2.0707,3.430223,0,0
320.1991,5.2647,0.4419,1,0.8,114.93,54.34,285.19,378,0.8349,0.3452,0.003771,127,1
15.4313,0.1962,0.0091,3,0.183,369.17,250.49,4477.81,0,0.0,2.9906,3.784942,0,0
1000.0,30.0,0.2262,1,0.9158,143.06,10.11,1533.36,0,0.0,0.8027,0.014597,168,1
35.5704,0.51,0.2191,6,0.2585,266.02,93.58,1329.19,0,0.0,2.9538,6.139009,11,0
22.1065,0.4401,0.0417,7,0.464,356.24,35.98,1507.59,0,0.0,1.8572,8.445079,0,0
29.3123,0.4261,0.0442,6,0.1741,277.92,140.72,2792.24,1,0.0519,3.5023,2.381018,2,0
1000.0,30.0,0.193,2,0.7824,63.68,13.01,5389.35,0,0.0,0.4955,0.019492,145,1
908.0077,14.905,0.0548,2,0.7864,52.88,22.09,3485.34,0,0.0,0.9648,0.037292,18,1
580.7995,9.7815,0.7257,1,0.8,58.34,14.38,188.29,357,0.7753,0.3201,0.014002,100,1
517.231,8.654,0.6923,1,0.9397,100.87,34.61,68.35,333,0.8728,0.134,0.018731,206,1
632.8684,10.6484,0.05,2,0.8317,43.24,16.85,4442.12,0,0.0,0.3121,0.007461,8,1
1000.0,30.0,0.3,1,0.7837,123.29,7.26,3931.98,0,0.0,0.3775,0.018018,112,1
16.6755,0.0,0.1,2,0.6472,237.31,173.19,1164.71,10,0.4645,1.2519,0.466089,1,1
711.79,11.9,0.9261,2,0.965,81.58,20.71,293.16,380,0.7323,0.0805,0.000226,228,1
51.3969,0.8431,0.1075,6,0.1664,181.91,77.83,3537.59,0,0.0,2.7769,8.135473,7,0
26.0124,0.3605,0.1682,6,0.1474,184.97,34.06,2575.28,0,0.0,3.095,6.413144,2,0
1000.0,30.0,0.3,2,0.8724,96.03,9.03,6042.13,0,0.0,0.0811,0.007403,149,1
10.5663,0.1998,0.0206,6,0.1,142.33,175.53,2647.83,0,0.0,1.6785,7.023261,0,0
31.9206,0.4948,0.1391,5,0.3232,83.15,158.97,4052.98,0,0.0,2.8348,4.351761,10,0
13.63,0.2602,0.0797,5,0.2567,156.54,260.77,4620.98,1,0.2044,2.3497,2.695205,4,0
20.3557,0.3486,0.5,3,0.6709,250.42,62.93,2058.42,10,0.7078,0.4403,0.33301,9,1
9.0391,0.0984,0.1678,3,0.1999,396.08,293.31,1896.76,1,0.1502,2.9523,10.689954,6,0
34.1361,0.6154,0.0719,7,0.4954,232.51,113.66,3004.14,0,0.0,2.2258,10.170106,4,0
385.8555,6.5159,0.7491,1,0.8802,153.58,50.09,162.76,249,0.7245,0.3484,0.017072,241,1
96.5658,1.5746,0.1947,5,0.2375,369.51,33.54,1423.13,0,0.0,1.5221,7.344971,10,0
3.6436,0.2498,0.2366,3,0.79,174.54,195.8,2384.22,10,0.5005,1.0069,0.67802,8,1
20.9779,0.4135,0.0933,6,0.2652,95.11,147.2,2243.17,0,0.0,3.3398,3.11539,5,0
1000.0,18.5474,0.0818,2,0.7,147.7,28.08,2760.4,0,0.0,0.8495,0.007662,42,1
4.9387,0.1637,0.0123,4,0.1206,225.74,206.36,4162.88,1,0.0179,3.2542,8.787751,0,0
15.7748,0.2105,0.0822,6,0.2826,333.99,157.84,1307.42,0,0.0,2.8967,3.15714,2,0
1000.0,30.0,0.21,3,0.762,96.4,17.68,6769.3,0,0.0,0.462,0.002515,162,1
19.1299,0.3898,0.0476,5,0.4247,266.54,149.74,1816.65,0,0.0,2.6763,8.184847,2,0
12.2537,0.1072,0.0661,6,0.4524,258.79,246.69,2141.68,1,0.0757,1.5782,5.978054,2,0
39.4108,0.6582,0.0739,5,0.1731,372.52,107.09,4673.5,1,0.189,2.8028,6.601354,5,0
38.4318,0.7903,0.0384,4,0.1,324.84,51.13,953.17,1,0.0442,2.8161,11.123064,1,0
625.9728,10.4652,0.05,1,0.931,44.07,23.83,1701.09,0,0.0,0.7134,0.044191,12,1
1000.0,30.0,0.1809,1,0.7,80.93,11.4,7431.88,0,0.0,0.1091,0.013114,87,1
25.0432,0.4867,0.0832,5,0.4293,223.78,128.32,4861.32,1,0.0046,1.9724,9.129592,4,0
705.3345,11.922,0.7633,1,0.9633,91.58,14.47,270.64,146,0.881,0.5677,0.015135,128,1
17.6711,0.2373,0.071,5,0.2897,246.54,243.24,4757.54,0,0.0,1.5603,13.507759,4,0
1000.0,30.0,0.2284,1,0.7343,138.88,7.34,6053.58,0,0.0,0.3324,0.023548,53,1
1.2046,0.0122,0.0796,5,0.2907,331.75,153.36,3224.43,1,0.0296,3.5559,8.500539,0,0
1000.0,30.0,0.1581,1,0.7,43.22,14.48,5810.78,0,0.0,0.2349,0.037134,117,1
12.5211,0.1832,0.0997,3,0.2615,354.28,260.35,3733.7,0,0.0,2.3183,10.394052,5,0
38.4951,0.5959,0.0312,6,0.3814,100.97,92.65,4399.62,0,0.0,1.236,9.608338,1,0
10.1327,0.1064,0.0524,5,0.3028,175.83,161.6,540.08,1,0.024,2.8762,8.910145,1,0
233.6905,3.8289,0.91,1,0.9651,60.99,34.1,283.44,325,0.7474,0.5353,0.005444,120,1
18.1966,0.2517,0.0266,6,0.1557,172.41,280.53,3488.57,0,0.0,3.4844,12.755771,1,0
815.0108,13.7322,0.8574,1,0.8602,156.86,29.72,280.88,221,0.8469,0.554,0.010888,347,1
28.8313,0.5113,0.132,5,0.2907,162.56,155.67,3151.42,0,0.0,2.326,1.813064,9,0
3.536,0.1018,0.0341,4,0.1175,286.1,76.23,4307.54,2,0.207,2.7966,11.221384,0,0
8.5759,0.2131,0.0949,6,0.4091,332.28,265.94,4392.43,0,0.0,1.7298,14.968672,5,0
56.6283,0.8198,0.198,5,0.2601,262.29,73.3,4349.6,0,0.0,3.3068,12.855013,14,0
7.0116,0.1278,0.1143,5,0.2816,178.81,281.44,511.05,0,0.0,3.0058,12.082192,3,0
5.8395,0.1536,0.1387,7,0.7788,234.34,215.93,1325.49,1,0.2302,1.6603,6.123478,3,0
27.6997,0.4349,0.274,6,0.235,143.57,66.51,1209.16,0,0.0,2.0176,12.008142,7,0
18.2727,0.3883,0.0183,5,0.2518,328.55,172.72,537.6,0,0.0,2.4619,10.85862,1,0
21.0591,0.4468,0.0462,3,0.1,357.58,200.81,4880.7,2,0.1369,1.4332,5.192348,3,0
10.0275,0.1919,0.0128,3,0.183,362.83,85.08,3750.42,0,0.0,2.9729,10.247661,0,0
1000.0,25.546,0.3,2,0.7147,79.16,11.5,5523.58,0,0.0,0.2036,0.038237,88,1
39.229,0.6573,0.1419,5,0.5065,295.37,73.4,3217.29,1,0.0138,2.0501,7.10778,6,0
7.26,0.1721,0.0346,7,0.2897,208.06,279.17,4407.37,0,0.0,3.1296,6.669063,1,0
416.0357,6.8974,0.24,1,0.7112,129.48,27.43,4989.43,0,0.0,0.2881,0.036163,45,1
475.7738,7.9976,0.4962,1,0.9472,141.92,30.17,110.5,184,0.7988,0.3452,0.01974,118,1
1000.0,30.0,0.1465,2,0.8572,89.97,6.56,6428.1,0,0.0,0.1814,0.021448,62,1
664.7017,11.281,0.3,1,0.9025,174.01,30.02,211.07,157,0.9368,0.2286,0.013378,101,1
9.3113,0.1827,0.0831,7,0.2738,233.8,147.6,1185.85,0,0.0,3.2803,5.438126,2,0
15.8112,0.2917,0.1055,5,0.1476,124.67,132.05,2612.46,1,0.1588,3.5814,10.2403,4,0
1000.0,30.0,0.645,1,0.8642,187.87,13.24,80.62,306,0.8536,0.0,0.016221,295,1
16.3757,0.3192,0.0485,5,0.5894,135.27,234.92,784.3,1,0.3143,3.1652,3.161781,3,0
532.1512,9.0836,0.3723,1,0.9571,179.76,38.09,265.46,344,0.9217,0.3174,0.011547,126,1
6.4169,0.196,0.142,3,0.1917,324.89,188.92,1586.17,1,0.1631,3.4155,13.108128,3,0
9.8674,0.1815,0.0916,6,0.39,274.94,280.1,1548.09,0,0.0,1.7639,2.327228,3,0
4.623,0.0588,0.0421,3,0.1866,272.61,221.18,2249.77,1,0.096,2.1234,12.043885,0,0
1000.0,30.0,0.0862,1,0.7,148.77,7.64,7102.22,0,0.0,0.2645,0.012884,26,1
20.2149,0.248,0.0411,4,0.1,196.18,205.15,616.02,1,0.2371,2.5423,1.173164,1,0
293.8581,4.8343,0.3075,1,0.8339,150.91,52.35,102.44,64,0.8279,0.2163,0.011269,79,1
30.5731,0.495,0.2013,7,0.1887,355.9,103.48,1623.51,0,0.0,1.9967,14.821186,9,0
8.4501,0.1158,0.0216,4,0.4087,153.27,110.82,1164.13,2,0.3599,2.095,11.615067,0,0
373.4928,6.0752,0.3,1,0.9268,99.97,28.11,1206.25,0,0.0,0.6959,0.008151,53,1
3.265,0.0779,0.0315,7,0.1,176.29,113.66,4466.69,0,0.0,2.9482,13.815133,0,0
268.5535,4.2814,0.7063,1,0.9196,79.14,49.26,191.27,137,0.8846,0.346,0.01898,156,1
685.9243,11.3173,0.5582,2,0.983,90.52,37.32,61.61,54,0.8849,0.0,0.008613,237,1
2.4852,0.1041,0.094,7,0.182,324.19,182.65,1378.37,0,0.0,1.7221,3.937102,1,0
25.885,0.4618,0.0255,5,0.1727,129.94,144.77,942.11,1,0.1891,2.8932,12.581595,1,0
5.3616,0.0612,0.0601,5,0.6859,152.41,226.12,1448.54,0,0.0,1.4219,13.85593,0,0
15.3643,0.3024,0.2004,6,0.4097,369.78,156.88,3055.41,0,0.0,2.0836,14.069484,10,0
20.2023,0.233,0.1053,7,0.555,222.55,68.84,3223.88,0,0.0,3.4211,3.013362,2,0
1.9627,0.0896,0.1149,3,0.1,217.0,215.95,2199.1,0,0.0,3.7049,11.136465,0,0
1000.0,24.3411,0.2073,1,0.989,45.16,28.83,7008.63,0,0.0,0.8069,0.038829,146,1
1000.0,30.0,0.2338,1,0.9695,95.11,12.34,5877.27,0,0.0,0.5478,0.031202,138,1
10.3032,0.2311,0.1161,6,0.5787,272.58,117.09,3335.37,0,0.0,2.7141,7.664769,3,0
27.913,0.4526,0.0871,7,0.4025,131.83,126.88,3034.55,0,0.0,2.366,9.347654,5,0
12.7663,0.2647,0.0037,4,0.2719,116.31,188.69,2582.8,0,0.0,3.0356,0.899739,0,0
5.2067,0.141,0.0788,7,0.4889,249.0,151.8,2695.65,0,0.0,2.2719,4.876293,1,0
336.2153,5.9366,0.664,1,0.9609,106.27,52.07,269.94,146,0.7301,0.3289,0.016094,198,1
0.8916,0.0389,0.1534,7,0.1956,125.38,263.47,4792.79,0,0.0,2.7421,5.450708,1,0
11.2755,0.2139,0.1107,3,0.1551,221.4,220.1,2517.6,1,0.1101,2.5288,8.425481,5,0
549.7339,9.1941,0.8084,2,0.8291,200.26,46.16,257.08,76,0.8943,0.0063,0.00029,343,1
6.8729,0.1689,0.0188,5,0.4707,90.0,242.41,3120.23,1,0.1421,1.6547,6.689732,0,0
456.4195,7.6391,0.1404,1,0.7508,94.52,23.51,1555.93,0,0.0,0.7041,0.033507,25,1
1.2737,0.0528,0.0828,5,0.1636,188.06,247.18,1960.28,1,0.0222,2.3107,11.208816,0,0
4.2032,0.0521,0.03,4,0.1598,217.55,106.45,4858.96,1,0.0707,1.4185,10.809421,0,0
51.5886,0.8094,0.1288,3,0.1786,262.98,82.62,1379.46,1,0.006,2.2156,7.343058,9,0
12.5188,0.2055,0.0889,3,0.1249,131.63,164.36,3254.09,1,0.0186,3.141,6.577763,2,0
31.7423,0.5765,0.1987,7,0.3658,252.12,93.37,4392.91,1,0.1956,1.4189,3.000057,10,0
25.8827,0.4547,0.0745,6,0.4618,91.38,94.06,4859.32,1,0.0318,1.5004,12.685897,3,0
473.2261,7.9247,0.5606,1,0.9075,113.76,45.48,192.53,373,0.8348,0.204,0.016753,200,1
1000.0,30.0,0.0993,1,0.8148,83.97,8.15,1579.55,0,0.0,0.3503,0.018338,50,1
27.3368,0.4135,0.272,4,0.1167,406.43,54.47,4649.35,0,0.0,2.5083,8.258257,5,0
9.991,0.0235,0.1324,3,0.3782,94.02,229.27,3187.73,1,0.0096,3.1407,5.182041,3,0
501.3008,8.2639,0.5359,1,0.8639,140.28,48.11,207.45,331,0.906,0.1438,0.010683,213,1
11.5328,0.1929,0.1504,6,0.2968,313.06,167.07,2749.93,0,0.0,2.5518,11.774838,5,0
1.7528,0.065,0.2735,3,0.7333,193.77,180.38,500.89,0,0.0,0.6003,0.45112,3,1
24.8564,0.2732,0.0581,5,0.1,351.09,210.82,3933.09,0,0.0,2.0026,0.886537,4,0
1000.0,23.7573,0.1301,3,0.9134,142.08,22.38,7730.43,0,0.0,0.9369,0.028602,69,1
18.3115,0.347,0.0152,6,0.1195,195.05,142.25,3634.39,0,0.0,1.8488,12.044182,0,0
14.5123,0.2018,0.0862,7,0.3594,159.53,95.47,4523.44,0,0.0,2.1533,9.026692,1,0
1000.0,30.0,0.3,3,0.812,36.14,5.09,5062.46,0,0.0,0.4524,0.015924,230,1
43.236,0.6985,0.1982,4,0.4786,97.99,54.63,878.48,1,0.012,2.8698,1.679557,8,0
4.0036,0.0948,0.105,4,0.3864,201.75,237.36,2996.48,1,0.017,2.8774,1.073266,0,0
15.4896,0.2735,0.01,5,0.5007,248.27,247.01,1813.69,0,0.0,3.1783,10.763003,0,0
80.5699,1.3251,0.0993,3,0.4928,371.54,31.06,3559.27,1,0.0127,2.9133,10.124618,4,0
22.986,0.3147,0.0834,4,0.2981,227.12,165.32,4465.95,1,0.024,2.712,13.469563,5,0
8.3184,0.2235,0.2576,2,0.6144,131.63,107.18,1892.68,5,0.3672,0.7435,0.490785,3,1
1000.0,30.0,0.05,1,0.8446,82.4,14.43,1326.3,0,0.0,0.109,0.038674,27,1
315.7598,5.144,0.6603,2,0.9993,111.72,16.69,297.52,224,0.6665,0.2546,0.001225,56,1
759.6978,12.6139,0.0962,1,0.8083,84.39,19.19,5541.2,0,0.0,0.4887,0.028928,23,1
38.0117,0.6546,0.0261,7,0.5519,76.28,114.3,3342.81,1,0.1552,2.2063,14.643278,1,0
465.7254,7.7917,0.6344,2,0.9557,60.72,49.47,212.72,106,0.8707,0.1703,0.010849,241,1
1.9255,0.0,0.2195,5,0.5183,347.44,199.56,3661.46,1,0.1821,2.1237,2.638668,2,0
282.51,4.5986,0.5254,1,0.9513,143.48,32.16,297.67,216,0.963,0.2769,0.016541,77,1
25.3199,0.2723,0.2086,1,0.4,226.21,82.56,2646.6,0,0.0,0.4842,0.226683,6,1
36.7232,0.56,0.0366,5,0.2704,170.22,112.38,1107.48,0,0.0,1.9642,4.317033,2,0
3.8775,0.0,0.0791,6,0.2981,368.26,118.29,1965.27,2,0.1541,2.5833,8.474431,0,0
7.6893,0.1414,0.1147,3,0.1,310.31,124.06,1644.33,0,0.0,3.6311,0.737333,2,0
3.298,0.0365,0.1018,3,0.1543,402.95,274.51,3759.9,1,0.1497,3.183,3.816224,0,0
29.3039,0.6005,0.1282,6,0.5709,347.56,45.72,621.67,0,0.0,2.534,7.144165,2,0
16.4452,0.2871,0.0572,7,0.5826,380.09,198.64,2210.93,1,0.0944,3.5386,14.01332,3,0
74.3562,1.2281,0.0241,6,0.5343,293.35,46.08,2192.16,0,0.0,3.2401,0.96822,1,0
14.9575,0.1594,0.1027,3,0.5715,239.51,121.84,2295.98,1,0.3897,1.1178,0.755583,2,1
36.1057,0.5978,0.085,3,0.5278,283.04,106.94,2022.23,0,0.0,1.7719,9.087354,5,0
465.4604,7.7534,0.4726,1,0.9772,184.48,47.49,62.37,112,0.9248,0.2277,0.019146,175,1
109.2993,1.805,0.0439,6,0.4314,221.81,38.42,2983.23,1,0.0546,1.4467,14.501971,3,0
1000.0,30.0,0.0768,3,0.9466,118.91,11.84,5624.62,0,0.0,1.0002,0.023816,29,1
2.0642,0.08,0.0395,4,0.2592,155.15,202.72,2642.23,1,0.009,1.4639,13.968902,0,0
554.4192,9.2569,0.0845,1,0.9361,95.71,16.63,2272.21,0,0.0,0.8285,0.016799,13,1
1000.0,19.6746,0.1058,1,0.9345,99.23,14.08,6523.99,0,0.0,0.8429,0.018708,29,1
1000.0,30.0,0.5447,1,0.9757,82.5,7.93,193.14,352,0.7704,0.3717,0.004017,224,1
1000.0,20.3693,0.1842,2,0.7936,83.04,15.95,2084.82,0,0.0,0.7283,0.038604,59,1
1000.0,30.0,0.3,2,0.76,114.73,9.22,4118.65,0,0.0,0.3276,0.014571,182,1
1000.0,30.0,0.1955,1,0.7,45.92,5.69,2970.32,0,0.0,0.262,0.034194,43,1
17.8738,0.2559,0.0802,6,0.5494,317.61,75.05,2758.19,1,0.066,3.3101,8.70189,1,0
18.2432,0.3303,0.0989,5,0.7299,181.44,199.97,3909.6,1,0.0769,1.6877,2.262221,5,0
21.1837,0.3887,0.0046,4,0.2104,157.14,74.95,1589.98,1,0.0413,2.0926,9.491989,0,0
11.3535,0.2239,0.0211,3,0.2615,169.05,141.0,3443.79,0,0.0,2.469,7.227021,0,0
26.2267,0.5023,0.149,3,0.4697,230.18,42.28,4976.44,0,0.0,3.3203,4.197909,3,0
25.4887,0.4143,0.1195,6,0.6725,96.61,190.64,1013.23,0,0.0,3.1291,9.315582,9,0
0.7942,0.116,0.156,4,0.4354,213.15,154.06,2647.4,0,0.0,1.7862,14.850396,0,0
8.8562,0.198,0.0086,6,0.2608,71.01,264.27,724.71,0,0.0,1.974,4.01212,0,0
253.0154,4.1752,0.7072,1,0.9463,59.98,42.99,161.47,99,0.8267,0.0,0.016125,125,1
6.4742,0.0983,0.1649,4,0.2935,183.15,297.19,3818.69,1,0.0244,1.7596,9.393867,7,0
4.223,0.1404,0.1031,3,0.2961,214.44,245.1,2088.31,1,0.0632,2.1776,1.491121,2,0
6.2999,0.1377,0.0605,4,0.1237,294.91,212.25,3471.37,0,0.0,1.6562,14.405602,1,0
11.9263,0.4023,0.1,2,0.6284,156.55,119.05,1262.42,5,0.4607,0.4371,0.307233,2,1
1000.0,26.3919,0.1907,1,0.7669,80.43,8.55,5108.36,0,0.0,0.5366,0.044627,43,1
28.3628,0.4634,0.3674,5,0.1429,149.5,88.86,2209.06,0,0.0,2.7202,9.728312,16,0
55.7293,0.9183,0.0059,3,0.1408,318.91,34.15,2444.84,1,0.1088,2.1665,10.61824,0,0
1000.0,20.3203,0.5636,2,0.8196,113.95,15.58,269.01,88,0.777,0.0178,0.003977,178,1
1.5026,0.0808,0.054,5,0.5755,340.48,206.09,1481.75,0,0.0,2.6141,3.0206,0,0
15.7054,0.2288,0.0058,5,0.5935,363.62,240.62,4762.88,0,0.0,1.4277,8.016795,0,0
11.6341,0.1732,0.0307,5,0.5568,132.45,210.0,3780.45,0,0.0,1.6061,3.900128,1,0
75.8039,1.2954,0.1084,6,0.3389,246.77,49.49,1287.18,0,0.0,1.5427,9.68699,6,0
1000.0,17.6964,0.4123,2,0.9981,157.04,14.42,166.49,181,0.6536,0.1088,0.01156,105,1
6.8816,0.106,0.1083,5,0.134,244.8,294.37,3043.2,1,0.0302,2.5626,11.019752,3,0
1000.0,30.0,0.2691,2,0.9539,149.36,3.11,2030.51,0,0.0,0.0,0.044269,46,1
34.524,0.5066,0.0378,7,0.2829,147.66,94.14,526.8,0,0.0,1.4049,12.635863,1,0
5.5174,0.0225,0.0359,5,0.152,391.5,137.74,2875.13,0,0.0,2.8939,2.73835,0,0
12.1883,0.1405,0.0813,4,0.1,177.2,294.31,4167.03,0,0.0,2.569,10.062714,3,0
4.882,0.0372,0.0181,7,0.3276,100.64,230.07,4090.28,0,0.0,2.093,14.284105,0,0
7.5592,0.2012,0.0472,6,0.6695,29.75,180.71,2987.67,1,0.0888,3.3189,8.011151,1,0
1000.0,30.0,0.3749,1,0.9926,183.46,13.93,236.73,127,0.9391,0.4582,0.015392,171,1
13.9106,0.2654,0.5,1,0.5174,128.84,78.83,1518.41,5,0.4815,1.3721,0.609939,7,1
33.5404,0.6264,0.0912,3,0.2248,291.89,72.86,1922.48,0,0.0,2.8444,5.914884,3,0
14.9778,0.2012,0.0384,3,0.3446,220.42,235.1,3857.12,2,0.0728,2.4412,12.761971,2,0
6.8015,0.0131,0.0626,6,0.2997,327.12,233.24,689.2,1,0.0087,3.2491,9.108722,1,0
7.5572,0.1479,0.127,5,0.2778,404.84,299.15,1706.21,1,0.0098,3.0392,10.040274,4,0
0.0,0.0,0.1225,3,0.5913,278.68,211.46,1915.14,1,0.077,1.8096,6.339619,0,0
29.6057,0.5419,0.0332,5,0.3059,316.71,57.08,3705.74,1,0.128,2.8484,1.686087,0,0
9.1561,0.1511,0.0138,7,0.3273,282.78,215.45,2901.42,0,0.0,1.962,11.504953,0,0
1000.0,22.0308,0.204,2,0.845,52.3,29.37,6644.26,0,0.0,0.4074,0.031519,132,1
103.1206,1.7247,0.0796,5,0.4503,244.19,39.23,1893.3,1,0.1866,3.0915,1.657665,5,0
382.617,6.2799,0.7792,1,0.8502,146.32,31.22,278.49,386,0.5871,0.4961,0.001584,155,1
513.5523,8.5309,0.4575,2,0.8,110.92,36.72,143.25,99,0.7384,0.0502,0.016955,142,1
992.0091,16.4075,0.5169,1,0.8063,171.16,29.06,110.32,347,0.8444,0.2998,0.014562,247,1
0.6365,0.0,0.1458,6,0.1842,182.12,282.69,4786.84,0,0.0,3.0706,10.911866,0,0
12.6401,0.3048,0.322,1,0.7848,243.73,111.74,1648.51,10,0.4587,1.0256,0.143498,6,1
31.7805,0.5128,0.0433,4,0.1852,386.04,107.51,1352.66,0,0.0,2.1845,11.041012,2,0
8.8019,0.1521,0.0661,5,0.5061,278.85,205.32,2260.63,0,0.0,1.6513,3.652066,1,0
708.8694,11.918,0.2591,1,0.979,84.9,19.91,5360.02,0,0.0,0.8263,0.040241,61,1
14.9384,0.2936,0.1953,6,0.4215,243.93,61.52,3764.61,0,0.0,2.4015,7.533557,2,0
241.5865,3.8938,0.2044,2,0.8327,55.2,27.4,6440.91,0,0.0,0.1402,0.015671,22,1
12.0624,0.2358,0.1208,5,0.398,258.53,131.26,1314.38,1,0.3879,1.9935,12.015609,4,0
1000.0,30.0,0.3,3,0.8588,58.11,4.66,6904.13,0,0.0,0.2926,0.00844,78,1
14.6059,0.2267,0.0729,6,0.3417,141.29,299.15,3577.9,0,0.0,1.6563,9.68369,4,0
6.5517,0.1544,0.2576,2,0.5432,127.29,180.61,1503.74,0,0.0,1.1935,0.510117,2,1
187.9168,3.2579,0.7392,1,0.954,106.71,45.09,204.23,153,0.861,0.3661,0.005739,102,1
1000.0,20.9365,0.7239,1,0.9289,119.43,15.0,187.37,369,0.5368,0.2593,0.003281,227,1
15.6119,0.3024,0.4176,1,0.6554,105.91,112.96,2022.08,5,0.2749,1.1564,0.114041,11,1
9.6508,0.116,0.0401,5,0.249,284.69,284.18,2385.23,1,0.0723,3.4188,12.37751,1,0
617.8283,10.4455,0.1097,1,0.7542,50.11,29.54,6744.86,0,0.0,0.511,0.044395,33,1
29.9888,0.518,0.0134,4,0.1219,378.58,74.98,1597.36,1,0.149,3.1734,2.76525,0,0
21.7185,0.3196,0.0641,4,0.1,265.48,173.11,2774.3,0,0.0,2.4274,6.111425,3,0
12.2109,0.1132,0.2657,3,0.6798,260.41,170.23,1798.96,0,0.0,0.5397,0.328534,5,1
12.5326,0.2152,0.0967,5,0.3637,397.29,228.88,4210.03,0,0.0,2.8109,5.619583,4,0
26.6537,0.4112,0.1046,6,0.1,140.81,131.06,3914.4,1,0.1371,3.3694,10.77478,6,0
54.9067,0.8673,0.2083,7,0.2104,248.38,48.21,2191.62,0,0.0,2.2176,11.826827,8,0
34.011,0.525,0.0226,4,0.1504,110.08,99.64,527.33,0,0.0,2.7158,8.764619,1,0
15.1084,0.1995,0.0254,4,0.3439,125.36,271.37,4306.31,1,0.1211,2.7551,12.403505,1,0
13.709,0.2075,0.0419,3,0.1233,405.82,296.06,4802.05,0,0.0,2.2698,6.166419,2,0
1000.0,26.9892,0.2942,2,0.9514,51.41,26.42,2717.27,0,0.0,0.2855,0.047705,209,1
15.3361,0.2679,0.1325,7,0.2018,355.6,178.09,1578.68,0,0.0,1.4021,8.522231,6,0
65.8815,1.0212,0.1687,5,0.142,252.2,56.75,2917.54,0,0.0,1.7173,1.470103,10,0
15.4495,0.2315,0.2676,7,0.3045,328.15,256.71,1225.79,0,0.0,2.8314,13.437342,16,0
803.5388,13.4889,0.6621,1,0.8476,50.24,10.53,171.57,253,0.8134,0.1138,0.010804,94,1
12.7074,0.1193,0.0851,4,0.1,134.01,213.21,2816.45,0,0.0,1.9201,9.215614,4,0
288.6153,4.6367,0.7135,2,0.9975,97.29,38.58,80.93,220,0.5815,0.3744,0.00078,128,1
1000.0,26.1869,0.2324,2,0.7,87.75,18.33,3607.03,0,0.0,0.9528,0.030476,112,1
685.9114,11.301,0.5719,1,0.9606,175.08,20.53,149.94,225,0.9474,0.2137,0.018319,133,1
80.7629,1.3493,0.1399,5,0.391,191.25,56.63,4980.54,1,0.0339,1.9748,11.156593,10,0
1000.0,30.0,0.3407,1,0.8336,161.83,6.64,164.44,262,0.9393,0.4307,0.008415,148,1
1000.0,26.9843,0.3,1,0.9216,91.55,18.54,3892.35,0,0.0,0.4298,0.041437,149,1
10.647,0.1274,0.1439,7,0.5096,339.17,196.12,2440.13,1,0.084,2.9715,12.461843,4,0
5.9543,0.043,0.1482,4,0.3303,204.28,194.45,783.4,1,0.1333,2.6973,4.602455,3,0
571.2185,9.6236,0.6443,1,0.902,122.08,20.51,173.42,338,0.8899,0.1587,0.008341,127,1
38.5238,0.618,0.0641,4,0.2481,354.09,117.56,3208.96,1,0.0765,1.8712,13.467007,4,0
19.9148,0.3923,0.0089,7,0.2615,121.18,193.59,1535.06,1,0.1149,3.269,4.445075,0,0
15.9718,0.3161,0.1229,6,0.3601,321.17,133.06,4185.13,1,0.2262,1.2717,11.545408,4,0
19.8515,0.2896,0.1295,7,0.3352,300.18,213.57,4866.02,1,0.1506,3.2776,3.468943,9,0
17.4816,0.2004,0.0363,5,0.2248,260.89,171.55,2117.41,0,0.0,2.2432,14.285798,1,0
25.4856,0.4203,0.0106,5,0.1741,211.37,94.58,3615.98,1,0.1271,2.2219,10.673191,0,0
3.6784,0.0,0.1035,2,0.6779,285.82,172.7,1308.07,1,0.6398,0.9653,0.063475,1,1
17.8297,0.2806,0.0264,3,0.1,216.16,245.89,3221.56,0,0.0,3.395,14.429531,1,0
9.3749,0.0102,0.066,5,0.1766,347.05,231.21,4597.78,1,0.1642,3.1702,7.421173,1,0
21.4544,0.3511,0.0311,3,0.5921,137.55,178.69,3136.0,0,0.0,2.7986,12.62372,2,0
8.1836,0.1427,0.1986,5,0.4957,149.42,188.64,4815.7,0,0.0,3.1485,10.748097,6,0
28.8466,0.4799,0.0431,6,0.2723,363.55,110.07,3809.21,1,0.0363,3.0492,8.607848,2,0
2.8263,0.035,0.0102,4,0.1,423.56,208.29,2244.91,1,0.0734,2.3183,8.109425,0,0
13.2063,0.2122,0.1185,6,0.3203,136.89,230.54,2020.5,0,0.0,2.8599,0.78455,6,0
1000.0,30.0,0.2111,1,0.8577,160.53,12.37,6796.57,0,0.0,0.2558,0.043515,138,1
13.8346,0.2349,0.1078,1,0.6269,148.13,178.58,2653.28,0,0.0,0.8561,0.052733,2,1
12.0389,0.1489,0.0928,4,0.1766,261.01,191.7,4928.65,0,0.0,3.0417,3.59898,3,0
9.0658,0.1484,0.0853,5,0.5259,250.8,243.08,2102.44,2,0.1733,1.5308,2.716458,3,0
1000.0,30.0,0.1766,1,0.7,97.59,21.56,7989.85,0,0.0,0.0,0.025931,133,1
604.847,10.1083,0.8842,1,0.9482,159.31,25.16,262.56,132,0.8105,0.2483,0.01415,224,1
9.0753,0.148,0.0484,4,0.3352,361.13,205.18,609.94,2,0.3103,2.5778,9.528973,1,0
1000.0,16.5738,0.5814,1,0.8,66.63,12.09,112.18,95,0.7778,0.0,0.005516,116,1
5.3575,0.017,0.0642,6,0.2426,401.71,236.64,707.92,0,0.0,2.3011,14.941493,0,0
10.0533,0.3111,0.3802,2,0.821,267.17,142.65,2346.34,0,0.0,1.2553,0.567803,14,1
16.6606,0.2089,0.1114,3,0.2306,236.9,128.18,1497.17,1,0.0427,3.0683,12.359762,3,0
1000.0,30.0,0.05,1,0.7626,106.93,17.99,7167.18,0,0.0,0.2124,0.010246,37,1
19.7965,0.3699,0.2376,3,0.6984,285.01,63.88,1112.49,0,0.0,0.7327,0.305333,5,1
17.1636,0.3817,0.0425,5,0.3228,108.97,240.74,2673.02,0,0.0,3.0722,6.934862,2,0
2.9691,0.1069,0.0801,4,0.1693,270.22,170.52,2205.88,0,0.0,1.4675,11.865014,0,0
26.9053,0.4689,0.0756,4,0.2527,136.04,177.39,2850.13,0,0.0,1.9052,7.099927,5,0
37.4738,0.6532,0.1317,6,0.1731,282.67,127.41,3092.78,1,0.3083,1.6557,0.943397,10,0
14.258,0.3543,0.2022,3,0.7419,112.26,172.52,2862.0,1,0.481,0.8,0.672559,7,1
277.3593,4.931,0.4377,2,0.8465,138.68,38.61,293.32,61,0.9852,0.1611,0.003509,79,1
16.06,0.2925,0.0743,4,0.176,191.3,238.71,2659.7,0,0.0,2.8835,7.346664,4,0
6.1877,0.1257,0.1221,6,0.279,374.97,209.65,548.61,0,0.0,1.6103,14.21023,4,0
9.9787,0.235,0.0408,3,0.3917,136.64,191.83,4810.26,1,0.0493,1.6237,10.234836,1,0
9.0229,0.0461,0.1905,3,0.6602,327.02,187.1,815.45,5,0.4859,0.3803,0.687522,3,1
25.2075,0.4338,0.1203,4,0.3456,158.82,189.4,2407.99,0,0.0,3.4859,8.61785,9,0
1000.0,17.7783,0.9334,2,0.9892,122.45,20.59,61.93,241,0.828,0.1396,0.003557,343,1
6.1582,0.1294,0.0241,4,0.2351,260.56,266.75,1021.7,0,0.0,2.6017,4.71747,0,0
386.8879,6.4054,0.0892,1,0.7,141.28,26.76,1646.46,0,0.0,0.2114,0.000748,15,1
1000.0,30.0,0.1023,1,0.9112,146.3,15.59,2049.97,0,0.0,0.3634,0.026719,52,1
25.3553,0.461,0.1882,7,0.1895,352.56,152.61,4237.66,1,0.0057,2.8416,8.369748,12,0
32.4548,0.4486,0.1802,5,0.1995,300.07,118.27,3976.55,0,0.0,2.4043,5.046344,11,0
14.2001,0.0653,0.1045,2,0.7583,191.82,163.69,1601.04,0,0.0,0.9011,0.643542,1,1
1000.0,30.0,0.1505,1,0.7,119.21,12.04,1091.14,0,0.0,0.0,0.00236,107,1
16.1254,0.335,0.2447,2,0.7275,80.04,115.31,2306.18,5,0.6293,1.123,0.317924,9,1
2.8668,0.1416,0.0147,5,0.1957,174.21,230.7,2960.47,0,0.0,1.5123,5.767223,0,0
8.1891,0.1235,0.1375,4,0.2803,310.88,119.56,4017.75,0,0.0,2.9258,4.857638,2,0
3.6075,0.2674,0.2806,3,0.4,127.37,199.22,716.24,5,0.3602,1.4147,0.421734,9,1
37.9275,0.6921,0.3197,4,0.1,296.35,85.41,4346.5,1,0.1096,2.2318,11.495433,18,0
6.5059,0.1309,0.0289,6,0.1861,117.55,278.23,2296.32,1,0.1077,2.8839,13.658489,1,0
24.0705,0.2932,0.0294,7,0.3532,373.17,200.13,599.3,2,0.006,2.0313,2.416605,1,0
406.5233,6.6726,0.7216,2,0.9516,60.6,50.37,103.9,315,0.6027,0.3205,0.010069,248,1
21.4823,0.2615,0.2319,3,0.7574,252.82,79.41,2126.04,1,0.3588,0.8167,0.728106,7,1
1000.0,30.0,0.1792,2,0.9138,90.41,4.8,4973.86,0,0.0,0.1445,0.001706,125,1
14.8678,0.2988,0.1392,4,0.2553,323.6,217.08,3391.96,0,0.0,2.1199,7.096719,8,0
8.0765,0.1656,0.0088,4,0.1656,117.45,102.76,1296.12,1,0.0536,2.4332,7.245647,0,0
13.1828,0.2413,0.1453,5,0.2047,376.16,245.16,4760.77,0,0.0,2.1231,9.876432,9,0
12.4108,0.0512,0.1446,2,0.8512,201.42,131.77,951.66,0,0.0,0.3795,0.326758,3,1
854.9802,14.0412,0.1328,2,0.7,38.31,28.17,7917.43,0,0.0,0.57,0.049075,52,1
5.5375,0.1392,0.0229,4,0.453,316.01,228.13,4347.37,0,0.0,2.5401,12.519843,0,0
1000.0,30.0,0.5933,1,0.9856,124.18,7.0,88.3,342,0.9211,0.0768,0.004279,157,1
17.3759,0.2316,0.0068,3,0.1567,68.09,213.08,648.43,0,0.0,1.4562,7.926434,0,0
26.8211,0.4739,0.2387,6,0.6318,132.3,117.77,2579.07,0,0.0,1.8743,7.324057,12,0
30.502,0.4967,0.0252,4,0.3196,332.71,78.96,3736.71,0,0.0,1.6051,13.230153,1,0
578.3257,9.6496,0.7352,1,0.9658,84.45,38.82,187.33,71,0.7841,0.3036,0.006033,273,1
16.3059,0.3629,0.2625,5,0.6042,361.96,231.86,1084.01,0,0.0,2.7857,14.223737,17,0
2.1746,0.1816,0.0414,4,0.5188,163.34,283.73,714.21,0,0.0,1.8161,2.796892,1,0
50.3698,0.8335,0.0448,4,0.2411,295.62,93.57,906.66,1,0.2659,2.144,6.436109,3,0
21.382,0.3363,0.1076,4,0.3618,177.95,108.73,4000.32,0,0.0,1.2116,5.800259,3,0
468.7332,7.8303,0.2424,2,0.7194,40.64,23.69,3089.39,0,0.0,0.608,0.04892,44,1
1000.0,19.1879,0.7707,1,0.9629,98.64,17.47,144.14,55,0.6533,0.3392,0.010398,258,1
1000.0,30.0,0.0838,1,0.7,66.38,23.97,2578.9,0,0.0,0.2261,0.019002,62,1
169.15,2.9165,0.5035,1,0.8989,162.24,46.91,162.64,265,0.7989,0.0496,0.011395,65,1
3.8745,0.057,0.076,6,0.1564,85.84,252.18,4867.58,1,0.0797,2.5214,9.58055,1,0
23.2325,0.3459,0.1228,7,0.3657,349.89,201.06,4321.52,0,0.0,3.0427,3.010531,8,0
3.0497,0.0,0.169,1,0.5789,193.93,159.99,1848.36,0,0.0,1.4187,0.190673,2,1
57.2242,0.8911,0.0347,6,0.3793,89.74,57.15,2997.82,0,0.0,2.4184,8.280193,1,0
123.1532,2.0714,0.1046,6,0.4493,294.74,38.13,1748.59,0,0.0,3.1708,0.649125,8,0
8.7414,0.1499,0.1379,4,0.1777,405.15,294.37,1824.41,0,0.0,1.4488,4.067254,8,0
55.0329,0.9646,0.0791,5,0.3587,134.25,52.34,4988.08,1,0.0342,2.9774,5.570169,3,0
1000.0,18.4105,0.3,1,0.9076,128.91,26.82,4089.3,0,0.0,0.9204,0.029351,147,1
14.5473,0.2801,0.0787,7,0.195,273.46,249.92,3258.04,1,0.028,1.8291,5.065727,5,0
4.3019,0.0,0.01,5,0.4554,255.62,212.88,4070.92,0,0.0,2.1254,11.496853,0,0
38.3559,0.7627,0.0169,4,0.6181,242.67,104.63,1396.52,0,0.0,2.34,11.81091,1,0
8.2162,0.2451,0.1728,1,0.4377,219.64,170.25,2861.15,5,0.222,0.4947,0.344366,6,1
31.8349,0.4962,0.1331,3,0.2796,121.37,78.18,3171.1,1,0.1246,2.2324,1.075972,5,0
13.115,0.3423,0.0274,3,0.304,344.01,283.26,1956.24,1,0.0101,1.9525,1.702444,1,0
352.7088,5.8666,0.3,2,0.9952,115.85,47.74,295.39,172,0.8862,0.0804,0.008892,84,1
45.7219,0.7552,0.0717,4,0.1,317.07,74.1,4229.35,0,0.0,1.8137,14.592632,3,0
10.9473,0.2426,0.0429,5,0.376,325.87,50.33,4651.5,1,0.0572,2.3408,13.096376,0,0
87.2848,1.5318,0.0574,4,0.5949,189.01,40.46,1788.19,0,0.0,2.3142,6.783508,3,0
1000.0,27.1864,0.3,3,0.9632,98.26,4.59,7198.64,0,0.0,0.7896,0.018465,37,1
9.3918,0.2624,0.3047,5,0.7348,324.28,185.77,553.81,0,0.0,3.1652,10.617066,11,0
18.435,0.3543,0.016,4,0.1923,98.3,44.47,4902.19,0,0.0,2.3725,5.779755,0,0
14.1742,0.2305,0.0973,5,0.2648,325.44,198.28,3469.66,0,0.0,2.0502,14.687622,5,0
1000.0,30.0,0.1715,1,0.7,72.37,11.83,5845.48,0,0.0,0.0787,0.015787,68,1
1000.0,30.0,0.1135,2,0.9754,110.79,18.4,7583.63,0,0.0,0.2353,0.021865,84,1
44.5618,0.7598,0.0229,4,0.3016,384.42,45.93,2147.88,0,0.0,2.0781,10.800785,0,0
17.1242,0.2112,0.0618,4,0.4377,310.16,199.89,935.68,0,0.0,3.1961,11.671348,3,0
11.7651,0.2214,0.1063,3,0.2924,91.8,208.78,1524.64,1,0.0463,2.354,5.819765,4,0
4.285,0.1012,0.1636,4,0.4665,260.27,257.74,3903.33,0,0.0,2.8948,1.780096,5,0
31.3113,0.5534,0.0186,6,0.2912,214.38,79.74,3521.96,0,0.0,3.3507,6.490582,0,0
0.2122,0.0,0.0677,6,0.2593,138.09,235.87,1366.05,0,0.0,3.2978,13.200391,0,0
19.867,0.3304,0.0554,7,0.1,246.73,92.08,4499.27,0,0.0,3.0276,6.89983,1,0
4.7644,0.0928,0.1395,6,0.3022,411.76,298.61,4956.73,1,0.013,2.7602,7.959473,3,0
120.9927,1.9806,0.8777,1,0.9622,152.97,56.96,195.25,315,0.8366,0.2107,0.017085,97,1
70.4443,1.1193,0.0568,4,0.3558,330.27,49.5,1092.22,0,0.0,2.5922,8.540174,3,0
563.632,9.034,0.093,1,0.8056,110.64,22.77,1572.13,0,0.0,0.1569,0.008125,19,1
1000.0,30.0,0.6663,1,0.8238,167.34,11.5,135.1,105,0.842,0.1955,0.003965,326,1
398.4501,6.5906,0.7135,1,0.9331,188.71,58.21,64.65,337,0.712,0.5024,0.018225,271,1
1000.0,30.0,0.1072,3,0.9168,83.64,4.38,2501.99,0,0.0,0.7078,0.016452,28,1
1000.0,28.0366,0.2064,2,0.8568,102.94,24.37,3518.45,0,0.0,0.0,0.049483,141,1
1000.0,30.0,0.2508,1,0.7,132.15,7.41,4076.76,0,0.0,0.9764,0.033919,64,1
1000.0,17.6115,0.6951,1,0.984,86.69,8.91,191.47,270,0.7713,0.1758,0.00973,110,1
13.9723,0.2369,0.0433,6,0.203,221.69,209.07,1856.82,1,0.05,1.9081,12.787603,1,0
22.4354,0.282,0.0947,5,0.1436,153.81,226.04,1203.97,0,0.0,3.0229,10.861641,7,0
8.4911,0.2323,0.0203,7,0.2616,153.05,268.71,2260.48,2,0.0827,1.4818,3.300896,1,0
74.0645,1.1834,0.1422,3,0.3377,233.96,61.78,2030.77,0,0.0,2.2606,9.844931,10,0
13.2034,0.161,0.5,2,0.4,345.19,169.19,1981.29,1,0.6942,1.0643,0.435021,11,1
105.9678,1.6406,0.0179,3,0.2039,264.6,36.47,1728.63,0,0.0,1.8092,12.811528,1,0
1000.0,16.7419,0.4738,2,0.9963,137.44,8.86,221.2,116,0.9606,0.0641,0.01096,70,1
15.4183,0.2507,0.0728,5,0.3861,199.6,69.02,2739.9,0,0.0,2.2567,6.278279,1,0
1000.0,30.0,0.1095,2,0.9532,146.96,4.71,2614.9,0,0.0,0.6428,0.023459,72,1
1000.0,30.0,0.1392,3,0.8932,139.26,10.95,4968.64,0,0.0,0.0353,0.020594,89,1
16.9161,0.3321,0.0826,3,0.3693,211.74,131.89,3988.56,0,0.0,2.7148,3.284233,2,0
431.6395,6.992,0.6132,1,0.8,92.92,39.55,176.95,158,0.7595,0.3219,0.010998,171,1
31.173,0.4298,0.3555,5,0.2828,303.25,91.83,1193.34,1,0.0341,1.7028,6.41397,15,0
570.8755,9.3108,0.1401,1,0.9763,66.97,27.68,2757.44,0,0.0,0.5632,0.046784,36,1
75.1619,1.2636,0.0056,3,0.2362,356.59,46.98,2380.76,0,0.0,3.4314,10.637117,0,0
1000.0,30.0,0.2261,1,0.8686,45.98,15.99,2086.03,0,0.0,0.4018,0.002021,164,1
2.6217,0.1128,0.0587,6,0.3464,306.54,204.91,4117.81,0,0.0,2.5347,2.571701,0,0
1000.0,20.9753,0.1702,1,0.8671,140.01,22.69,2854.55,0,0.0,0.8966,0.04715,80,1
1000.0,18.5324,0.3,2,0.8101,116.1,27.76,5041.72,0,0.0,0.1648,0.022822,154,1
7.4256,0.1481,0.1142,6,0.3067,341.88,109.09,3453.21,2,0.016,2.0316,6.700382,1,0
20.1104,0.2179,0.0765,6,0.1,293.83,124.53,4675.76,0,0.0,3.3997,11.113196,2,0
261.0254,4.6608,0.3008,1,0.8,216.21,40.01,186.12,294,0.8006,0.4913,0.002172,53,1
7.4164,0.0531,0.1,3,0.4,98.93,168.75,2726.86,5,0.6745,0.3381,0.309305,2,1
26.3729,0.4757,0.034,3,0.1201,371.56,165.88,2047.82,1,0.2753,3.4701,8.016909,2,0
52.9471,0.9053,0.0902,7,0.298,165.17,55.12,3840.93,0,0.0,1.8065,13.244988,4,0
15.5912,0.2409,0.0207,6,0.1,221.51,52.34,810.04,0,0.0,2.9506,10.185283,0,0
445.245,7.3162,0.6555,1,0.936,191.8,11.7,293.22,167,0.75,0.2527,0.01904,57,1
28.6902,0.4846,0.1254,6,0.2156,80.17,63.43,536.15,0,0.0,3.5676,1.55172,3,0
651.0233,10.6663,0.2667,1,0.7971,87.4,25.13,1334.82,0,0.0,0.6696,0.044888,72,1
48.917,0.7856,0.1016,4,0.378,79.21,41.97,2722.48,0,0.0,2.6293,1.401358,3,0
12.5082,0.2415,0.045,4,0.2409,85.73,284.75,2485.15,0,0.0,2.2892,8.784598,2,0
909.1753,14.9694,0.7917,1,0.8376,98.06,31.7,161.9,52,0.8715,0.276,0.001576,376,1
9.2717,0.0478,0.1936,4,0.6649,173.88,97.47,4213.11,0,0.0,2.4055,4.919033,1,0
1000.0,25.4431,0.3,1,0.9019,147.0,21.48,2251.71,0,0.0,0.6728,0.022451,163,1
10.5454,0.1012,0.4015,3,0.555,274.21,188.79,2049.32,0,0.0,0.5563,0.679314,8,1
40.7819,0.6715,0.0437,5,0.3119,93.81,114.33,1455.45,1,0.2362,3.0825,2.382097,3,0
42.6899,0.7372,0.0644,7,0.2421,365.47,31.88,4450.25,1,0.0975,2.7471,1.946099,1,0
467.1057,7.8201,0.6291,1,0.8,208.66,52.4,65.36,133,0.824,0.3697,0.019024,258,1
34.4247,0.5372,0.0759,4,0.2036,170.34,138.48,4838.13,1,0.1036,3.0561,2.309902,5,0
1000.0,30.0,0.1049,2,0.7152,32.02,17.6,6825.33,0,0.0,0.6596,0.035784,71,1
123.108,2.0949,0.0651,5,0.2946,153.74,31.43,3520.21,1,0.1725,3.1568,13.669313,4,0
27.6465,0.5623,0.0752,5,0.3748,253.53,74.44,2623.64,1,0.1631,1.663,4.089746,3,0
629.0603,10.295,0.4578,1,0.9871,155.13,15.93,114.32,380,0.913,0.0971,0.016434,75,1
32.9582,0.5232,0.1001,4,0.1619,101.76,136.91,1409.07,0,0.0,3.1408,9.987242,7,0
2.9917,0.0806,0.1399,5,0.1733,411.14,136.64,4359.52,1,0.1322,2.0506,2.518436,1,0
825.8097,13.8249,0.7393,1,0.9342,63.97,26.61,71.1,172,0.6969,0.2343,0.018874,270,1
89.7559,1.4549,0.0073,5,0.1,281.86,32.51,992.34,0,0.0,3.3041,9.321039,0,0
16.1252,0.5559,0.4223,1,0.4558,228.93,94.67,789.17,0,0.0,1.0099,0.104405,14,1
1000.0,30.0,0.0957,1,0.8515,92.12,15.96,5862.8,0,0.0,0.3034,0.008657,55,1
13.2917,0.1903,0.1331,5,0.1556,264.32,147.9,2780.96,1,0.0015,2.9803,10.96944,3,0
12.8199,0.2032,0.1228,4,0.122,83.85,192.34,1486.19,1,0.0819,2.0651,1.598264,5,0
120.407,2.0447,0.1097,3,0.2044,141.22,38.87,3557.69,1,0.0393,2.7612,12.046007,8,0
33.9811,0.5362,0.081,7,0.1,190.66,131.19,4023.42,0,0.0,3.3687,10.410184,5,0
13.478,0.2282,0.1642,2,0.4,303.6,194.47,2306.7,0,0.0,1.3926,0.065851,6,1
5.6324,0.2168,0.0044,3,0.3308,247.74,177.81,1825.29,1,0.0587,1.9386,12.19318,0,0
6.5055,0.0762,0.0421,3,0.5782,113.41,195.2,792.73,1,0.3551,3.033,6.882211,0,0
704.5878,11.8306,0.5825,1,0.9781,76.6,38.79,251.0,108,0.8918,0.228,0.019658,265,1
602.1157,10.0286,0.7002,1,0.9324,95.1,20.38,207.13,126,0.7818,0.4607,0.011655,143,1
9.9267,0.0723,0.1181,6,0.3535,337.69,158.76,2127.53,0,0.0,3.4307,14.109273,2,0
18.5491,0.2505,0.0204,3,0.1867,241.05,189.71,3439.11,0,0.0,2.3754,13.988473,1,0
481.921,7.9107,0.8466,1,0.8884,142.09,39.22,86.79,213,0.8142,0.3069,0.005086,266,1
19.3872,0.3318,0.0563,3,0.1972,324.08,183.02,994.72,1,0.0235,1.7091,8.581946,3,0
392.895,6.624,0.6138,1,0.934,123.99,28.44,226.11,343,0.6154,0.4835,0.003824,114,1
25.8963,0.4823,0.1042,3,0.2368,405.04,58.08,2852.09,0,0.0,2.1827,10.508703,3,0
1000.0,30.0,0.3,1,0.9421,70.09,3.5,3753.88,0,0.0,0.5714,0.004333,238,1
4.4214,0.0,0.0732,6,0.4528,100.78,271.44,1448.95,0,0.0,3.3803,1.63259,0,0
10.7859,0.1616,0.0554,4,0.1,331.15,271.13,2205.23,0,0.0,3.3778,7.571967,1,0
251.116,4.1406,0.5811,2,0.9767,124.68,33.85,161.76,185,0.8987,0.4079,0.009187,81,1
75.6621,1.1744,0.1948,5,0.4732,202.59,54.95,1801.28,1,0.1715,3.4928,11.149342,12,0
14.9158,0.0574,0.4943,1,0.4,315.14,144.98,574.42,5,0.253,0.8283,0.260827,13,1
23.2453,0.1145,0.1422,3,0.8436,96.17,142.57,2682.06,0,0.0,0.7474,0.741132,4,1
13.8023,0.2339,0.0246,4,0.1476,355.55,291.61,3948.09,0,0.0,3.8459,9.094594,1,0
328.8191,5.4669,0.6488,2,0.9772,151.08,49.19,198.84,126,0.9879,0.3934,0.017617,175,1
12.4152,0.2663,0.1195,4,0.1682,195.66,226.59,4170.85,0,0.0,2.3729,7.364817,5,0
11.5625,0.1586,0.0644,6,0.1,233.26,240.36,4145.57,1,0.1882,2.8845,11.789437,2,0
63.4259,1.1131,0.2776,6,0.2642,118.48,60.14,995.53,1,0.0176,2.0264,8.803605,17,0
2.1611,0.1217,0.1,2,0.4,310.87,159.67,2230.9,10,0.558,0.9412,0.209453,2,1
4.5999,0.0,0.0444,4,0.3336,219.81,229.75,1203.58,0,0.0,1.8499,0.702355,0,0
29.2009,0.4298,0.2638,3,0.3691,206.07,131.16,3189.41,0,0.0,1.1342,11.686344,16,0
828.1251,13.7109,0.4952,1,0.9126,90.72,33.49,135.4,89,0.8632,0.4164,0.007195,228,1
349.6418,5.7199,0.7389,1,0.8976,57.74,57.64,98.64,357,0.9703,0.0465,0.013688,243,1
1000.0,29.1898,0.3,1,0.8083,153.81,25.59,2581.8,0,0.0,0.0429,0.00747,225,1
18.0849,0.2401,0.0147,5,0.5036,266.11,92.1,3784.29,0,0.0,2.4154,2.033753,0,0
9.3532,0.1813,0.092,4,0.2942,293.67,178.68,815.49,0,0.0,2.0672,2.773784,3,0
1000.0,30.0,0.2366,1,0.9497,54.5,6.93,4293.88,0,0.0,0.0908,0.019996,136,1
741.3,12.4233,0.0813,1,0.8373,128.44,28.79,6980.4,0,0.0,0.4512,0.044108,28,1
1000.0,30.0,0.1032,2,0.7292,127.92,11.94,7711.79,0,0.0,0.3663,0.033396,44,1
8.0728,0.1246,0.1027,7,0.6377,224.35,268.54,1356.55,0,0.0,3.1774,2.984677,3,0
39.5189,0.6413,0.1728,4,0.179,117.98,97.06,2988.5,0,0.0,1.9373,1.219793,10,0
20.9019,0.4186,0.1327,4,0.417,355.58,114.94,2773.02,2,0.1175,2.1548,6.823022,5,0
7.6076,0.1115,0.1279,4,0.1442,329.61,243.31,4652.41,0,0.0,2.4995,11.589742,3,0
10.662,0.1528,0.4792,1,0.781,122.59,129.1,411.63,10,0.6328,1.2149,0.315347,17,1
10.6484,0.2336,0.0937,6,0.3474,58.56,203.35,1249.36,0,0.0,1.3361,12.322456,3,0
30.7168,0.4176,0.0242,6,0.253,281.22,133.67,2006.31,1,0.1383,2.5028,7.028845,1,0
40.7312,0.6212,0.1017,7,0.2239,98.45,115.9,1934.83,2,0.1707,1.6905,4.109027,7,0
13.556,0.1758,0.137,3,0.4414,229.28,247.27,3601.9,2,0.0497,2.2127,12.887188,7,0
862.2969,14.1185,0.8019,2,0.9903,177.9,28.96,250.09,93,0.8865,0.4707,0.000509,332,1
506.1387,8.3734,0.4019,1,0.8,149.43,28.87,212.04,233,0.7573,0.3567,0.015802,96,1
87.0199,1.4917,0.1238,3,0.1274,191.36,46.45,4589.56,0,0.0,1.6399,1.936677,8,0
20.9081,0.3326,0.0946,5,0.6352,247.51,218.32,3290.92,0,0.0,2.1534,3.547918,6,0
728.6157,12.167,0.0643,1,0.8664,128.85,26.03,4016.91,0,0.0,0.2344,0.021454,20,1
650.6716,10.8056,0.9406,1,0.905,59.7,32.6,56.09,375,0.6726,0.4522,0.006774,331,1
274.6777,4.3948,0.6968,1,0.9804,156.61,20.35,204.1,144,0.7789,0.059,0.01652,63,1
1.1973,0.1934,0.5,2,0.7003,133.7,177.6,1260.07,0,0.0,1.0748,0.078496,7,1
769.8406,12.7921,0.3,1,0.897,52.22,23.89,1120.59,0,0.0,0.624,0.006203,91,1
20.5393,0.2796,0.1144,5,0.1199,212.4,159.68,4398.33,1,0.006,2.2082,6.701926,5,0
80.757,1.2582,0.0383,4,0.1,328.06,55.9,1967.05,0,0.0,1.5971,9.996038,2,0
8.0359,0.1801,0.0521,6,0.1468,383.84,198.26,4396.8,0,0.0,1.5643,9.216978,1,0
502.2758,8.293,0.1864,2,0.8528,106.06,19.25,2195.88,0,0.0,0.9995,0.010364,29,1
20.8995,0.3753,0.2196,4,0.3008,171.95,139.82,3720.33,0,0.0,2.7649,7.691133,11,0
64.1168,1.1174,0.1129,5,0.2351,111.17,58.17,1412.14,1,0.1686,2.108,14.828062,6,0
12.3489,0.0,0.1,2,0.4887,232.05,107.81,2785.47,10,0.4948,1.0771,0.155461,1,1
23.1545,0.4147,0.0811,4,0.5244,384.45,121.08,3879.18,0,0.0,2.935,8.145837,4,0
525.1657,8.759,0.7322,1,0.8933,59.33,24.46,236.47,57,0.8448,0.5439,0.000717,157,1
0.0,0.0154,0.0087,3,0.3315,231.39,243.39,1137.09,0,0.0,1.8039,12.69868,0,0
6.179,0.2173,0.128,4,0.1428,248.33,185.8,4746.04,0,0.0,2.6059,8.971259,3,0
13.9608,0.1429,0.0372,7,0.341,232.89,288.19,1932.13,0,0.0,3.4736,10.163758,2,0
1000.0,30.0,0.1045,2,0.9536,113.92,8.59,2534.78,0,0.0,0.385,0.038111,58,1
43.033,0.7443,0.1426,5,0.4385,327.5,104.97,3113.78,0,0.0,1.4035,13.692129,10,0
1000.0,27.2035,0.2321,1,0.7819,100.34,6.91,7254.96,0,0.0,0.4063,0.009524,43,1
29.5826,0.5489,0.0524,7,0.1523,245.32,130.96,4024.81,2,0.0219,2.3298,1.257896,3,0
17.3665,0.3146,0.0434,3,0.3679,211.43,89.86,1801.89,2,0.1363,1.9738,12.259908,1,0
14.3829,0.2473,0.2437,5,0.106,395.14,104.63,4490.09,0,0.0,2.2489,14.63654,6,0
1000.0,30.0,0.3,2,0.8676,82.46,10.28,6216.78,0,0.0,0.4575,0.005444,114,1
31.9828,0.6844,0.016,6,0.4422,176.08,92.2,4865.29,1,0.0676,3.5829,4.032204,0,0
15.1812,0.3741,0.185,5,0.5168,364.14,73.88,4963.0,1,0.1186,1.9651,5.64395,4,0
10.4315,0.1116,0.1839,3,0.3525,302.46,256.3,3814.22,1,0.0521,1.8214,4.073668,7,0
9.0513,0.1111,0.0803,4,0.1611,310.46,284.14,807.58,0,0.0,3.3334,8.929419,3,0
719.2132,12.0699,0.6876,1,0.9227,69.81,38.7,237.15,124,0.9579,0.1708,0.017642,321,1
948.3636,15.6075,0.1642,2,0.9287,81.32,26.67,7493.52,0,0.0,0.0352,0.037649,68,1
22.1213,0.4986,0.2366,5,0.3317,131.39,116.02,3004.9,1,0.0216,2.6852,6.057902,11,0
73.1431,1.0982,0.0933,4,0.1461,164.62,59.94,1936.93,0,0.0,2.6363,4.6037,6,0
1000.0,30.0,0.1342,2,0.9694,155.97,19.65,4444.02,0,0.0,0.6178,0.029544,96,1
740.3616,12.1946,0.172,1,0.8977,91.0,8.25,7320.5,0,0.0,0.3098,0.04196,17,1
17.8787,0.2343,0.5,2,0.7186,273.49,158.38,1387.32,0,0.0,0.9133,0.513361,11,1
27.9818,0.4765,0.3012,6,0.159,195.39,165.31,4602.45,0,0.0,3.3809,7.14847,23,0
22.7455,0.3545,0.1049,7,0.1399,249.93,140.62,4483.69,1,0.0131,3.1266,3.956915,4,0
13.6325,0.083,0.1537,3,0.3881,330.82,161.78,4041.81,1,0.2467,2.4886,14.436304,5,0
22.9155,0.4268,0.1718,7,0.2541,267.71,195.03,3281.23,0,0.0,1.6288,2.072432,13,0
296.7592,4.994,0.5485,1,0.9219,159.0,42.23,295.01,284,0.9153,0.4978,0.01755,113,1
23.1431,0.4823,0.0504,5,0.1537,117.71,72.09,2622.77,0,0.0,3.1385,11.194376,1,0
19.0781,0.2134,0.1,1,0.413,137.6,131.29,1957.67,0,0.0,1.2229,0.464253,2,1
22.24,0.303,0.0997,4,0.54,321.53,225.55,985.1,0,0.0,3.7252,2.943694,7,0
106.1231,1.9231,0.5916,1,0.9416,63.7,59.56,258.73,363,0.8063,0.5795,0.011791,59,1
34.9161,0.4679,0.1,2,0.5847,119.66,74.94,604.21,0,0.0,1.5279,0.186336,3,1
0.0,0.2906,0.3867,1,0.7047,106.53,156.89,2143.77,0,0.0,0.9795,0.432314,6,1
693.4206,11.5865,0.5207,1,0.8,50.77,10.65,283.67,275,0.6569,0.4662,0.011144,64,1
13.8202,0.1207,0.162,7,0.2103,261.1,79.38,2706.9,0,0.0,2.3556,3.761739,3,0
15.533,0.3112,0.1085,7,0.2852,89.37,176.61,1531.58,0,0.0,1.7414,6.64333,4,0
1000.0,30.0,0.05,2,0.9277,59.66,12.32,1834.68,0,0.0,0.8722,0.005142,34,1
17.061,0.0825,0.1958,2,0.8025,194.25,89.85,2134.42,0,0.0,1.4679,0.574695,4,1
9.3207,0.1721,0.0195,7,0.1,131.98,37.07,4111.89,0,0.0,1.8917,2.43546,0,0
0.0,0.0542,0.0054,3,0.2372,388.45,161.89,3434.49,1,0.0782,3.3939,14.550527,0,0
26.2795,0.4868,0.0186,6,0.2783,252.81,187.43,791.24,2,0.0662,3.138,5.347581,1,0
56.8509,0.8834,0.0668,5,0.2767,172.92,49.93,4776.85,1,0.1237,2.4957,5.623607,3,0
1000.0,30.0,0.3,2,0.8993,44.25,13.06,7157.07,0,0.0,0.8462,0.046846,151,1
35.3507,0.4802,0.0137,6,0.2885,333.53,121.45,2500.74,0,0.0,2.4287,5.430364,0,0
740.4069,12.3219,0.7385,2,0.9996,78.07,37.16,179.07,334,0.8445,0.0799,0.004014,335,1
5.8339,0.0462,0.1361,7,0.2551,326.98,190.2,2951.6,1,0.1875,2.9865,4.862736,3,0
1000.0,18.0613,0.05,1,0.8633,76.02,27.41,2168.62,0,0.0,0.9545,0.036723,24,1
1000.0,30.0,0.1965,3,0.8764,46.96,25.4,4337.77,0,0.0,0.7407,0.000523,154,1
24.8555,0.4345,0.0857,5,0.1819,310.43,105.95,1216.9,0,0.0,2.9497,6.787866,3,0
10.2554,0.1271,0.2348,5,0.3275,131.02,221.42,4981.23,1,0.0542,2.1302,7.623726,8,0
465.4653,7.8234,0.3,1,0.9327,76.84,29.72,3282.12,0,0.0,0.3602,0.034124,69,1
715.5159,11.8901,0.05,1,0.7816,93.18,26.84,1272.69,0,0.0,0.6447,0.047126,15,1
1000.0,30.0,0.8341,1,0.9458,81.8,9.61,269.49,229,0.9186,0.1583,0.012661,264,1
95.4675,1.4933,0.0437,4,0.397,423.67,33.02,4509.77,0,0.0,2.5435,14.976581,2,0
367.257,6.3041,0.3588,1,0.9668,66.32,34.91,202.01,204,0.7373,0.2131,0.004607,76,1
14.6424,0.3178,0.0675,4,0.1,259.04,132.81,1409.64,0,0.0,2.0561,6.72254,2,0
6.721,0.1002,0.0453,6,0.5641,111.22,269.62,3384.34,1,0.1974,3.2897,11.162507,1,0
624.1654,10.4293,0.598,1,0.9072,63.83,41.28,131.14,237,0.8119,0.1381,0.017896,257,1
1000.0,30.0,0.0759,1,0.8759,49.46,12.94,3193.2,0,0.0,0.5927,0.038978,29,1
13.7651,0.207,0.2018,1,0.8752,281.01,182.46,2849.89,10,0.75,0.3696,0.37622,7,1
487.0616,8.167,0.7013,1,0.9654,80.13,57.25,284.28,304,0.808,0.3986,0.01367,324,1
1000.0,30.0,0.3,1,0.8954,57.49,8.86,1978.81,0,0.0,0.5301,0.006656,169,1
15.3967,0.2715,0.0757,6,0.5752,298.73,230.54,1703.8,1,0.4417,2.0354,12.129907,4,0
1000.0,19.3169,0.7036,1,0.8348,95.18,19.89,117.1,340,0.5103,0.0227,0.002064,270,1
42.6563,0.7849,0.0978,4,0.5014,206.75,81.62,2659.8,2,0.0259,3.2724,3.704473,6,0
7.8071,0.0607,0.0544,3,0.2013,250.04,295.48,2356.06,0,0.0,3.0129,3.7937,1,0
1000.0,30.0,0.1189,1,0.969,111.34,8.42,4522.79,0,0.0,0.2011,0.039029,71,1
234.9498,3.9341,0.6321,2,0.8284,78.2,25.81,234.33,394,0.7576,0.2883,0.002034,65,1
107.1833,1.7387,0.0127,6,0.1,85.94,45.64,2948.4,1,0.2904,3.6248,13.386648,0,0
13.7263,0.3562,0.0053,7,0.3425,156.87,216.04,1214.34,0,0.0,3.3726,4.205202,0,0
23.1644,0.3306,0.0624,7,0.177,387.66,183.01,1572.93,1,0.1271,3.0374,8.800918,4,0
51.5111,0.9034,0.0429,5,0.3233,149.1,52.47,4978.16,0,0.0,2.3019,9.316619,1,0
215.065,3.7722,0.6719,2,0.9939,153.23,37.61,67.7,362,0.6785,0.1345,0.011874,93,1
5.1013,0.0687,0.0905,3,0.476,170.19,254.87,4553.96,0,0.0,2.8432,11.178045,1,0
480.8809,7.8991,0.7439,1,0.8257,139.25,18.43,112.32,307,0.6938,0.4671,0.017376,108,1
28.2311,0.3814,0.1209,6,0.4074,145.48,93.93,3537.52,0,0.0,1.6516,1.457092,4,0
10.3648,0.2308,0.2379,4,0.1,85.15,142.58,3567.08,2,0.1354,2.6012,3.752701,6,0
23.7179,0.4593,0.0436,3,0.589,320.26,115.58,3840.92,1,0.0207,2.0624,6.277112,2,0
1.5421,0.0535,0.3096,5,0.4734,135.25,283.47,2921.48,0,0.0,2.1126,4.054416,1,0
1000.0,30.0,0.8579,1,0.9565,106.3,12.27,60.73,129,0.9425,0.5213,0.01178,392,1
1000.0,24.1309,0.1007,1,0.7,127.28,29.81,3101.5,0,0.0,1.3317,0.035662,72,1
14.7306,0.1886,0.1326,6,0.2746,198.03,247.73,1708.49,0,0.0,2.3867,9.683409,7,0
11.2761,0.0,0.4363,2,0.8433,284.26,70.68,1870.77,5,0.2396,0.578,0.078014,6,1
8.2788,0.1064,0.2364,5,0.1633,279.88,98.23,726.63,1,0.169,2.712,2.783068,4,0
23.6711,0.3401,0.0334,6,0.3234,273.38,194.16,2943.26,1,0.1353,2.1525,1.128511,2,0
0.7015,0.0,0.1,1,0.8484,220.84,130.59,1269.0,10,0.4647,0.711,0.088999,1,1
2.6313,0.1337,0.0961,5,0.2248,313.56,265.61,2433.07,1,0.0089,1.6476,10.853272,2,0
3.2615,0.1372,0.0299,5,0.3285,99.02,137.55,511.44,1,0.0475,2.3157,5.671887,0,0
1000.0,30.0,0.3,3,0.9642,68.1,4.35,1094.34,0,0.0,0.2253,0.021538,188,1
15.7276,0.2948,0.0944,7,0.1113,329.04,207.06,1421.61,0,0.0,2.5451,0.763291,5,0
33.9293,0.5754,0.2061,7,0.363,152.89,113.57,3173.59,0,0.0,3.1209,12.710724,13,0
16.1003,0.2003,0.0749,5,0.1115,171.38,158.55,1721.11,1,0.1744,1.8626,11.678672,3,0
12.6385,0.171,0.1306,7,0.2389,316.21,282.6,3738.77,0,0.0,2.0562,14.16191,8,0
15.576,0.2389,0.1179,5,0.1,345.22,141.24,2127.2,0,0.0,1.4905,9.16692,3,0
20.0177,0.2487,0.034,3,0.2909,103.87,158.85,1310.62,0,0.0,1.9915,14.458456,1,0
593.7992,9.9019,0.6801,1,0.9336,47.64,36.34,278.94,101,0.9103,0.2557,0.007617,245,1
4.0056,0.0,0.4149,1,0.7108,323.4,165.92,2618.42,0,0.0,0.9762,0.565961,5,1
39.4205,0.6409,0.0137,3,0.3399,264.34,58.9,590.53,0,0.0,3.1141,7.916878,0,0
372.181,6.0033,0.7161,1,0.9119,52.29,19.87,287.18,337,0.6227,0.1772,0.002791,87,1
328.2198,5.4179,0.4903,1,0.9366,197.21,23.36,153.11,363,0.9385,0.3973,0.001294,63,1
32.9183,0.581,0.0417,4,0.5527,91.17,111.64,1683.61,0,0.0,2.247,2.209348,2,0
5.731,0.0755,0.1168,4,0.3724,147.71,149.5,2223.8,1,0.0395,3.0836,2.601031,1,0
800.9127,13.0669,0.4943,1,0.942,161.66,24.25,122.54,94,0.6644,0.0,0.014851,159,1
4.7973,0.1125,0.2718,5,0.2689,199.85,152.24,4317.33,1,0.2033,3.3478,4.013082,4,0
4.5958,0.0515,0.0461,6,0.3698,366.4,180.37,3288.42,0,0.0,2.2818,3.744578,0,0
45.1781,0.7537,0.0997,6,0.2803,371.67,51.62,3772.23,2,0.0279,1.9121,1.466568,3,0
61.1982,1.0897,0.106,4,0.6116,215.1,44.84,1789.77,0,0.0,3.2959,0.664914,5,0
4.5942,0.0753,0.0647,5,0.263,331.02,125.05,3533.09,0,0.0,2.9346,9.404026,0,0
7.4095,0.1245,0.0632,7,0.2127,112.15,284.44,2550.42,0,0.0,1.7627,6.456556,2,0
2.8137,0.03,0.0622,4,0.4768,350.58,273.64,2502.94,0,0.0,3.5016,13.712602,0,0
44.5247,0.72,0.0703,3,0.2639,286.54,80.87,3115.05,0,0.0,2.8914,3.906754,4,0
18.6262,0.3429,0.0963,7,0.4384,294.44,212.99,1994.26,1,0.0061,2.8424,13.886163,5,0
17.0631,0.3755,0.0611,4,0.3286,278.57,152.37,3175.09,1,0.0496,2.9474,9.805405,3,0
1000.0,30.0,0.3,1,0.9058,69.18,14.23,6331.73,0,0.0,0.4286,0.030807,182,1
329.3263,5.6259,0.4079,1,0.9559,185.74,57.31,286.59,221,0.9111,0.0594,0.010376,129,1
22.5936,0.357,0.1663,4,0.1301,188.79,183.57,1637.75,1,0.1755,3.1789,14.490803,10,0
1000.0,26.5242,0.3,1,0.8523,122.54,4.62,2198.54,0,0.0,0.1962,0.046856,36,1
5.4429,0.0805,0.1372,3,0.135,329.1,218.8,4879.4,0,0.0,2.2416,11.240686,1,0
8.9008,0.1755,0.0939,7,0.1851,67.3,246.63,2866.2,0,0.0,3.1339,13.460553,3,0
29.6344,0.5618,0.0105,4,0.1,369.22,119.81,2042.8,0,0.0,2.9297,12.179991,0,0
3.4426,0.0498,0.0416,3,0.1,200.78,232.52,3561.2,1,0.0038,2.0968,3.875305,0,0
9.6359,0.2681,0.0573,7,0.2459,170.63,151.48,1464.35,0,0.0,2.7101,12.686952,1,0
3.4321,0.0127,0.0307,4,0.1313,151.45,202.13,4451.72,1,0.1799,1.6138,14.134217,0,0
5.3785,0.0594,0.1463,5,0.1823,197.68,96.55,2538.49,0,0.0,2.7993,4.465792,0,0
316.8539,5.3679,0.2525,2,0.7,66.98,22.43,7489.9,0,0.0,0.6677,0.026516,30,1
1000.0,17.7757,0.4526,1,0.9972,149.41,23.5,283.67,158,0.8761,0.3906,0.004608,190,1
501.0424,8.2764,0.4762,1,0.8846,109.84,44.56,108.01,360,0.8502,0.0897,0.004129,174,1
2.0556,0.0402,0.3864,7,0.4179,322.61,86.51,3068.07,1,0.0218,1.9395,3.806896,1,0
13.8779,0.2766,0.1037,4,0.2874,78.14,206.47,813.16,0,0.0,2.7549,9.963845,5,0
1000.0,18.5764,0.3,1,0.8989,127.93,21.08,5347.63,0,0.0,0.5999,0.038529,117,1
1000.0,30.0,0.4334,1,0.8734,106.56,11.12,165.67,73,0.8243,0.0,0.016829,168,1
16.9911,0.2646,0.1419,6,0.5069,300.27,120.72,1566.26,1,0.0498,2.7041,13.203089,4,0
1000.0,21.4278,0.1999,2,0.922,89.07,12.46,7849.73,0,0.0,0.3707,0.041098,53,1
11.407,0.1659,0.2032,3,0.1265,377.14,99.04,1213.4,0,0.0,1.7894,5.672756,3,0
0.0,0.0625,0.315,4,0.5812,342.93,266.03,1981.3,1,0.4048,1.2998,6.663462,2,0
9.7366,0.1478,0.0054,5,0.4032,251.01,230.6,1926.36,2,0.2171,2.9432,8.621007,0,0
27.8729,0.5256,0.0538,7,0.1,292.71,154.36,1681.3,0,0.0,1.95,12.127752,3,0
10.4241,0.2199,0.1215,3,0.3454,275.14,236.67,3908.15,0,0.0,2.4226,5.059676,5,0
91.4422,1.5386,0.127,4,0.3705,136.01,32.81,1526.56,2,0.0188,2.5557,9.645545,6,0
27.3804,0.5115,0.147,4,0.3291,336.16,55.99,1657.02,1,0.0614,1.9677,9.82609,3,0
1000.0,20.6798,0.5326,1,0.937,139.04,12.7,268.89,362,0.8705,0.4843,0.009502,140,1
8.0129,0.161,0.0269,7,0.4765,259.14,181.55,2330.36,0,0.0,1.6093,9.361981,0,0
20.0725,0.311,0.0628,5,0.4378,368.0,145.39,3119.93,0,0.0,2.5609,11.985193,3,0
1000.0,30.0,0.1578,1,0.8783,68.85,6.72,7134.92,0,0.0,0.5655,0.039281,83,1
5.2973,0.1276,0.0805,4,0.4734,275.22,198.54,728.65,1,0.0545,1.5096,3.294462,1,0
70.074,1.1413,0.1373,6,0.5629,339.56,48.15,4317.8,1,0.3216,2.2819,6.667001,7,0
18.9416,0.2264,0.3642,6,0.3182,325.4,160.75,4777.75,1,0.0982,2.8537,8.59436,16,0
75.3395,1.2945,0.0877,5,0.3083,217.06,48.02,2122.33,0,0.0,2.8357,11.844063,5,0
22.9757,0.3544,0.0363,6,0.4477,266.35,58.79,3014.97,0,0.0,1.5522,12.074398,0,0
8.7519,0.3348,0.1026,2,0.8918,174.0,128.54,1806.88,5,0.5453,0.6498,0.292764,3,1
230.9509,3.8224,0.6838,1,0.8686,90.31,46.57,235.07,361,0.7998,0.1409,0.000195,116,1
16.7225,0.3231,0.0388,4,0.1175,100.55,256.63,4580.34,2,0.0241,2.0872,4.870661,2,0
1000.0,22.3109,0.1414,1,0.824,74.11,20.46,1947.82,0,0.0,0.8047,0.047161,64,1
16.1459,0.3405,0.3386,3,0.6981,217.94,137.45,1179.85,0,0.0,1.3024,0.559144,9,1
640.723,10.6747,0.7089,1,0.9999,58.28,36.47,69.88,221,0.906,0.0489,0.004196,275,1
18.4538,0.3076,0.0451,5,0.2723,247.74,160.89,4711.36,1,0.1507,1.8981,8.879446,1,0
1000.0,30.0,0.6955,2,0.9909,177.34,8.77,64.56,174,0.9412,0.4233,0.003983,274,1
40.7645,0.6675,0.1074,6,0.3721,119.12,110.64,4563.94,1,0.0604,1.7657,11.894223,7,0
7.3708,0.1137,0.0622,3,0.1978,219.08,290.0,4112.44,0,0.0,2.0176,12.591278,1,0
26.9856,0.4039,0.0081,3,0.3332,321.55,76.22,722.54,0,0.0,1.8193,9.119993,0,0
364.1717,6.2892,0.1781,1,0.7967,156.19,27.46,7574.4,0,0.0,1.0346,0.047513,30,1
6.3574,0.1355,0.2488,5,0.2477,68.01,172.73,4493.98,1,0.1113,2.3186,14.231112,4,0
791.7633,13.0855,0.7275,1,0.8,173.85,14.28,202.11,140,0.7702,0.3714,0.018724,136,1
8.2865,0.0637,0.0863,7,0.4789,243.89,299.27,3456.64,0,0.0,2.9371,6.487059,1,0
12.8948,0.2101,0.1144,5,0.1,342.31,269.53,1657.96,0,0.0,1.8793,10.345107,5,0
62.0758,0.9727,0.0546,3,0.1,181.67,49.96,4801.67,1,0.1637,3.1499,12.150295,2,0
9.9153,0.0647,0.0712,7,0.2514,191.1,145.46,3015.95,0,0.0,2.1717,8.600183,1,0
20.8652,0.3051,0.0779,3,0.529,343.6,198.75,3576.11,2,0.1682,1.2514,5.758599,5,0
7.9452,0.0701,0.0656,7,0.1,179.4,296.34,4580.85,1,0.0534,1.8867,8.546377,2,0
868.2239,14.307,0.3,2,0.842,107.71,17.46,1945.55,0,0.0,0.2509,0.035626,75,1
0.9937,0.1025,0.0429,7,0.2199,185.96,228.87,3996.52,0,0.0,3.4616,12.048721,0,0
1000.0,30.0,0.439,1,0.9831,149.0,5.45,201.02,82,0.955,0.6116,0.004946,83,1
796.9411,13.6216,0.87,1,0.9974,164.61,19.44,170.15,217,0.5969,0.0352,0.006572,227,1
0.5423,0.0,0.0496,4,0.3897,267.96,246.51,531.98,0,0.0,3.1491,9.82996,0,0
987.4095,16.6268,0.2506,3,0.8396,96.61,22.24,1732.35,0,0.0,0.3825,0.017123,91,1
526.7252,8.9317,0.1561,1,0.7,110.8,25.55,6420.27,0,0.0,0.8619,0.018901,35,1
1000.0,30.0,0.2226,1,0.7421,151.22,15.23,7323.24,0,0.0,0.2084,0.006497,149,1
11.52,0.1022,0.0373,6,0.6105,135.61,198.95,4186.07,0,0.0,3.0585,14.163736,1,0
14.6565,0.229,0.0294,3,0.1211,118.45,273.02,907.8,0,0.0,2.9794,7.003691,1,0
1000.0,18.2544,0.1904,1,0.9633,63.82,28.31,4077.53,0,0.0,0.646,0.028167,97,1
18.4289,0.3181,0.0944,6,0.162,237.01,140.58,3575.0,0,0.0,3.0702,9.109315,3,0
14.3139,0.2114,0.181,7,0.6135,133.88,148.47,1349.15,1,0.0231,2.0562,5.15002,6,0
1000.0,30.0,0.05,3,0.9099,61.8,6.61,1388.24,0,0.0,0.1743,0.024659,19,1
4.2322,0.102,0.2275,6,0.1878,296.86,98.98,4508.64,0,0.0,2.0045,8.385751,2,0
8.7139,0.0796,0.1999,7,0.2229,112.65,193.05,1799.49,0,0.0,2.1737,8.699599,4,0
379.9625,6.4014,0.1672,2,0.7553,87.48,22.56,3516.71,0,0.0,0.4348,0.040764,24,1
65.34,0.9571,0.0692,5,0.3511,123.15,34.76,2524.04,0,0.0,3.4938,4.966149,2,0
1000.0,18.6251,0.2448,2,0.8289,46.56,26.98,1229.44,0,0.0,0.4517,0.024599,123,1
1000.0,30.0,0.1938,1,0.7,86.52,4.8,5629.38,0,0.0,0.3852,0.028155,79,1
25.7876,0.385,0.0201,3,0.2856,131.85,105.71,4642.52,0,0.0,2.5909,1.17311,0,0
431.2172,7.0133,0.6926,1,0.9782,132.07,16.21,118.81,185,0.8763,0.4558,0.004419,80,1
15.2045,0.2396,0.1171,3,0.1275,358.32,221.59,1069.54,1,0.0005,2.9222,13.029022,7,0
65.1301,0.979,0.0353,4,0.1038,180.57,43.66,2439.37,0,0.0,3.4334,11.921777,1,0
1000.0,30.0,0.3,1,0.9408,68.03,8.01,1085.25,0,0.0,0.1983,0.038092,216,1
35.1464,0.5798,0.1182,6,0.3897,145.28,130.13,2560.75,1,0.2871,2.4237,8.793795,8,0
1000.0,18.9645,0.1024,2,0.7619,64.14,17.01,4131.43,0,0.0,0.3805,0.009701,32,1
11.7322,0.2575,0.2567,7,0.4647,188.21,171.59,614.24,0,0.0,2.827,10.054397,9,0
11.653,0.1698,0.1179,4,0.1569,326.31,256.3,3878.65,0,0.0,2.8767,13.467392,5,0
5.9456,0.015,0.0805,5,0.5766,266.68,77.03,1099.65,0,0.0,2.6419,9.903008,0,0
1000.0,24.2331,0.0802,1,0.9752,83.41,19.57,2824.24,0,0.0,0.7898,0.035615,38,1
18.9397,0.3329,0.0293,3,0.1311,340.0,88.62,3753.54,0,0.0,1.759,4.178705,0,0
13.7963,0.1333,0.0938,6,0.2632,252.33,236.97,787.16,1,0.0102,1.3899,2.492262,4,0
0.844,0.0869,0.0664,3,0.3065,137.57,164.26,913.41,0,0.0,2.9432,10.918947,0,0
7.6321,0.123,0.0899,7,0.2114,341.81,206.24,558.51,0,0.0,2.1006,0.884717,1,0
13.6596,0.2249,0.0829,3,0.4999,171.98,104.78,838.31,1,0.2212,1.7681,13.406206,1,0
112.4092,2.0367,0.5056,2,0.9863,123.28,58.01,117.22,229,0.7856,0.6038,0.008794,55,1
51.9866,0.8638,0.0445,5,0.4198,188.04,90.42,2562.19,1,0.0565,2.4941,14.52445,3,0
1000.0,30.0,0.0568,3,0.9369,68.99,3.91,3071.26,0,0.0,0.4511,0.033114,9,1
519.5178,8.589,0.3,2,0.8174,134.96,29.55,3549.79,0,0.0,0.2069,0.009084,77,1
9.6777,0.0617,0.3186,7,0.1474,129.04,115.61,2336.5,1,0.0708,2.2,10.772704,3,0
9.8413,0.026,0.1355,1,0.4973,120.3,83.58,1155.86,0,0.0,0.4078,0.366255,1,1
11.9075,0.2486,0.0164,7,0.144,160.91,193.64,1008.98,0,0.0,3.0197,13.675351,0,0
24.7738,0.4903,0.0819,7,0.2476,382.03,102.54,1029.88,0,0.0,2.0993,8.535581,3,0
2.2049,0.0127,0.0903,5,0.2504,111.55,189.56,2231.12,0,0.0,3.5871,7.426556,0,0
1000.0,30.0,0.3,1,0.8818,91.95,23.97,1844.61,0,0.0,0.729,0.030411,239,1
13.3206,0.2969,0.0427,4,0.315,157.67,264.47,681.16,0,0.0,2.4823,14.620106,3,0
1.7356,0.0612,0.1678,5,0.273,98.59,276.49,3870.41,0,0.0,2.0687,12.698514,1,0
4.3177,0.0913,0.2072,7,0.1,226.87,96.63,3889.83,0,0.0,3.4643,7.412909,1,0
1000.0,17.5495,0.1051,2,0.9287,49.33,25.97,4350.26,0,0.0,0.0846,0.042536,47,1
1000.0,17.0169,0.075,3,0.7453,128.73,14.71,5880.19,0,0.0,0.1748,0.03371,18,1
250.5568,4.3162,0.5391,2,0.8052,119.6,35.36,137.14,185,0.7456,0.3011,0.007029,80,1
15.1568,0.3512,0.1717,4,0.588,193.63,116.89,3569.38,1,0.1999,2.716,4.057304,5,0
1000.0,27.4925,0.3,2,0.7363,67.71,11.74,7898.49,0,0.0,1.0339,0.040194,96,1
762.1757,12.7017,0.05,2,0.8537,68.62,12.39,6951.68,0,0.0,0.949,0.036094,7,1
3.2795,0.1045,0.2025,5,0.3192,329.16,109.02,4284.95,1,0.068,1.6409,4.231284,1,0
3.0086,0.0473,0.017,5,0.5848,252.5,236.06,1831.75,0,0.0,2.4914,14.082173,0,0
40.597,0.6204,0.0948,6,0.2391,199.37,107.95,3089.23,0,0.0,1.6016,8.782754,6,0
3.7033,0.0661,0.0956,6,0.5256,212.0,275.49,3497.44,0,0.0,3.048,13.381981,1,0
21.3526,0.4333,0.253,5,0.3483,273.58,151.42,3568.09,0,0.0,1.969,0.520564,12,0
1000.0,21.0152,0.1281,1,0.8612,130.99,18.03,2560.34,0,0.0,0.3515,0.023546,48,1
342.6387,5.8086,0.6618,1,0.9998,206.61,56.3,96.25,367,0.9025,0.3417,0.019801,215,1
34.7244,0.5216,0.0288,7,0.2164,275.75,133.54,3941.94,0,0.0,1.9104,8.319341,2,0
4.6823,0.1356,0.0718,6,0.3161,202.4,98.32,4661.62,0,0.0,1.8847,14.913811,0,0
1000.0,30.0,0.1104,1,0.7,94.19,20.81,5418.28,0,0.0,0.5745,0.023476,73,1
0.0,0.0311,0.0487,4,0.3172,197.24,171.62,4221.4,0,0.0,3.3325,8.786004,0,0
41.1346,0.741,0.0447,3,0.382,173.61,51.31,3178.46,0,0.0,3.3617,6.977361,1,0
22.5228,0.4016,0.0179,3,0.4109,159.13,114.16,4229.32,0,0.0,1.9265,8.369093,0,0
16.8438,0.3372,0.0871,6,0.436,119.9,277.63,3431.89,1,0.0369,3.0698,2.717997,6,0
981.3265,16.5223,0.0807,3,0.7,109.5,6.49,4189.14,0,0.0,0.3601,0.018689,8,1
9.1243,0.129,0.0452,5,0.2692,149.22,114.89,3149.76,0,0.0,1.5718,11.142792,0,0
25.0601,0.4242,0.0371,6,0.5505,309.81,169.34,2470.94,0,0.0,3.1781,11.708963,2,0
19.0228,0.456,0.1045,6,0.1643,252.47,215.76,4093.12,0,0.0,2.4733,6.660734,8,0
33.6976,0.5527,0.1177,6,0.2951,262.15,120.5,2560.26,1,0.3418,3.1843,8.985,7,0
839.3949,14.0904,0.204,2,0.9617,92.36,11.61,7068.14,0,0.0,0.8457,0.006796,33,1
7.0537,0.0349,0.062,6,0.1834,282.75,249.51,4308.66,0,0.0,2.2522,0.622956,1,0
11.2901,0.2541,0.0513,7,0.1056,391.25,216.68,1359.06,0,0.0,1.9863,2.670543,2,0
15.0905,0.3208,0.0743,6,0.2131,295.62,275.0,3964.05,0,0.0,2.1521,13.936987,5,0
19.4219,0.3391,0.045,3,0.195,338.96,111.78,3725.02,0,0.0,2.8302,2.138683,1,0
451.208,7.5767,0.7679,1,0.8272,187.12,28.67,132.11,200,0.7748,0.2892,0.016491,167,1
41.7366,0.6612,0.0442,6,0.1778,394.23,86.95,1857.17,1,0.0317,2.7396,11.855814,2,0
7.919,0.1668,0.0429,5,0.2975,151.42,288.06,3881.41,0,0.0,2.9474,0.551312,1,0
13.7386,0.2621,0.1,2,0.6135,272.16,124.52,1213.09,10,0.3433,1.386,0.159636,2,1
126.1614,2.1498,0.6347,2,0.9917,177.33,58.14,192.7,71,0.8002,0.1941,0.010845,80,1
10.4524,0.265,0.0248,3,0.1,241.39,61.67,552.29,0,0.0,2.3701,7.459113,0,0
22.2742,0.3092,0.0248,5,0.3109,323.56,132.4,2406.54,0,0.0,2.0527,4.687659,1,0
30.7477,0.4634,0.0742,5,0.243,103.03,102.92,4246.22,1,0.0504,1.8523,13.608774,3,0
18.6899,0.3403,0.0557,3,0.2425,288.76,79.47,4348.5,1,0.0115,2.0279,0.518969,1,0
12.36,0.1267,0.0789,5,0.3623,149.68,57.57,2726.39,0,0.0,2.9571,12.414462,1,0
7.289,0.0699,0.0499,6,0.4912,171.68,176.05,4170.8,1,0.1855,1.1377,10.94242,0,0
37.156,0.612,0.1,1,0.7051,170.94,64.11,2339.9,10,0.4982,1.065,0.405348,3,1
1000.0,30.0,0.05,2,0.7986,74.25,17.88,2360.44,0,0.0,0.374,0.015758,28,1
3.7299,0.0484,0.0685,6,0.1508,200.72,95.3,2324.08,0,0.0,3.6238,2.508348,0,0
650.8189,10.8371,0.0986,2,0.8872,57.18,22.19,3106.86,0,0.0,0.4459,0.047758,23,1
9.5206,0.1471,0.1722,2,0.6916,305.21,103.3,2256.89,0,0.0,0.392,0.287647,5,1
1000.0,23.1611,0.8416,1,0.9034,169.4,19.44,296.69,125,0.8627,0.4489,0.016354,377,1
23.3793,0.4291,0.0652,6,0.1471,199.67,41.49,2772.25,1,0.0371,2.3903,10.690524,0,0
382.376,6.3112,0.6041,1,0.8332,105.34,54.3,115.61,365,0.736,0.3138,0.007799,205,1
265.7952,4.57,0.6523,1,0.8544,54.04,45.74,273.04,143,0.8545,0.4262,0.010859,131,1
19.1306,0.3183,0.0236,6,0.4226,317.41,199.67,976.43,0,0.0,2.6535,12.541917,1,0
315.5599,5.3558,0.05,1,0.7584,30.87,23.97,1639.45,0,0.0,0.3664,0.009459,6,1
14.1066,0.1093,0.1269,7,0.2628,379.8,182.29,2149.71,0,0.0,1.9384,1.100102,3,0
9.9297,0.1103,0.1123,7,0.2833,275.74,52.38,958.55,0,0.0,2.8484,10.035217,0,0
12.8521,0.2222,0.0263,4,0.5585,99.57,249.19,4466.89,1,0.0249,3.5444,2.059891,1,0
1.9748,0.085,0.2003,7,0.3866,224.48,268.01,3106.95,2,0.2575,1.5177,11.478912,2,0
1000.0,29.4362,0.1901,1,0.8585,134.49,11.95,5425.76,0,0.0,0.0847,0.016352,66,1
20.2648,0.2709,0.3405,7,0.6661,391.87,83.43,4961.67,0,0.0,3.2868,9.811448,8,0
5.8006,0.0311,0.0103,4,0.3048,120.22,260.02,3156.54,0,0.0,2.8658,8.155764,0,0
24.0523,0.3108,0.1354,3,0.1354,293.09,173.92,3981.38,1,0.0642,2.9931,4.238231,9,0
13.6708,0.1584,0.1456,6,0.1897,356.43,185.76,1825.02,0,0.0,3.2793,5.095369,5,0
1000.0,21.2012,0.0922,1,0.7,119.71,27.46,3518.91,0,0.0,0.4903,0.039532,53,1
14.665,0.1925,0.1169,5,0.3069,358.59,220.31,3269.42,1,0.1076,2.9831,7.648268,7,0
957.4039,15.7083,0.5723,1,0.9009,97.82,6.36,211.26,58,0.8125,0.2278,0.007799,57,1
22.4334,0.3136,0.1303,7,0.3361,136.28,213.43,3001.26,1,0.0061,1.6658,5.808856,9,0
46.4651,0.8091,0.0688,3,0.1,277.49,33.27,1421.11,1,0.017,3.0303,8.545968,1,0
13.9409,0.1823,0.5,2,0.5635,268.33,159.01,1065.88,1,0.4069,0.9473,0.78735,15,1
1000.0,26.745,0.5445,1,0.9925,69.91,11.2,92.91,224,0.5,0.4829,0.004976,162,1
1000.0,17.0061,0.2407,1,0.854,153.79,23.39,4948.81,0,0.0,0.2036,0.043972,94,1
3.6478,0.0,0.2975,3,0.3809,221.41,236.39,2923.18,0,0.0,2.751,5.693887,4,0
114.229,1.9977,0.6865,1,0.8345,153.07,52.68,102.12,214,0.7876,0.34,0.001057,66,1
4.8939,0.3917,0.2583,3,0.7212,80.28,105.06,478.52,5,0.75,1.2396,0.707413,5,1
27.7071,0.5406,0.0971,3,0.2884,145.61,140.8,1065.53,1,0.1796,2.0878,8.515595,6,0
1000.0,30.0,0.2097,2,0.8291,81.46,22.04,1247.18,0,0.0,0.9152,0.038255,160,1
14.8535,0.2822,0.1356,7,0.3296,126.21,147.52,1826.3,0,0.0,2.9163,14.340192,5,0
16.5702,0.4274,0.1,2,0.4,320.65,123.1,1168.37,0,0.0,1.4385,0.369137,3,1
605.9743,10.0163,0.3729,2,0.9782,167.66,30.05,191.02,235,0.7484,0.3867,0.018331,113,1
17.6772,0.2906,0.1584,3,0.492,331.23,205.1,3630.55,1,0.0568,1.8911,3.563312,9,0
9.7704,0.2561,0.0271,6,0.4757,161.23,280.38,2908.34,0,0.0,2.1182,5.076978,1,0
15.5305,0.191,0.1137,1,0.6657,298.67,110.77,317.25,10,0.4067,0.574,0.412503,3,1
7.2806,0.1116,0.0791,6,0.2805,407.97,41.6,630.6,0,0.0,2.5504,12.416569,0,0
18.3652,0.3659,0.1458,6,0.1,150.71,147.92,2982.56,1,0.3693,2.4297,5.519687,7,0
6.8196,0.034,0.0449,3,0.1391,204.0,100.98,4508.0,1,0.0099,2.7669,10.386579,0,0
46.2954,0.7913,0.0775,6,0.3596,381.57,91.22,4809.95,0,0.0,2.5829,4.898782,5,0
4.7331,0.0348,0.2366,2,0.6896,324.71,135.3,532.08,10,0.6889,0.9419,0.787163,2,1
1.1253,0.128,0.0482,6,0.4009,352.08,100.09,4982.71,1,0.1709,1.7636,14.983943,0,0
627.4676,10.4112,0.8225,1,0.8658,64.17,32.12,280.23,291,0.5414,0.3407,0.006133,276,1
11.5589,0.288,0.1497,7,0.1516,96.9,175.07,3854.22,0,0.0,3.3518,4.80278,6,0
1000.0,30.0,0.1557,3,0.7904,22.48,14.24,4174.57,0,0.0,0.6046,0.049752,83,1
2.3464,0.0,0.0165,5,0.2379,110.5,279.24,4792.89,0,0.0,2.8555,6.789714,0,0
1000.0,30.0,0.1141,2,0.7687,96.2,18.42,6571.58,0,0.0,0.2553,0.018522,85,1
22.9223,0.3985,0.19,4,0.3929,133.45,146.76,4096.76,0,0.0,2.8032,2.648146,11,0
1.1054,0.0,0.0416,3,0.1,91.99,173.25,3255.0,1,0.096,1.8621,5.183275,0,0
1000.0,28.7645,0.0986,2,0.7732,60.35,25.54,6055.1,0,0.0,0.6127,0.047256,72,1
13.9626,0.1828,0.017,3,0.1,372.64,188.02,1754.92,2,0.0123,1.6671,13.459726,0,0
577.9044,9.8994,0.2836,1,0.7278,66.2,18.28,3411.2,0,0.0,0.1963,0.025377,49,1
1000.0,30.0,0.1367,3,0.8851,127.61,13.02,5414.71,0,0.0,0.47,0.000964,72,1
26.5189,0.3858,0.1997,5,0.1,391.17,169.62,3178.02,0,0.0,3.4387,8.297559,12,0
7.3112,0.1335,0.1323,7,0.5138,263.39,129.01,3428.26,1,0.3123,1.7626,8.389827,1,0
15.3255,0.278,0.1771,5,0.3879,385.29,93.92,3796.53,0,0.0,2.3182,5.158423,3,0
22.0541,0.3574,0.0626,4,0.3118,95.28,164.46,1945.47,1,0.2099,2.114,11.432759,3,0
14.1372,0.2736,0.1334,5,0.3599,324.34,160.21,1685.49,1,0.2373,1.9456,4.374188,5,0
536.7472,8.7844,0.7615,1,0.8769,96.83,45.85,97.69,164,0.6011,0.3674,0.010698,312,1
10.2803,0.145,0.1241,5,0.419,198.82,291.47,1239.22,0,0.0,3.3407,10.128177,5,0
30.0849,0.468,0.0535,7,0.6051,296.94,152.54,2311.05,2,0.1463,1.7878,4.053905,3,0
0.7615,0.0633,0.0987,5,0.1,311.49,166.9,2162.65,0,0.0,2.6259,14.284888,0,0
57.9065,0.8712,0.0681,3,0.3111,287.78,40.53,1596.27,1,0.0139,2.8353,6.73707,2,0
16.5126,0.2979,0.2201,6,0.2999,69.46,142.26,4535.36,0,0.0,1.6831,4.554221,8,0
10.7542,0.0998,0.0954,6,0.2494,389.21,283.91,907.98,1,0.027,2.594,2.725124,4,0
2.5632,0.0955,0.133,4,0.4406,208.01,174.91,3076.04,1,0.0663,1.7749,14.105402,1,0
34.434,0.7003,0.0574,6,0.5845,304.39,126.27,4934.73,1,0.034,1.977,2.218844,4,0
18.651,0.195,0.1248,2,0.5384,115.03,124.18,1138.64,1,0.7028,0.4066,0.61806,3,1
20.3212,0.268,0.0703,6,0.2398,405.21,273.9,1297.46,0,0.0,2.5633,2.968112,5,0
242.5315,3.9117,0.4513,1,0.9776,120.37,34.65,213.96,388,0.8506,0.5155,0.015182,62,1
34.7006,0.5383,0.0459,7,0.1798,388.33,114.36,1961.3,0,0.0,3.0652,3.537475,3,0
31.2979,0.5442,0.2265,3,0.6965,285.64,71.93,1121.41,0,0.0,0.7261,0.066461,8,1
372.7251,6.2626,0.7443,1,0.9136,46.45,52.48,299.08,279,0.534,0.357,0.014489,241,1
13.3036,0.1767,0.11,7,0.2324,59.19,209.54,1363.09,0,0.0,2.2996,13.315619,3,0
822.3387,13.5697,0.3,2,0.8898,64.18,28.51,6985.15,0,0.0,1.0056,0.007716,117,1
6.2206,0.0883,0.173,6,0.3858,200.18,76.4,3518.73,2,0.2078,2.8923,8.435885,1,0
9.4553,0.0736,0.0956,3,0.1856,60.9,219.13,4808.71,2,0.0852,2.5278,3.943412,3,0
37.455,0.6539,0.0099,7,0.5682,155.61,126.86,2587.71,0,0.0,3.7607,5.363399,0,0
3.7834,0.0448,0.0482,6,0.1384,355.87,200.3,1147.17,1,0.0595,1.4898,12.046368,0,0
16.7975,0.2948,0.1534,4,0.3256,235.28,94.01,1150.95,1,0.5,2.934,0.840785,4,0
1000.0,27.096,0.4418,1,0.9172,170.53,15.23,277.71,269,0.904,0.4759,0.018335,182,1
26.0802,0.3165,0.1579,6,0.3096,127.95,158.52,4912.02,1,0.1254,2.2787,2.101298,9,0
3.1052,0.028,0.1331,3,0.5563,208.49,179.13,4837.62,1,0.0086,3.64,4.871115,1,0
1000.0,30.0,0.3942,2,0.9634,128.13,5.43,163.44,279,0.7758,0.513,0.007016,154,1
5.033,0.1167,0.0621,6,0.33,264.61,245.09,4012.6,1,0.1938,3.1883,12.649383,0,0
89.7709,1.4972,0.0352,6,0.2831,78.87,41.96,4293.85,0,0.0,1.7309,1.98016,2,0
0.0,0.004,0.0208,5,0.1419,157.53,299.59,2288.11,0,0.0,2.3342,10.795484,0,0
1000.0,16.7018,0.5231,1,0.9647,73.01,13.1,290.84,260,0.9211,0.3142,0.002474,115,1
65.3891,1.0493,0.0915,4,0.1434,199.39,49.05,4825.36,1,0.0597,1.603,0.764216,4,0
1000.0,30.0,0.2852,3,0.9234,101.02,5.4,5944.18,0,0.0,0.3544,0.037306,71,1
20.6639,0.2945,0.1059,6,0.166,260.65,189.3,3151.0,1,0.0796,1.7666,9.633475,6,0
13.5722,0.4262,0.5,1,0.8059,341.64,81.83,1520.59,5,0.4101,1.2051,0.2076,11,1
28.2205,0.4809,0.3172,4,0.3793,47.79,119.48,3017.79,1,0.0236,2.4572,14.351656,17,0
1000.0,28.0065,0.6279,1,0.9967,113.06,15.96,236.23,73,0.8511,0.0953,0.003834,281,1
21.0554,0.3476,0.0438,7,0.2487,263.32,140.48,3157.72,1,0.0337,3.4257,14.333979,2,0
194.147,3.2271,0.5096,1,0.8575,59.61,55.02,59.98,138,0.9278,0.0,0.0102,90,1
13.8358,0.3308,0.206,3,0.364,231.19,245.22,1062.8,0,0.0,2.8863,0.771961,14,0
614.9474,10.2092,0.5222,1,0.8,94.96,9.09,273.73,281,0.8149,0.0047,0.00953,48,1
10.5725,0.1254,0.046,6,0.1577,386.51,250.71,3936.23,0,0.0,3.1642,7.567752,1,0
16.1246,0.2217,0.1264,7,0.181,255.77,113.52,1936.93,0,0.0,3.1319,13.887843,3,0
1000.0,30.0,0.2078,2,0.8346,62.98,4.42,3991.41,0,0.0,0.2073,0.043552,83,1
13.3321,0.2773,0.0482,7,0.2278,163.48,152.63,3461.46,2,0.0861,2.0779,2.16962,1,0
791.8963,13.1808,0.1432,1,0.8813,122.72,23.06,2968.65,0,0.0,0.5045,0.017096,43,1
34.3485,0.5283,0.144,3,0.3932,151.53,111.94,3812.48,1,0.0135,2.3024,4.562416,8,0
66.3041,1.1254,0.0413,4,0.1122,417.41,68.44,1074.84,0,0.0,2.1468,11.819056,3,0
2.2333,0.1012,0.1065,4,0.5889,372.19,183.98,1202.44,1,0.1323,1.863,2.415562,1,0
1000.0,17.8072,0.2809,2,0.8841,139.11,10.88,3391.62,0,0.0,0.6198,0.035885,54,1
112.0677,1.8319,0.1561,6,0.5726,269.43,37.68,1371.19,0,0.0,3.4369,6.791951,10,0
54.5719,0.9234,0.1584,4,0.1367,110.85,85.69,4664.67,1,0.0284,2.8522,1.344641,12,0
12.7761,0.0806,0.1368,7,0.1,408.16,193.11,3742.64,0,0.0,3.0727,2.964484,4,0
2.8876,0.1647,0.333,2,0.5777,232.52,193.46,1196.75,10,0.4651,0.2585,0.093894,6,1
162.1044,2.5854,0.6156,1,0.9246,105.47,45.02,108.61,308,0.8938,0.1629,0.004069,72,1
6.077,0.101,0.2382,4,0.2028,293.28,107.18,4474.86,0,0.0,2.6216,2.61715,2,0
19.2916,0.4938,0.2342,3,0.7195,285.61,81.82,918.26,5,0.2,1.4507,0.572602,8,1
416.7461,6.8641,0.5027,1,0.8,67.67,52.82,246.76,372,0.7992,0.1666,0.007599,182,1
47.4934,0.8329,0.0439,7,0.1948,100.72,88.02,2353.54,0,0.0,2.2345,1.079017,3,0
380.2233,6.2421,0.9234,1,0.9598,158.82,59.53,266.76,168,0.9567,0.5112,0.000332,348,1
4.3454,0.103,0.1089,7,0.1732,336.7,257.21,942.6,0,0.0,2.8382,3.034274,2,0
4.7146,0.0705,0.0689,4,0.2754,63.8,276.37,3591.17,0,0.0,2.6603,4.863327,1,0
1000.0,16.594,0.5051,1,0.9614,115.83,21.49,216.76,265,0.5177,0.1187,0.002708,180,1
12.8317,0.2414,0.0393,5,0.1551,376.91,141.91,2712.37,0,0.0,2.5409,11.944313,1,0
37.6871,0.5932,0.0252,4,0.1299,217.39,126.5,2842.22,1,0.133,1.5678,7.432159,1,0
348.4731,5.7896,0.3,1,0.925,71.4,26.35,4627.62,0,0.0,0.1497,0.02382,45,1
175.9915,2.9907,0.6699,1,0.9661,87.86,50.14,237.14,215,0.9218,0.2946,0.018274,99,1
24.5576,0.5736,0.135,3,0.3237,225.12,121.71,3147.54,0,0.0,2.4346,12.407682,7,0
639.9225,10.7767,0.7886,1,0.8706,67.76,31.61,201.53,141,0.722,0.5994,0.004898,265,1
72.4317,1.1265,0.0981,6,0.1,216.54,50.74,875.61,0,0.0,2.4878,4.496713,5,0
126.5826,2.0699,0.0687,7,0.3247,315.21,30.27,2360.71,0,0.0,2.995,11.247947,4,0
73.9722,1.2951,0.0441,4,0.1436,308.97,41.7,1574.48,0,0.0,1.922,11.026521,2,0
703.1155,11.7186,0.1261,1,0.7387,117.99,23.83,1688.44,0,0.0,0.6586,0.02832,35,1
0.0,0.1366,0.0604,4,0.4186,183.16,190.24,2228.49,1,0.0037,2.6287,13.929505,0,0
17.555,0.3123,0.0509,4,0.5331,342.1,108.08,1970.34,0,0.0,2.2311,14.146252,1,0
509.696,8.3687,0.1262,3,0.8774,47.96,28.04,5282.72,0,0.0,0.7131,0.034625,29,1
25.3732,0.4544,0.0198,3,0.5708,387.47,128.1,1132.73,0,0.0,1.8639,4.709314,1,0
11.3696,0.3655,0.1104,6,0.1,125.37,283.95,2360.6,0,0.0,3.0669,2.795151,7,0
11.4911,0.1359,0.0132,5,0.511,209.14,239.68,2341.38,0,0.0,2.5768,7.70873,0,0
7.7449,0.0,0.2834,3,0.7096,157.72,175.46,2355.76,10,0.4318,0.8906,0.224161,3,1
1000.0,23.0563,0.0944,2,0.8909,134.26,8.4,3701.62,0,0.0,0.26,0.015822,18,1
503.965,8.2359,0.6384,2,0.8,81.48,43.17,270.83,226,0.799,0.6316,0.006886,229,1
13.4017,0.2566,0.1994,3,0.2099,179.01,155.71,2307.82,1,0.0768,2.6349,8.969962,6,0
21.4713,0.2994,0.0182,5,0.2926,164.97,170.42,725.29,1,0.0077,3.4631,4.820707,1,0
2.7534,0.0652,0.1762,5,0.4331,394.05,186.1,4054.7,1,0.0208,3.0652,3.153114,1,0
60.4634,0.9859,0.169,7,0.2545,115.66,56.45,1366.01,0,0.0,2.9562,7.455174,9,0
523.666,8.7515,0.2685,3,0.8588,151.89,28.09,1936.67,0,0.0,0.2772,0.040427,65,1
1000.0,21.4523,0.1189,1,0.8947,63.24,29.69,2582.4,0,0.0,0.0205,0.00741,75,1
2.0881,0.0463,0.0754,4,0.237,204.7,297.62,760.29,2,0.2437,2.9326,2.731491,1,0
19.5883,0.3886,0.0799,7,0.1386,120.96,245.53,4843.28,0,0.0,2.8443,1.78176,5,0
5.0867,0.2437,0.5,3,0.7051,215.69,190.3,324.89,0,0.0,1.2558,0.538026,17,1
1000.0,30.0,0.1193,2,0.9399,39.29,3.3,5103.8,0,0.0,0.7785,0.004762,66,1
1000.0,30.0,0.112,1,0.9289,113.11,6.93,2552.28,0,0.0,0.9625,0.016037,29,1
286.7103,4.585,0.6413,1,0.9416,63.37,56.31,199.64,95,0.8453,0.0,0.009131,168,1
17.8609,0.41,0.1286,6,0.2024,280.41,120.72,765.06,1,0.0774,2.9421,2.119739,5,0
36.8655,0.5757,0.1003,7,0.1941,223.35,120.0,1796.13,2,0.0497,1.9067,4.228505,6,0
502.72,8.3424,0.1393,1,0.776,151.07,25.89,7485.69,0,0.0,0.174,0.001389,30,1
1.3215,0.1319,0.0158,4,0.2285,324.11,106.54,3200.93,0,0.0,2.9613,6.938694,0,0
1000.0,30.0,0.0767,1,0.8269,85.39,12.04,1043.06,0,0.0,0.3882,0.028162,57,1
592.958,9.7957,0.7474,1,0.9417,155.67,16.13,294.31,227,0.8615,0.1272,0.017826,118,1
4.0326,0.1207,0.0058,7,0.4869,369.25,173.34,1155.51,0,0.0,2.7276,1.45879,0,0
43.0572,0.6515,0.1159,6,0.3684,295.58,98.92,795.07,0,0.0,2.3008,8.23489,7,0
8.7818,0.0213,0.088,6,0.1647,149.53,229.83,4324.79,1,0.0857,1.6235,1.286717,2,0
1000.0,30.0,0.063,3,0.7,102.03,21.57,6080.21,0,0.0,0.1655,0.019731,48,1
210.715,3.4458,0.5563,2,0.9855,144.26,30.45,131.59,51,0.5906,0.1588,0.004954,57,1
15.8935,0.3336,0.0477,5,0.1,324.24,222.34,2855.52,1,0.2735,3.7478,5.597655,3,0
20.0787,0.2568,0.1725,5,0.3672,364.13,141.49,1673.0,1,0.2458,3.044,9.152483,7,0
29.7204,0.5368,0.1757,3,0.1813,233.68,74.89,2004.99,0,0.0,1.5573,12.175029,5,0
15.5879,0.1929,0.2087,3,0.4,303.5,188.72,1710.31,1,0.4101,0.9142,0.39656,6,1
0.6181,0.0197,0.0304,7,0.2353,119.6,131.89,2651.45,0,0.0,3.2784,1.564475,0,0
3.9294,0.0495,0.1031,6,0.1,354.42,183.92,4401.83,1,0.0547,2.7494,12.038994,1,0
36.5606,0.667,0.1485,3,0.1,230.37,83.1,705.25,0,0.0,3.2019,0.854723,7,0
1000.0,23.4603,0.101,2,0.7,121.34,24.13,3280.47,0,0.0,0.0,0.01549,56,1
360.174,5.9695,0.4045,1,0.8,169.37,51.45,270.35,284,0.8244,0.2685,0.001522,124,1
809.0168,13.6561,0.1174,1,0.9008,93.71,22.49,1146.71,0,0.0,0.6409,0.016725,35,1
318.5537,5.1607,0.6899,1,0.9114,121.0,29.24,216.46,82,0.733,0.3232,0.004294,106,1
28.8783,0.4716,0.0251,3,0.3128,355.27,98.98,4217.64,0,0.0,2.559,9.809364,1,0
1000.0,30.0,0.3951,1,0.8109,125.4,6.64,171.52,101,0.6082,0.3434,0.001892,151,1
29.7659,0.458,0.2237,2,0.7017,264.9,89.62,2547.16,0,0.0,1.2263,0.462885,8,1
4.7726,0.0,0.1161,7,0.3367,244.78,90.73,2624.4,0,0.0,2.0593,11.130744,0,0
2.9904,0.0882,0.1594,6,0.5004,223.86,281.44,1210.11,0,0.0,3.0205,13.726827,4,0
22.0825,0.3226,0.0622,7,0.1,370.55,97.73,3853.73,0,0.0,1.901,9.90198,2,0
13.9849,0.2961,0.2317,6,0.3485,388.91,258.31,2439.43,0,0.0,2.467,5.882,12,0
593.445,9.961,0.3792,2,0.8926,59.46,37.81,78.19,398,0.7828,0.0,0.000316,143,1
6.005,0.0806,0.1229,5,0.325,85.58,269.56,973.67,1,0.0621,2.9417,11.983023,4,0
11.2188,0.227,0.2189,7,0.1487,189.03,149.37,2338.05,1,0.0078,1.8244,9.801815,6,0
17.1629,0.3467,0.2592,3,0.2354,157.73,167.82,4808.52,0,0.0,3.6388,10.313909,13,0
9.6198,0.1511,0.1335,1,0.7768,180.1,123.13,2246.79,0,0.0,0.6637,0.637362,3,1
1000.0,30.0,0.1554,1,0.7977,65.84,3.29,7997.36,0,0.0,0.6906,0.023043,62,1
1000.0,21.0724,0.2965,1,0.7267,66.02,24.15,3648.39,0,0.0,0.169,0.010358,149,1
1000.0,30.0,0.2108,1,0.8766,84.04,11.3,5810.14,0,0.0,0.9078,0.033331,93,1
493.363,8.043,0.424,1,0.956,199.93,51.48,131.52,228,0.93,0.4311,0.002345,179,1
20.2889,0.4316,0.2668,1,0.829,242.3,74.8,2274.03,0,0.0,0.8238,0.602587,7,1
1000.0,30.0,0.062,2,0.9352,31.59,3.79,2291.42,0,0.0,0.1553,0.011348,35,1
563.2531,9.471,0.6724,1,0.9939,109.37,31.91,274.84,269,0.9364,0.4727,0.011244,203,1
4.0774,0.1315,0.0417,7,0.3661,241.96,282.15,3500.89,0,0.0,1.4298,4.964984,1,0
21.2398,0.4441,0.1143,5,0.2901,170.76,57.22,3533.84,1,0.1506,1.8002,3.132078,2,0
450.2135,7.4847,0.5163,1,0.972,152.68,49.33,147.25,117,0.7638,0.167,0.006353,189,1
6.1724,0.0258,0.0698,6,0.1721,90.17,262.65,2768.2,0,0.0,2.271,13.503283,1,0
662.6676,11.1893,0.0717,1,0.7,124.62,28.13,4420.96,0,0.0,0.5307,0.019062,22,1
19.1079,0.3249,0.0336,6,0.2865,254.44,215.45,680.91,1,0.0099,1.9322,7.117067,2,0
16.2374,0.1408,0.0145,3,0.4313,119.85,139.5,1269.36,1,0.2485,2.3274,6.358744,0,0
9.347,0.1703,0.0533,6,0.1269,158.76,260.4,1944.59,0,0.0,1.6309,13.088914,2,0
5.0703,0.0,0.3659,3,0.5478,351.32,146.81,1928.45,0,0.0,1.1001,0.064342,4,1
24.4535,0.4323,0.233,5,0.452,105.82,160.46,3054.77,0,0.0,2.7746,9.848806,15,0
26.793,0.4868,0.0597,6,0.1816,118.13,168.79,4307.3,1,0.1782,3.5256,12.714692,4,0
14.4664,0.1604,0.1471,5,0.1,77.58,100.87,2561.3,0,0.0,2.6278,3.603761,3,0
781.5889,13.1449,0.2302,3,0.7,98.3,24.84,7060.09,0,0.0,0.0752,0.021036,74,1
4.5611,0.1602,0.3735,3,0.7208,280.56,171.77,986.49,5,0.2,1.2926,0.569498,7,1
731.2299,12.0749,0.4257,1,0.9715,186.12,28.92,215.8,261,0.7468,0.4829,0.010589,150,1
790.5894,13.2513,0.0716,1,0.9142,38.06,25.54,2857.76,0,0.0,0.4738,0.041134,24,1
329.1402,5.3504,0.8366,1,0.8827,124.89,32.43,148.63,265,0.8813,0.2411,0.010267,144,1
955.0735,15.7974,0.1975,2,0.7013,107.83,24.23,2466.34,0,0.0,0.9124,0.010897,75,1
2.7279,0.0905,0.0568,4,0.4222,372.59,283.11,4418.79,2,0.0564,1.7773,4.207398,1,0
24.9698,0.3607,0.1,2,0.6947,145.65,95.07,301.18,0,0.0,0.2361,0.054908,3,1
13.3252,0.3202,0.2087,2,0.4,91.11,89.16,2615.94,0,0.0,1.4273,0.353622,6,1
44.6094,0.815,0.2029,4,0.4909,279.67,61.18,4861.02,0,0.0,3.151,10.686947,9,0
1000.0,30.0,0.2164,2,0.9001,67.39,3.8,5137.03,0,0.0,0.883,0.043757,63,1
6.1784,0.0319,0.0327,4,0.741,320.01,276.86,4492.07,0,0.0,2.7409,9.481117,0,0
1000.0,30.0,0.2371,2,0.9024,90.08,16.38,1416.89,0,0.0,0.989,0.019703,146,1
1000.0,18.6441,0.2677,1,0.8801,33.42,14.51,4208.34,0,0.0,0.8361,0.03577,72,1
617.6928,10.1791,0.7127,1,0.9354,103.96,39.57,286.58,308,0.8869,0.4187,0.019567,291,1
29.3199,0.4372,0.1564,3,0.5712,152.41,60.31,3411.82,0,0.0,2.5106,6.701531,4,0
2.9272,0.0189,0.001,5,0.2813,387.68,79.59,2036.36,2,0.0857,3.1862,11.323075,0,0
17.2424,0.199,0.1003,3,0.6372,309.79,182.48,4468.29,1,0.3027,2.3758,12.519381,4,0
6.2671,0.067,0.0194,5,0.1853,349.5,264.43,4682.52,0,0.0,2.4956,14.343939,0,0
21.8855,0.3113,0.1875,1,0.4876,302.8,61.7,1742.72,5,0.4567,1.1433,0.790357,2,1
15.8021,0.3662,0.0703,3,0.2606,222.7,166.69,1382.44,1,0.04,1.6114,3.676498,3,0
10.7342,0.1697,0.0852,4,0.5212,119.01,286.25,4149.69,0,0.0,1.8731,7.246017,5,0
966.5538,16.0749,0.063,3,0.8548,93.61,27.81,5230.07,0,0.0,0.2905,0.020791,27,1
29.5155,0.42,0.0235,5,0.3751,171.01,150.06,4396.51,0,0.0,3.6204,11.644828,1,0
27.6765,0.399,0.136,3,0.2681,255.99,152.29,2531.34,0,0.0,3.4959,12.339919,8,0
26.0105,0.404,0.0195,7,0.2141,231.97,191.85,4216.7,1,0.2686,2.3246,9.273798,1,0
922.108,15.234,0.9476,1,0.9862,184.42,25.85,116.68,57,0.8928,0.1447,0.016686,373,1
21.2161,0.3057,0.0239,4,0.3698,233.76,133.63,3284.66,1,0.0644,2.7459,12.441304,0,0
15.6014,0.2105,0.1562,1,0.6527,202.31,199.05,709.39,10,0.3584,0.7541,0.620387,4,1
39.1506,0.7769,0.0792,5,0.3719,357.37,63.08,4230.46,0,0.0,2.6881,6.532402,3,0
6.1258,0.0288,0.0595,3,0.1,279.66,207.82,4478.93,0,0.0,3.5145,10.106382,0,0
15.3257,0.1727,0.1217,5,0.3586,325.22,104.33,3243.64,1,0.2572,2.1585,8.802805,1,0
59.4813,0.8992,0.0944,3,0.3314,126.43,76.81,1268.99,1,0.1516,2.7135,3.212134,6,0
567.9551,9.2762,0.791,1,0.8379,133.18,50.94,161.04,68,0.7661,0.031,0.016972,383,1
1000.0,19.166,0.7765,1,0.8,118.64,22.17,140.37,284,0.9176,0.439,0.009559,328,1
489.1557,8.3695,0.8119,1,0.8,114.39,53.49,142.26,74,0.7583,0.3566,0.004276,358,1
9.1276,0.2086,0.0674,7,0.4277,172.28,189.59,3175.24,1,0.2525,1.5542,10.749243,1,0
12.538,0.1598,0.1413,5,0.1049,200.48,142.85,1274.0,1,0.0305,3.3566,7.519359,4,0
383.3667,6.4403,0.7375,1,0.859,155.28,50.78,226.82,328,0.8441,0.4805,0.011289,241,1
33.6666,0.5443,0.08,7,0.3734,285.4,123.22,909.26,1,0.0516,1.7312,13.55821,5,0
103.4644,1.6598,0.0296,7,0.3479,385.38,34.19,2009.03,1,0.3573,2.5319,2.95,1,0
419.3553,7.0043,0.4012,1,0.9843,150.69,54.62,202.36,339,0.5,0.3767,0.013155,153,1
1.8523,0.079,0.1163,6,0.3463,199.18,119.76,1743.44,0,0.0,3.3381,1.478787,1,0
2.2691,0.0778,0.0506,7,0.4527,363.42,259.0,2124.2,0,0.0,2.7996,12.010587,0,0
1000.0,30.0,0.2469,1,0.9556,130.92,4.73,3120.46,0,0.0,0.9706,0.042585,138,1
306.949,5.3722,0.842,2,0.9907,141.26,41.79,292.14,330,0.9023,0.1606,0.00843,186,1
18.7226,0.2446,0.07,7,0.3098,252.02,177.2,3477.1,1,0.0423,3.2525,0.881129,3,0
1000.0,28.9195,0.1502,1,0.8926,54.43,14.37,6301.58,0,0.0,0.689,0.04885,62,1
15.8364,0.1099,0.3058,1,0.4889,300.73,195.1,2236.4,10,0.2012,0.7708,0.151861,6,1
30.0739,0.4925,0.0922,4,0.1,223.31,128.64,1095.17,0,0.0,2.5044,10.039308,6,0
6.9246,0.1619,0.1696,1,0.8408,129.33,168.56,1238.08,0,0.0,0.7554,0.195685,1,1
12.9479,0.2224,0.0694,4,0.4577,174.02,144.12,1162.2,0,0.0,2.1578,11.180042,2,0
14.2895,0.2427,0.0712,7,0.7381,412.56,249.83,2723.0,1,0.1564,3.0352,12.41483,4,0
32.6742,0.5374,0.3114,5,0.7243,164.24,133.24,3670.64,0,0.0,3.5065,3.617827,23,0
7.6812,0.0965,0.0791,3,0.4301,365.95,216.88,3334.13,0,0.0,1.5894,8.526438,1,0
17.3894,0.2418,0.1011,7,0.1,161.69,126.24,3273.73,0,0.0,2.3579,6.117754,4,0
10.7021,0.0565,0.0235,3,0.1069,285.34,70.9,3618.23,2,0.1323,3.2573,9.090145,0,0
3.1423,0.0,0.0123,6,0.2259,325.5,192.28,3221.64,0,0.0,2.1984,12.17513,0,0
7.9312,0.1262,0.0089,5,0.3588,403.01,128.25,3963.2,2,0.1471,2.3049,13.901447,0,0
16.2031,0.2508,0.0767,4,0.2461,320.4,160.69,4124.44,1,0.0797,2.2494,14.859818,3,0
70.7319,1.0879,0.0318,3,0.8,376.73,56.44,3878.55,0,0.0,2.4301,1.664685,2,0
654.5386,10.8873,0.3736,1,0.8501,97.52,27.11,57.37,109,0.7071,0.5596,0.01962,110,1
251.5896,4.121,0.3275,1,0.9582,127.69,41.34,90.3,242,0.7779,0.2699,0.007022,55,1
6.6139,0.1113,0.1656,3,0.2018,149.69,265.02,1056.97,1,0.2171,2.4493,7.229029,6,0
770.5352,12.8636,0.1859,2,0.8764,125.05,28.79,1778.02,0,0.0,0.6145,0.004107,68,1
1000.0,30.0,0.2151,1,0.8842,137.8,5.06,1426.89,0,0.0,0.2768,0.005011,65,1
11.3779,0.2256,0.0667,4,0.5615,376.67,169.21,4541.59,2,0.3123,2.0837,14.317877,2,0
50.9423,0.923,0.0241,7,0.1151,120.62,66.96,1225.24,0,0.0,1.8117,10.635284,1,0
31.7142,0.536,0.0292,3,0.2762,274.99,151.96,936.99,0,0.0,2.8492,8.297957,2,0
520.2593,8.6678,0.593,1,0.9476,73.52,10.82,255.88,377,0.7943,0.5823,0.005664,55,1
1000.0,23.3213,0.7424,1,0.9841,57.31,15.0,92.41,291,0.7439,0.3202,0.001805,259,1
11.1269,0.0957,0.056,3,0.6186,287.0,242.77,4815.77,0,0.0,3.0608,6.427539,2,0
1000.0,28.4718,0.3346,1,0.9712,195.35,12.27,121.95,70,0.5042,0.5464,0.006962,116,1
1000.0,19.7394,0.2155,3,0.9166,72.36,20.56,4330.21,0,0.0,0.023,0.023136,87,1
21.0969,0.2891,0.0398,5,0.2902,243.84,130.31,2236.48,0,0.0,1.9409,5.980853,1,0
15.4113,0.2323,0.1551,5,0.3335,294.08,192.14,1604.07,0,0.0,1.8875,5.657254,8,0
9.3873,0.2107,0.0667,6,0.659,301.6,250.48,1276.28,0,0.0,3.0315,12.739569,3,0
12.2683,0.2938,0.0543,4,0.1249,216.21,139.43,4412.87,0,0.0,2.4723,13.058909,2,0
24.184,0.3565,0.0812,6,0.1,267.69,176.01,3483.61,1,0.0264,1.8893,10.084013,5,0
11.1373,0.0882,0.1699,3,0.4,126.63,93.07,2288.26,5,0.5774,0.383,0.058547,2,1
4.1904,0.1384,0.0407,5,0.1696,289.34,89.29,4864.43,0,0.0,1.8649,6.073461,0,0
40.5842,0.7678,0.0397,3,0.1295,322.76,35.18,941.37,0,0.0,1.4774,5.207801,0,0
433.1848,7.2678,0.3529,1,0.8463,107.1,53.19,98.47,167,0.8038,0.0,0.014452,136,1
864.3597,14.5904,0.077,2,0.9228,136.53,19.38,4745.38,0,0.0,0.8366,0.005292,21,1
11.1864,0.0966,0.1708,5,0.1,399.85,44.53,3183.9,1,0.184,2.2347,11.877932,1,0
168.2886,3.0603,0.7938,1,0.9707,197.93,59.73,84.9,323,0.5579,0.4478,0.014601,141,1
36.9032,0.5753,0.1013,3,0.3747,84.26,95.79,3196.67,0,0.0,1.7116,2.681714,6,0
7.1497,0.1909,0.1335,5,0.1493,135.15,274.37,4037.82,0,0.0,2.0064,9.689796,4,0
1000.0,19.7275,0.0764,2,0.7491,157.48,28.51,7870.34,0,0.0,0.7106,0.037329,43,1
3.9368,0.0518,0.1188,5,0.1,98.85,212.77,3784.44,0,0.0,1.917,4.70423,1,0
4.1215,0.1395,0.0414,5,0.2459,327.82,294.39,1784.87,1,0.1622,2.1396,6.894024,1,0
714.7097,12.0741,0.1042,1,0.8858,85.85,24.29,5486.73,0,0.0,0.0778,0.009039,30,1
44.4651,0.7168,0.0805,7,0.1,403.35,103.71,768.3,1,0.0156,3.3607,4.077539,6,0
3.2308,0.0985,0.0693,4,0.1822,417.67,158.42,883.18,1,0.09,2.2137,3.9599,0,0
165.5555,2.7477,0.8154,1,0.9921,205.13,41.77,135.72,216,0.9547,0.3509,0.018213,92,1
1000.0,30.0,0.1394,2,0.8562,93.88,6.46,5743.48,0,0.0,0.7189,0.025226,106,1
4.9478,0.0783,0.0157,5,0.4159,137.89,162.76,3922.27,0,0.0,1.8507,9.479027,0,0
2.2006,0.1444,0.1509,3,0.3314,388.17,156.16,3246.69,1,0.1692,2.9389,4.488934,1,0
20.7915,0.3112,0.081,5,0.1323,231.34,176.75,836.6,0,0.0,2.4289,3.544438,5,0
12.9054,0.2752,0.3213,3,0.1,236.63,297.73,2009.64,0,0.0,2.5572,4.433395,25,0
23.9431,0.4494,0.0413,4,0.1109,171.17,107.73,4729.83,0,0.0,2.9264,12.233594,1,0
1000.0,30.0,0.05,3,0.7931,115.31,8.77,2013.68,0,0.0,0.4938,0.001668,29,1
3.6456,0.1835,0.3384,1,0.9067,275.3,73.72,463.07,10,0.75,1.3373,0.448352,3,1
16.1754,0.1737,0.1506,6,0.1779,204.17,299.67,1665.22,0,0.0,2.5248,8.105181,11,0
19.7369,0.3114,0.0782,7,0.2075,301.73,167.54,3246.16,0,0.0,3.5091,3.409333,4,0
1000.0,30.0,0.1001,1,0.7,89.38,20.57,2933.68,0,0.0,0.1503,0.027852,74,1
531.5173,8.8599,0.6651,2,0.9089,137.11,11.23,236.5,110,0.7763,0.5044,0.003988,66,1
60.1034,1.0293,0.2309,4,0.1453,296.22,44.02,4201.85,0,0.0,3.1988,2.325765,10,0
23.1361,0.3825,0.0181,7,0.4787,222.91,109.4,4058.61,0,0.0,1.7607,3.427,0,0
1000.0,30.0,0.3368,2,0.9491,106.51,12.5,118.08,242,0.9607,0.0728,0.01219,146,1
7.0466,0.0824,0.0719,5,0.1516,376.42,297.51,3888.42,0,0.0,1.6394,8.364737,2,0
23.2863,0.3939,0.0209,3,0.2913,332.2,138.52,2841.84,0,0.0,2.3371,11.597604,1,0
2.002,0.0695,0.0173,5,0.2047,217.02,285.16,879.48,2,0.0005,1.4164,11.537606,0,0
30.9016,0.5293,0.1781,6,0.7267,373.42,150.86,531.11,0,0.0,1.5207,13.886477,13,0
5.0688,0.0,0.1,2,0.6,168.5,181.36,1613.72,0,0.0,0.7748,0.384801,3,1
1000.0,30.0,0.2312,1,0.7519,145.13,19.28,2662.36,0,0.0,0.6742,0.034395,179,1
285.7928,4.8241,0.5508,1,0.9529,142.84,40.65,179.2,394,0.9671,0.0577,0.016703,107,1
25.98,0.4694,0.091,5,0.1693,162.7,124.62,3980.87,0,0.0,1.4648,2.898919,4,0
12.9837,0.1821,0.0488,6,0.2774,316.25,250.83,1031.74,1,0.0421,2.9129,9.702311,2,0
726.2337,11.9372,0.3855,1,0.889,152.07,26.66,291.16,303,0.9306,0.1396,0.018807,123,1
0.0,0.1516,0.5,2,0.8775,310.35,106.72,658.22,5,0.5523,0.5526,0.710583,9,1
14.6447,0.2836,0.0211,7,0.3723,240.31,253.96,782.13,1,0.1118,2.2409,4.708643,1,0
330.3903,5.5058,0.6259,1,0.8498,66.7,48.51,279.3,296,0.8995,0.3606,0.017773,167,1
36.3118,0.6188,0.062,4,0.5021,135.28,113.44,4086.02,0,0.0,1.5984,9.534535,4,0
29.5544,0.4453,0.0138,5,0.1,292.0,156.48,3732.09,0,0.0,3.24,12.89076,1,0
1000.0,25.5608,0.1798,3,0.8346,72.66,25.46,3305.39,0,0.0,0.4187,0.018883,117,1
1.8363,0.0,0.0528,5,0.1,232.04,211.94,2098.18,0,0.0,1.6124,3.977785,0,0
4.285,0.0328,0.0245,3,0.5018,363.62,247.22,3271.79,2,0.0145,2.0207,13.261917,0,0
1000.0,30.0,0.1272,3,0.8854,99.83,17.33,3686.81,0,0.0,0.4754,0.002329,73,1
465.4647,7.9592,0.05,2,0.9351,115.21,23.8,5409.0,0,0.0,0.9942,0.036502,9,1
1000.0,25.9657,0.3,1,0.8316,106.58,12.75,6617.23,0,0.0,0.713,0.043399,100,1
23.6704,0.3829,0.0707,4,0.1731,439.09,168.99,2113.4,0,0.0,2.2496,0.942007,4,0
1000.0,30.0,0.2494,1,0.842,137.79,10.4,7249.05,0,0.0,0.0,0.020467,118,1
224.6368,3.9154,0.3001,2,0.9383,111.94,37.64,181.28,213,0.8886,0.4647,0.010737,42,1
47.333,0.7829,0.0742,3,0.2353,366.01,71.57,4014.12,1,0.4611,2.912,0.902017,4,0
146.1374,2.4811,0.6845,1,0.8157,59.59,38.56,169.21,294,0.9054,0.1159,0.008904,63,1
8.9179,0.2046,0.3734,3,0.3246,110.43,85.13,2786.74,0,0.0,2.0365,2.104901,5,0
1000.0,26.5249,0.1034,1,0.9688,106.75,25.41,3973.57,0,0.0,0.45,0.008673,69,1
44.3821,0.8693,0.0523,5,0.1591,212.12,98.85,4663.66,1,0.0472,3.283,8.682079,4,0
1000.0,30.0,0.2078,1,0.7648,106.92,3.48,1384.86,0,0.0,0.6601,0.015234,59,1
10.3728,0.1976,0.1917,5,0.2874,387.72,248.92,4385.49,0,0.0,2.4691,6.518633,7,0
3.033,0.0144,0.0085,5,0.6147,250.61,217.82,3022.97,1,0.1569,2.6358,1.617345,0,0
627.3939,10.4076,0.4603,1,0.9564,97.99,27.22,146.36,178,0.9685,0.1628,0.018954,130,1
46.1391,0.7384,0.2298,4,0.1,243.47,65.61,4844.56,0,0.0,2.3573,1.884276,11,0
1000.0,30.0,0.0957,1,0.9145,113.48,10.74,3051.84,0,0.0,0.2172,0.003351,51,1
13.3471,0.2298,0.0752,3,0.2431,206.91,194.49,3650.84,1,0.012,3.0158,5.075319,3,0
370.8905,6.3634,0.1184,3,0.9032,77.95,16.24,5890.3,0,0.0,0.6056,0.035667,11,1
1000.0,30.0,0.3,2,0.8538,111.34,11.88,5394.42,0,0.0,0.6409,0.014272,119,1
256.2303,4.1928,0.7787,1,0.9972,128.76,43.15,258.44,163,0.7151,0.4836,0.017168,140,1
486.2877,8.163,0.5583,1,0.8,103.14,55.72,84.27,66,0.9043,0.092,0.00092,252,1
43.5751,0.7104,0.0124,3,0.3806,310.11,59.6,4278.24,1,0.1311,2.3605,4.464244,0,0
1000.0,26.0672,0.1554,2,0.906,34.1,29.29,7705.91,0,0.0,0.8588,0.044552,118,1
6.4457,0.2218,0.0225,3,0.6546,102.2,230.09,1807.26,1,0.0091,1.5781,3.568422,0,0
26.8375,0.3879,0.0419,3,0.4396,106.14,141.9,2150.38,0,0.0,2.4013,1.549458,2,0
0.6288,0.1366,0.0656,5,0.1701,383.8,276.03,4710.7,0,0.0,2.2718,13.716506,0,0
13.1823,0.2198,0.0262,6,0.1,182.66,143.92,4155.41,0,0.0,2.7928,8.971386,0,0
12.6193,0.1477,0.1814,7,0.4468,100.17,269.84,3879.38,1,0.0289,1.8237,11.998291,7,0
22.1489,0.4072,0.0881,5,0.3732,379.48,122.38,2924.01,1,0.0658,2.3359,5.850931,4,0
955.0745,15.7941,0.05,2,0.7,46.01,21.2,7284.7,0,0.0,0.6901,0.032552,16,1
16.9402,0.279,0.2104,4,0.5156,327.29,36.71,4525.79,1,0.1202,3.1989,2.096382,1,0
12.2887,0.2511,0.1185,3,0.1,411.82,151.86,606.94,0,0.0,3.0445,8.985745,3,0
13.199,0.2542,0.0652,3,0.2347,63.2,248.68,1920.98,0,0.0,3.3182,10.680558,3,0
40.0425,0.6858,0.0022,3,0.4711,386.44,111.89,3029.85,1,0.0103,1.6067,9.38554,0,0
31.741,0.5524,0.0783,5,0.5397,81.1,122.25,3770.28,0,0.0,2.9882,13.790589,4,0
11.366,0.1804,0.0482,5,0.4039,248.59,173.04,909.8,0,0.0,1.8002,3.521563,1,0
6.6574,0.0754,0.0101,4,0.2765,384.21,120.4,4006.41,2,0.0758,3.2159,13.275977,0,0
509.4637,8.6316,0.1358,3,0.7865,123.81,23.63,4077.26,0,0.0,0.7913,0.032689,27,1
1000.0,30.0,0.2791,1,0.7,136.05,11.71,4269.36,0,0.0,0.2061,0.041005,198,1
5.9849,0.1475,0.0265,3,0.6966,185.74,251.49,2685.89,0,0.0,1.9666,9.915817,0,0
1000.0,18.4901,0.2701,1,0.9285,102.98,29.58,7502.63,0,0.0,0.0,0.016148,149,1
0.3907,0.0417,0.0598,4,0.3328,259.93,227.66,2536.36,1,0.1792,2.6145,11.917673,0,0
12.4532,0.1842,0.1716,1,0.5084,157.62,104.47,2876.35,10,0.4504,1.3021,0.419133,2,1
21.705,0.233,0.1,1,0.84,116.8,116.84,956.06,10,0.3927,0.8705,0.797325,3,1
1000.0,30.0,0.3,1,0.7,60.49,7.07,6241.78,0,0.0,0.7863,0.007831,104,1
13.7712,0.1757,0.1543,3,0.1627,354.32,212.68,4178.7,1,0.0647,2.7447,3.600367,6,0
1000.0,30.0,0.0925,1,0.9699,105.59,5.15,7396.63,0,0.0,0.4135,0.045807,25,1
827.193,13.7966,0.8714,2,0.9881,182.94,31.39,67.58,125,0.812,0.2017,0.004748,377,1
424.4575,7.0173,0.3998,1,0.8997,79.73,36.08,77.04,273,0.5,0.2619,0.006442,102,1
270.4361,4.6625,0.1518,2,0.7,66.9,26.41,1432.31,0,0.0,0.5976,0.002258,18,1
1000.0,30.0,0.6698,1,0.9415,115.17,8.97,135.38,332,0.6442,0.198,0.018399,235,1
26.4837,0.3835,0.2776,1,0.7806,199.36,82.71,1755.46,1,0.38,1.0219,0.177494,9,1
932.4649,15.5259,0.1357,2,0.8502,97.33,25.06,2497.65,0,0.0,0.8608,0.044509,52,1
1000.0,30.0,0.6061,1,0.9937,108.98,5.97,291.32,238,0.9689,0.2922,0.004284,295,1
581.6203,9.4507,0.665,1,0.9694,163.96,49.36,215.26,177,0.5654,0.2899,0.019794,317,1
24.5555,0.4641,0.113,5,0.2029,246.94,116.29,2108.81,0,0.0,3.0857,10.545617,5,0
27.2271,0.477,0.1329,4,0.1452,183.57,161.74,4204.92,1,0.0004,2.4875,3.922967,9,0
6.8531,0.1411,0.066,3,0.6484,181.4,287.94,4594.92,1,0.1831,2.2935,6.311866,2,0
3.0365,0.0192,0.0841,3,0.4205,169.45,263.85,4284.29,0,0.0,3.5743,6.080438,0,0
29.8817,0.5157,0.0546,7,0.3229,115.95,140.27,2114.75,0,0.0,2.6412,4.765019,3,0
98.3735,1.5194,0.0823,6,0.1737,199.95,39.89,1556.93,0,0.0,2.0465,7.1481,5,0
676.5739,11.332,0.7918,2,0.9867,93.58,33.95,154.24,177,0.5,0.0,0.001757,304,1
0.0,0.1713,0.1727,5,0.2363,84.76,269.69,3447.08,0,0.0,3.4345,4.066996,1,0
24.4211,0.4166,0.331,4,0.5777,277.77,216.16,2519.33,1,0.168,3.4325,1.595984,25,0
22.0266,0.319,0.4227,3,0.7773,309.3,77.49,948.64,0,0.0,0.9473,0.066574,15,1
1000.0,28.7031,0.7408,1,0.8588,131.81,7.83,194.66,300,0.6971,0.2806,0.019546,165,1
10.6444,0.0,0.2532,1,0.8318,160.74,75.93,1259.33,5,0.75,1.1869,0.068597,2,1
33.2004,0.442,0.1173,5,0.3842,73.99,58.03,3245.64,0,0.0,3.422,9.805901,3,0
993.9532,16.5286,0.2508,2,0.7387,124.65,24.02,5792.54,0,0.0,0.1,0.008451,99,1
998.1057,16.6637,0.1426,1,0.9139,135.81,13.53,3890.54,0,0.0,0.2595,0.023736,32,1
614.4892,10.1529,0.7183,1,0.9951,207.93,8.92,194.27,306,0.8578,0.1866,0.017599,65,1
6.2288,0.0523,0.0204,6,0.3684,390.21,233.31,738.27,1,0.0121,2.3763,0.816049,0,0
1000.0,25.7107,0.2084,3,0.8565,132.43,23.9,1513.85,0,0.0,0.5167,0.030316,128,1
14.7265,0.3635,0.0108,5,0.4127,387.1,154.33,520.02,0,0.0,3.3437,1.68131,0,0
21.654,0.3132,0.0298,7,0.1,140.92,65.5,4589.29,0,0.0,2.0302,5.624416,0,0
6.81,0.0076,0.0469,4,0.5975,94.51,295.51,3955.4,0,0.0,2.2873,4.156232,1,0
10.7706,0.1042,0.0776,7,0.5423,308.62,159.4,4008.92,0,0.0,2.0758,4.95325,2,0
3.3262,0.1099,0.0299,6,0.4097,344.91,285.91,1222.76,2,0.0707,1.9191,8.900772,0,0
671.3078,11.2874,0.05,1,0.7784,44.27,26.73,3064.15,0,0.0,0.0,0.00532,15,1
590.1608,9.6522,0.7723,1,0.9954,171.17,29.32,177.54,263,0.8093,0.0,0.014559,218,1
0.0,0.015,0.0271,3,0.6055,119.08,240.56,1969.08,0,0.0,1.8039,5.584091,0,0
26.5227,0.2982,0.024,3,0.3168,90.02,191.86,2204.42,0,0.0,2.1093,7.62904,1,0
0.8596,0.1918,0.3275,3,0.5817,286.83,97.85,1689.3,0,0.0,0.4987,0.587529,3,1
16.9473,0.3095,0.0261,3,0.2124,231.86,142.84,3272.18,0,0.0,1.7759,13.243735,1,0
1000.0,23.7769,0.5922,1,0.9718,55.93,17.1,283.35,286,0.9151,0.5909,0.011784,240,1
568.0496,9.5929,0.4839,1,0.9467,54.28,22.81,113.21,354,0.7912,0.2053,0.010081,105,1
4.9605,0.0642,0.1733,6,0.6809,242.78,148.3,680.61,1,0.068,2.1763,6.880601,2,0
67.753,1.1595,0.0745,5,0.4636,102.93,51.93,515.15,2,0.4082,2.1828,13.710936,4,0
416.0772,6.791,0.7361,1,0.8182,77.19,57.2,228.01,271,0.7589,0.2068,0.014399,292,1
31.4754,0.4112,0.1286,7,0.3462,209.44,106.7,3454.76,0,0.0,2.1566,4.787831,6,0
52.6994,0.8488,0.0572,7,0.3981,221.72,54.58,4433.43,2,0.0314,2.8323,3.459831,2,0
14.3029,0.2387,0.1285,7,0.461,294.15,197.64,3830.02,0,0.0,3.6014,14.357644,4,0
53.3783,1.0053,0.14,6,0.3294,282.64,46.74,2887.07,1,0.1821,1.6915,12.579284,6,0
0.8115,0.1463,0.1359,4,0.1877,106.83,161.81,3131.73,1,0.0247,1.6932,9.572388,1,0
282.8145,4.6293,0.5831,1,0.9464,104.95,56.06,172.5,155,0.8196,0.0989,0.00076,152,1
1000.0,22.0903,0.2235,3,0.9281,68.04,14.93,2054.94,0,0.0,0.9593,0.043764,73,1
97.9346,1.6411,0.1002,5,0.5112,280.57,37.35,584.11,1,0.1235,3.7077,11.67641,6,0
41.3768,0.7503,0.1559,5,0.6858,240.02,54.47,2020.89,0,0.0,2.8924,11.42467,6,0
1.6744,0.0287,0.1,4,0.1288,147.22,173.88,2777.33,0,0.0,1.5634,8.037613,0,0
1000.0,24.1622,0.2337,3,0.7353,148.07,13.4,7596.55,0,0.0,0.2118,0.00705,75,1
431.5461,7.2219,0.3862,2,0.9788,80.91,55.41,110.47,315,0.685,0.0545,0.004138,155,1
1000.0,30.0,0.1355,1,0.8502,79.55,25.06,5542.67,0,0.0,0.5974,0.023418,107,1
299.7422,4.8114,0.05,2,0.8473,137.29,21.61,7539.87,0,0.0,0.4018,0.021462,5,1
14.6527,0.2476,0.2109,6,0.4471,361.15,230.04,2952.88,1,0.3955,1.9302,10.77905,11,0
449.4992,7.5662,0.7697,1,0.9551,183.99,20.15,279.56,336,0.7308,0.3612,0.001809,116,1
2.6678,0.0745,0.1521,5,0.1515,162.52,92.68,1661.71,0,0.0,2.8906,3.834441,0,0
1000.0,21.8692,0.3,2,0.8021,107.31,8.12,1166.5,0,0.0,1.1274,0.032546,53,1
1.5595,0.0454,0.0115,3,0.3128,214.44,243.32,4577.44,1,0.0683,1.6475,14.729108,0,0
41.7816,0.6506,0.0733,5,0.5648,80.29,76.66,3492.45,0,0.0,2.2205,9.570534,4,0
13.812,0.2321,0.1376,4,0.4836,179.07,286.1,2452.58,0,0.0,1.9205,5.593417,6,0
577.6371,9.6139,0.3,2,0.9341,111.64,19.38,6347.03,0,0.0,0.4501,0.041297,55,1
18.8325,0.2683,0.0341,6,0.4437,185.21,221.04,2823.42,0,0.0,2.2457,12.797976,2,0
5.8681,0.1736,0.0093,6,0.1875,357.35,212.99,3537.73,0,0.0,3.2143,11.339883,0,0
1000.0,23.5311,0.2167,1,0.7587,142.47,9.28,4876.39,0,0.0,0.6348,0.042478,47,1
440.338,7.5351,0.3427,2,0.9544,176.05,49.96,274.58,215,0.7705,0.034,0.003422,127,1
27.4597,0.5168,0.0137,7,0.2348,188.08,76.18,4933.97,0,0.0,2.4951,2.694436,0,0
3.4687,0.0832,0.0296,6,0.1414,385.74,298.28,4624.81,1,0.0197,1.8943,11.044627,0,0
1000.0,30.0,0.1867,2,0.9505,113.17,7.44,5991.43,0,0.0,0.7265,0.034757,130,1
41.0348,0.6611,0.1145,7,0.2621,165.79,61.76,1659.55,0,0.0,2.2575,9.769561,5,0
347.032,5.607,0.5837,1,0.8,205.73,43.43,61.43,377,0.8792,0.0057,0.002578,144,1
9.4427,0.0961,0.0823,4,0.2732,59.11,270.22,2525.11,0,0.0,2.3905,4.309053,3,0
76.8029,1.2972,0.1239,7,0.2538,245.14,47.17,1454.49,1,0.1813,2.6202,8.567269,7,0
40.8467,0.5978,0.1438,7,0.5791,292.35,46.25,2127.67,0,0.0,2.8493,7.222771,4,0
15.8248,0.1685,0.0512,6,0.2858,134.55,284.51,3109.69,1,0.069,2.6546,1.367768,3,0
39.0884,0.4931,0.1152,4,0.234,324.82,64.09,3668.37,0,0.0,2.1914,6.938241,4,0
14.3359,0.3588,0.0111,3,0.3762,243.39,135.5,617.81,1,0.1428,2.6861,3.223717,0,0
40.395,0.6391,0.0805,5,0.298,173.82,86.97,1916.79,0,0.0,1.9362,3.538029,4,0
472.7318,7.9712,0.7314,1,0.8,119.52,44.65,57.42,265,0.9452,0.3036,0.010826,259,1
19.2059,0.2549,0.251,5,0.2623,117.3,188.47,2546.44,1,0.0982,3.6517,2.926677,12,0
0.2326,0.0244,0.062,7,0.2929,100.85,291.29,4754.11,0,0.0,3.5011,1.711942,0,0
1000.0,24.7321,0.8383,1,0.995,133.44,15.01,158.64,313,0.7986,0.1159,0.010819,311,1
10.7718,0.0895,0.0292,4,0.215,206.75,260.25,3832.33,0,0.0,1.7998,2.309571,1,0
27.4255,0.4143,0.0016,4,0.322,223.75,118.15,830.2,1,0.09,1.7055,11.40468,0,0
29.8741,0.4251,0.0345,6,0.4179,234.29,41.58,3712.51,0,0.0,2.2201,9.323527,0,0
1000.0,25.321,0.1688,2,0.7421,81.01,22.89,5729.24,0,0.0,0.8919,0.047533,98,1
84.1823,1.4155,0.0978,4,0.1729,254.79,47.43,4475.71,0,0.0,1.3902,2.842895,6,0
1000.0,22.1335,0.0679,2,0.8203,59.53,11.52,3678.65,0,0.0,0.3999,0.002135,17,1
36.3612,0.5925,0.0307,5,0.3998,102.5,122.64,2750.41,0,0.0,2.7244,1.091363,2,0
6.6593,0.0556,0.068,4,0.3742,327.7,147.27,4000.49,0,0.0,1.9063,7.940523,0,0
5.3773,0.0918,0.161,3,0.4481,329.49,116.89,3880.88,1,0.0572,2.092,3.514377,2,0
59.0111,0.9134,0.0359,5,0.4868,320.44,43.53,4512.81,0,0.0,3.2499,4.864878,1,0
17.7873,0.2609,0.151,6,0.1,285.29,229.38,525.91,0,0.0,1.9224,6.244504,10,0
25.0878,0.4941,0.0343,7,0.1,268.15,65.19,1549.34,1,0.0797,1.7009,11.956905,1,0
51.4354,0.8877,0.1889,5,0.1104,355.21,80.54,4222.95,0,0.0,1.948,11.140514,13,0
817.3884,13.5616,0.5642,1,0.8478,197.32,15.44,154.36,231,0.827,0.3285,0.003873,117,1
9.3187,0.1316,0.001,7,0.1106,314.3,146.7,3202.69,0,0.0,2.7558,13.577014,0,0
1000.0,28.0088,0.5746,1,0.9847,54.45,17.22,134.23,241,0.5702,0.0935,0.017634,276,1
797.6877,13.2072,0.1437,1,0.7981,87.41,25.62,7935.02,0,0.0,0.3235,0.03843,48,1
11.0804,0.1891,0.0736,7,0.1697,277.05,104.13,1458.18,1,0.065,1.786,4.052213,1,0
3.6347,0.1401,0.0607,6,0.4169,339.93,183.26,1599.89,1,0.0011,1.6407,7.270728,0,0
21.2972,0.3191,0.0085,5,0.6198,119.99,137.07,1076.21,0,0.0,1.9687,9.792684,0,0
638.9111,10.8391,0.7998,2,0.8449,205.07,36.64,242.88,266,0.9143,0.0,0.011658,311,1
1000.0,20.2714,0.8297,1,0.9591,130.33,18.86,259.49,345,0.9335,0.4591,0.005754,313,1
216.2251,3.7076,0.468,1,0.9334,191.54,46.99,151.76,210,0.7753,0.3782,0.006365,81,1
35.6428,0.622,0.2394,6,0.178,258.21,101.17,4085.48,1,0.0669,2.1372,1.18944,14,0
26.8202,0.3794,0.0756,5,0.7822,226.74,70.8,1922.8,1,0.082,3.6424,10.537391,2,0
946.0385,15.8993,0.6595,1,0.8722,96.22,18.42,160.55,300,0.8258,0.195,0.004639,192,1
16.2198,0.31,0.0686,4,0.1,309.81,162.0,2033.33,0,0.0,3.0683,2.962028,3,0
3.0907,0.07,0.0516,7,0.3396,200.33,260.2,3419.61,0,0.0,2.2603,11.335828,0,0
1000.0,30.0,0.7867,1,0.9663,86.67,8.38,264.24,214,0.6201,0.1532,0.006778,244,1
16.9997,0.2585,0.1926,6,0.2576,351.64,204.32,2819.93,2,0.034,2.0747,1.651193,11,0
809.1679,13.4299,0.7206,1,0.9102,129.08,31.94,100.27,150,0.7367,0.2095,0.019264,310,1
545.9963,9.2068,0.4543,1,0.8978,94.79,50.36,102.25,246,0.7968,0.3391,0.011607,208,1
1000.0,30.0,0.0779,1,0.8813,79.19,3.03,2835.19,0,0.0,0.4413,0.011334,56,1
1000.0,21.2233,0.7503,1,0.8853,171.81,15.17,203.13,56,0.7782,0.5098,0.011942,241,1
32.2999,0.6064,0.0144,4,0.1,387.68,44.11,2415.0,0,0.0,2.9839,5.776541,0,0
1000.0,21.7886,0.9482,2,0.9526,58.96,17.04,237.89,161,0.7598,0.1047,0.016646,355,1
1000.0,28.9283,0.0822,1,0.7591,68.35,26.95,4037.66,0,0.0,0.6066,0.018818,64,1
1000.0,23.2431,0.6107,1,0.9647,63.01,20.15,105.62,383,0.831,0.4619,0.018387,287,1
13.8779,0.2028,0.1833,7,0.2089,92.29,158.49,1109.2,0,0.0,2.5061,11.163503,7,0
56.1499,0.9593,0.0758,6,0.1,272.1,75.54,3222.78,1,0.1437,1.8394,2.796436,5,0
1000.0,27.5605,0.3268,2,0.9428,122.9,17.69,290.84,384,0.9099,0.1163,0.017205,158,1
923.2705,15.4116,0.05,1,0.8801,142.07,25.63,6705.55,0,0.0,0.0071,0.019582,19,1
14.7817,0.2353,0.0642,5,0.4733,162.2,289.89,2074.33,0,0.0,1.9368,3.007207,4,0
356.3938,6.3854,0.2952,3,0.9773,72.49,22.23,3108.04,0,0.0,0.1414,0.035773,41,1
1000.0,20.8117,0.3,2,0.714,112.57,26.13,5186.24,0,0.0,0.881,0.038529,162,1
25.3048,0.4733,0.0196,6,0.3743,76.46,53.07,2608.04,0,0.0,2.667,13.079006,0,0
506.2924,8.3719,0.815,1,0.999,110.87,13.46,150.82,349,0.9151,0.1435,0.01615,91,1
19.8776,0.3386,0.0605,3,0.2919,190.67,103.05,2048.41,0,0.0,2.3601,13.258762,1,0
101.2483,1.6844,0.4011,1,0.9555,86.49,51.69,68.48,232,0.7784,0.2937,0.016928,35,1
2.3186,0.0,0.0973,5,0.1,241.56,137.03,4200.27,0,0.0,2.2458,10.452457,0,0
0.0,0.185,0.4237,1,0.7591,82.7,107.21,1627.95,0,0.0,0.6796,0.134657,5,1
326.0256,5.4476,0.8462,1,0.9931,183.42,38.13,219.41,91,0.7638,0.0101,0.000992,178,1
50.3721,0.76,0.0881,4,0.3121,342.1,35.61,2624.88,0,0.0,2.3613,4.432548,2,0
11.1404,0.0958,0.1359,2,0.436,325.66,126.5,1900.97,0,0.0,0.4764,0.503159,2,1
14.3209,0.2902,0.02,7,0.5674,101.6,138.58,4992.3,1,0.0352,3.3707,3.740999,0,0
21.1736,0.3609,0.1,1,0.8323,150.27,81.64,496.5,1,0.2888,0.4696,0.649228,2,1
1.1056,0.0,0.0937,7,0.2175,358.02,286.24,1515.98,1,0.0176,3.1994,12.675909,0,0
1000.0,30.0,0.05,2,0.9224,91.89,9.47,7429.11,0,0.0,0.9446,0.020621,32,1
17.1889,0.4009,0.0143,6,0.1,271.42,156.36,4844.28,0,0.0,2.5132,6.576639,0,0
31.2042,0.5218,0.0795,3,0.2633,387.15,102.69,4344.16,2,0.005,2.5787,11.924392,4,0
1000.0,18.9352,0.2246,1,0.7328,73.07,18.75,1555.75,0,0.0,0.5399,0.016147,79,1
1000.0,30.0,0.1341,1,0.789,126.25,8.19,3433.98,0,0.0,0.6352,0.031055,101,1
21.8807,0.2891,0.0983,3,0.3134,128.12,151.4,2396.99,1,0.181,3.4401,0.994205,5,0
48.9241,0.7751,0.0005,3,0.1388,283.62,81.11,1607.33,0,0.0,3.2268,9.059822,0,0
1000.0,27.7673,0.6726,1,0.8,96.17,7.0,259.65,202,0.8028,0.0501,0.019491,130,1
1000.0,30.0,0.1338,1,0.7,81.58,11.88,5372.99,0,0.0,0.6439,0.038186,93,1
305.7056,4.8538,0.508,1,0.8,146.44,24.11,103.38,152,0.9542,0.21,0.012716,60,1
897.416,14.7982,0.05,1,0.7,116.2,21.92,6441.59,0,0.0,0.3865,0.015015,16,1
1000.0,30.0,0.05,1,0.8638,159.31,6.48,7290.49,0,0.0,0.6055,0.020816,18,1
13.7173,0.2439,0.0971,7,0.4045,157.78,269.85,1204.29,0,0.0,2.9108,10.67172,6,0
580.1179,9.8171,0.6007,1,0.9802,97.58,50.46,290.59,347,0.8635,0.2929,0.008694,294,1
944.6366,15.9055,0.4545,1,0.8363,90.46,16.7,187.42,173,0.8918,0.4171,0.001455,120,1
18.1479,0.2356,0.0567,4,0.1188,411.96,217.54,2733.16,0,0.0,1.814,11.899982,3,0
581.5318,9.9144,0.9096,2,0.9002,161.6,51.19,168.73,304,0.8582,0.3226,0.004116,453,1
0.4628,0.0,0.0488,3,0.2398,309.87,269.18,3645.34,1,0.1097,3.0441,12.767119,0,0
648.3242,10.8348,0.3594,1,0.9386,147.19,19.52,260.55,72,0.9365,0.4754,0.018389,76,1
34.7255,0.5852,0.2638,5,0.2303,136.8,91.73,1714.5,1,0.2105,3.1992,8.931815,13,0
6.6826,0.1017,0.2689,4,0.5368,151.1,243.43,4994.72,0,0.0,2.7015,6.591857,5,0
5.4336,0.0,0.1941,3,0.203,408.42,204.25,3339.05,0,0.0,3.1569,3.585926,2,0
5.0887,0.1101,0.0348,3,0.4233,214.47,275.34,1312.86,1,0.021,3.1732,7.910808,1,0
1000.0,30.0,0.475,1,0.8457,126.38,7.42,289.0,67,0.8221,0.5307,0.00637,126,1
1000.0,30.0,0.2146,1,0.9264,69.29,12.09,5718.7,0,0.0,0.1239,0.040394,169,1
26.7791,0.4955,0.1459,5,0.522,222.79,117.4,3990.81,2,0.0892,3.2488,10.841147,7,0
1000.0,30.0,0.7032,1,0.8,191.98,5.71,203.07,175,0.9315,0.0,0.009547,344,1
20.5516,0.3718,0.0385,6,0.2968,184.98,102.09,4483.6,0,0.0,2.6233,5.331419,1,0
2.8933,0.0,0.1385,4,0.3274,158.32,220.33,1315.48,1,0.0146,3.3101,14.917176,1,0
11.1235,0.1574,0.1701,6,0.1703,294.07,156.78,826.36,1,0.0867,2.234,6.466914,4,0
12.8515,0.2081,0.2333,4,0.3015,222.38,184.08,1138.3,0,0.0,1.4339,10.404509,8,0
88.4669,1.4603,0.0142,7,0.649,387.51,39.56,3888.89,2,0.0436,1.9933,11.131684,0,0
362.3708,6.2145,0.862,1,0.8813,132.51,55.15,173.78,252,0.836,0.4662,0.011428,293,1
509.8172,8.6032,0.4529,1,0.8523,55.14,26.78,241.15,387,0.7627,0.4563,0.00396,103,1
1000.0,24.5748,0.3,1,0.8627,113.97,8.38,7912.43,0,0.0,0.0,0.037928,61,1
564.1812,9.3171,0.3,1,0.805,122.91,28.75,7054.16,0,0.0,0.4123,0.047896,82,1
1000.0,30.0,0.2217,1,0.7214,135.47,9.07,1791.39,0,0.0,0.1338,0.021003,159,1
28.9699,0.3641,0.0851,4,0.6311,308.03,116.78,3652.99,0,0.0,3.3733,7.656024,4,0
4.5936,0.0998,0.3118,7,0.5291,278.61,236.54,4308.0,1,0.0284,3.0308,3.782686,8,0
16.8509,0.3463,0.0542,7,0.1522,368.78,178.64,1975.5,1,0.0112,3.4763,7.182779,3,0
1000.0,30.0,0.5692,2,0.9151,178.04,15.52,230.31,109,0.8773,0.3019,0.00537,282,1
13.4219,0.3212,0.0188,7,0.1,261.05,287.61,4749.01,1,0.3011,2.2176,5.264739,1,0
5.2612,0.019,0.0804,7,0.1,374.87,261.75,1006.61,1,0.0992,2.6476,4.868346,2,0
1000.0,30.0,0.5264,2,0.8,165.13,9.95,156.01,398,0.751,0.5436,0.017542,200,1
27.543,0.3955,0.0604,5,0.2726,369.18,136.92,1148.78,1,0.2098,2.1729,14.507654,3,0
7.8468,0.1255,0.0326,6,0.263,400.4,293.69,2829.52,0,0.0,2.9866,7.945228,1,0
422.0295,6.973,0.1394,2,0.7855,51.02,22.82,4745.32,0,0.0,0.0482,0.02247,22,1
868.6848,14.5455,0.5656,1,0.9555,164.76,31.67,94.44,233,0.5735,0.0,0.00298,260,1
576.1554,9.7293,0.5705,1,0.9994,176.28,42.24,186.18,146,0.5819,0.287,0.013415,233,1
26.9309,0.3976,0.0117,7,0.3616,126.16,190.14,942.66,1,0.0245,3.1481,2.660005,0,0
15.2838,0.239,0.0644,3,0.1,79.45,245.78,3805.93,0,0.0,1.5891,10.213272,3,0
4.8068,0.2072,0.14,5,0.1461,366.65,203.11,3151.64,0,0.0,2.1533,8.955078,3,0
11.5765,0.2287,0.067,7,0.44,429.06,157.6,4326.18,1,0.0365,2.5641,4.115843,2,0
6.1611,0.1308,0.0783,5,0.1184,387.54,72.04,4473.85,0,0.0,2.7546,9.485903,0,0
9.9248,0.21,0.1442,4,0.2256,426.3,253.3,841.58,1,0.1087,1.4842,5.687423,5,0
21.0588,0.2459,0.0601,3,0.2539,326.46,199.32,2786.44,0,0.0,3.3866,10.968487,4,0
16.2684,0.1773,0.0907,5,0.2883,106.1,238.27,3959.2,2,0.039,3.157,9.244146,4,0
20.058,0.1549,0.3757,1,0.6804,199.26,176.36,346.68,0,0.0,0.8301,0.192993,12,1
9.0026,0.217,0.2462,6,0.2886,154.93,203.61,3272.66,1,0.0554,3.3524,2.192934,11,0
61.1442,0.9599,0.064,6,0.431,142.9,67.2,4696.27,0,0.0,3.2538,5.594055,4,0
15.8825,0.2599,0.024,6,0.2206,89.77,152.92,2827.16,1,0.0885,3.5073,10.807107,1,0
26.5398,0.3694,0.1045,6,0.8,217.84,125.31,4529.36,0,0.0,3.5504,2.223362,5,0
8.9727,0.1376,0.0304,7,0.1885,209.77,220.9,3192.71,0,0.0,2.421,13.358743,1,0
16.6656,0.3835,0.0494,7,0.1356,200.31,69.13,2796.51,1,0.0942,2.3593,4.410917,1,0
6.1222,0.1196,0.1262,6,0.2972,143.08,255.52,611.64,0,0.0,1.9169,10.800621,3,0
14.2407,0.2675,0.0492,5,0.619,132.55,157.95,1618.84,1,0.0008,2.8128,2.018418,1,0
13.8356,0.1769,0.0715,3,0.3285,384.65,206.59,1537.59,0,0.0,2.3407,7.86375,3,0
31.4258,0.4747,0.1638,3,0.1432,358.7,156.61,4790.03,0,0.0,2.7487,8.8224,12,0
1000.0,30.0,0.0648,2,0.8597,82.97,8.02,3613.1,0,0.0,0.0762,0.038917,51,1
25.5353,0.3917,0.0581,7,0.1,204.57,162.78,3267.66,0,0.0,2.6231,0.857548,4,0
1000.0,30.0,0.05,1,0.8602,73.96,6.9,2973.37,0,0.0,0.4915,0.040615,35,1
1000.0,30.0,0.288,3,0.955,112.32,6.45,3767.65,0,0.0,0.642,0.039092,100,1
20.2764,0.3889,0.1099,6,0.1,135.54,145.49,4128.19,0,0.0,1.9805,3.657932,5,0
699.6115,11.4751,0.1983,1,0.8291,36.56,22.26,6512.0,0,0.0,0.0,0.021554,50,1
10.8408,0.1106,0.1064,6,0.218,374.7,220.45,2797.04,0,0.0,2.2834,3.673032,4,0
386.821,6.3354,0.8448,1,0.8519,151.89,55.85,208.3,377,0.7742,0.4193,0.003748,303,1
575.668,9.7031,0.6913,1,0.8248,135.79,36.95,96.89,336,0.9294,0.0366,0.013283,246,1
5.2542,0.0407,0.082,3,0.1028,144.79,192.46,3350.83,1,0.0132,2.9981,4.084366,1,0
27.4616,0.4244,0.1401,4,0.1544,145.6,183.03,1093.63,0,0.0,1.7465,2.170628,10,0
3.1333,0.0775,0.1848,3,0.1906,245.02,250.18,628.67,0,0.0,2.0784,7.478194,2,0
12.225,0.3016,0.0696,7,0.5797,320.21,292.14,4119.66,0,0.0,1.6842,3.459773,4,0
19.6654,0.3606,0.17,5,0.2579,295.68,45.47,1440.52,1,0.2254,1.8609,6.301272,2,0
11.9741,0.0835,0.3326,1,0.4,345.24,103.19,550.03,5,0.4893,1.0329,0.584641,5,1
271.0672,4.4898,0.7617,1,0.8,79.04,50.04,80.49,108,0.6254,0.0,0.017543,175,1
10.7327,0.1444,0.1211,4,0.1795,401.46,167.47,3639.11,1,0.0598,1.5321,9.65937,3,0
42.4587,0.7595,0.0692,5,0.4627,326.19,101.81,4634.23,2,0.0061,2.5368,13.76177,5,0
20.35,0.3556,0.0927,4,0.2343,231.45,115.97,4075.08,0,0.0,3.1909,2.548551,3,0
1.9115,0.0835,0.0433,6,0.4643,272.48,285.74,3488.88,0,0.0,2.6153,10.047591,0,0
20.5129,0.4269,0.138,3,0.3764,362.96,87.8,2579.01,0,0.0,2.562,9.318658,4,0
1.7548,0.0361,0.1446,7,0.5843,365.06,262.17,3503.49,0,0.0,2.9715,6.319036,0,0
1000.0,22.9453,0.0857,2,0.9579,52.6,28.9,2003.65,0,0.0,0.3173,0.009493,56,1
33.0277,0.6231,0.2002,4,0.2705,299.15,74.95,3286.24,0,0.0,3.494,9.997661,8,0
6.2509,0.1851,0.123,3,0.4814,292.46,294.59,4743.84,0,0.0,1.9151,3.363322,6,0
12.246,0.2311,0.0545,5,0.1,149.12,228.94,1548.37,0,0.0,2.7949,0.513106,3,0
29.3998,0.5115,0.1128,6,0.2802,386.67,65.57,2311.88,1,0.0427,3.0968,9.687762,4,0
1000.0,30.0,0.2125,3,0.8493,62.06,7.78,6852.06,0,0.0,0.0594,0.033282,59,1
28.1402,0.4894,0.0786,6,0.2422,366.27,163.61,3342.1,0,0.0,1.0632,4.759329,6,0
358.9322,5.9723,0.341,1,0.965,85.27,59.42,158.27,188,0.8986,0.23,0.007758,122,1
937.7358,15.6588,0.062,1,0.9466,84.29,24.3,5443.61,0,0.0,0.3721,0.005039,23,1
21.4613,0.3024,0.0006,3,0.226,73.5,153.8,4371.24,0,0.0,2.7374,0.674074,0,0
225.5572,3.7314,0.8905,1,0.8897,131.98,53.07,260.28,69,0.8248,0.1555,0.014501,172,1
14.7925,0.1556,0.0905,6,0.1814,248.47,202.56,2772.29,1,0.0301,2.815,3.112119,3,0
438.4823,7.3636,0.8931,1,0.9282,58.35,23.59,242.48,296,0.6824,0.0741,0.008418,156,1
5.2297,0.0044,0.0639,5,0.5244,284.14,239.67,2930.97,1,0.0431,2.675,13.65102,0,0
975.4434,16.2918,0.2697,2,0.8617,97.06,26.42,1498.97,0,0.0,0.672,0.024769,115,1
3.9598,0.0259,0.0544,5,0.2139,363.17,243.83,1889.87,1,0.0685,2.3482,11.11745,0,0
32.7407,0.4918,0.0615,5,0.5072,299.84,36.78,3288.52,0,0.0,2.3599,6.236386,1,0
1000.0,23.8861,0.2519,1,0.707,114.16,29.66,2806.29,0,0.0,0.2939,0.038713,178,1
9.3889,0.203,0.4635,1,0.4,255.89,113.51,1683.13,0,0.0,0.7064,0.356459,9,1
1000.0,30.0,0.3,2,0.7337,78.83,20.73,5669.47,0,0.0,0.7085,0.002901,207,1
16.1299,0.2137,0.0379,5,0.1401,148.1,206.97,911.12,0,0.0,2.0834,0.683808,1,0
21.3762,0.2828,0.2115,7,0.1628,110.47,121.16,1966.31,0,0.0,2.1938,3.108756,7,0
543.8932,9.3618,0.2992,1,0.8166,90.87,19.95,5219.26,0,0.0,0.5538,0.012761,54,1
6.4963,0.0,0.1876,1,0.5361,150.56,144.43,2996.68,0,0.0,1.0449,0.775556,1,1
368.1811,6.2998,0.1508,2,0.8179,62.5,19.16,4303.19,0,0.0,0.7964,0.007209,17,1
18.9956,0.2339,0.056,6,0.2375,141.71,250.79,4826.02,1,0.0108,1.6195,3.827593,3,0
16.7226,0.2313,0.0505,3,0.1324,403.6,228.26,3275.64,0,0.0,2.437,9.727201,3,0
8.1508,0.4152,0.4492,1,0.64,133.06,167.45,2468.31,0,0.0,1.3518,0.490234,16,1
1000.0,25.3059,0.2206,1,0.9585,133.44,25.92,4284.3,0,0.0,0.7439,0.030995,144,1
14.2974,0.1889,0.0339,3,0.2253,297.42,271.89,1869.08,0,0.0,1.8115,7.228917,2,0
3.0503,0.0113,0.0416,7,0.1556,218.76,296.82,1871.29,0,0.0,1.5543,4.822901,0,0
30.0383,0.5697,0.1609,4,0.4057,355.43,143.64,1457.83,1,0.0879,2.5662,5.24066,12,0
5.4917,0.0754,0.0442,6,0.2096,373.33,124.52,1765.76,2,0.5,3.0515,13.306439,0,0
23.1953,0.3188,0.1,3,0.6548,265.71,78.22,2569.77,1,0.5707,0.9373,0.508644,2,1
6.2314,0.0397,0.1241,4,0.1862,268.13,186.33,2744.2,1,0.0541,3.4869,5.275036,2,0
15.3515,0.32,0.0944,3,0.3115,233.79,164.45,3141.52,0,0.0,3.2405,13.778846,4,0
25.2047,0.4023,0.0812,6,0.2114,367.49,166.65,563.75,0,0.0,2.9601,14.476442,6,0
11.4493,0.1312,0.0502,3,0.1043,110.77,177.1,1781.04,0,0.0,3.05,8.325096,1,0
936.4526,15.5764,0.05,2,0.8755,114.85,25.24,2753.6,0,0.0,0.1234,0.018159,19,1
9.3793,0.0628,0.1325,3,0.422,203.49,278.58,3702.99,0,0.0,3.3833,10.074421,4,0
5.1651,0.0292,0.0477,7,0.3701,71.36,190.63,1656.43,2,0.0673,2.0735,5.288745,0,0
1000.0,30.0,0.1548,2,0.8528,50.9,7.22,7066.75,0,0.0,0.2501,0.044481,72,1
6.9833,0.0635,0.1622,5,0.1,258.32,192.08,3640.23,1,0.1049,3.4112,9.113686,3,0
23.4642,0.427,0.1453,3,0.5042,190.2,115.84,3247.4,0,0.0,3.6643,1.009462,6,0
5.9156,0.0527,0.0709,5,0.5219,389.84,253.15,3447.74,0,0.0,2.1825,7.418834,2,0
69.6318,1.2352,0.0985,6,0.5001,283.48,34.72,3234.21,1,0.0661,1.3042,3.983741,4,0
723.7787,12.3241,0.99,1,0.8,177.33,22.39,58.27,153,0.5443,0.1017,0.008838,270,1
798.8998,13.2627,0.7052,1,0.9533,92.08,20.65,95.45,182,0.5763,0.3071,0.004766,193,1
19.5092,0.1881,0.0135,5,0.5979,147.52,245.41,4219.09,0,0.0,1.8385,14.591757,0,0
17.2492,0.2598,0.1551,5,0.2039,101.41,167.64,1417.07,0,0.0,2.5672,1.725723,6,0
10.6903,0.0781,0.1,3,0.4381,223.11,130.61,2821.96,0,0.0,1.3734,0.526012,2,1
2.4749,0.1149,0.1233,4,0.1,99.14,251.48,3046.54,0,0.0,1.8985,10.723719,2,0
32.6813,0.5038,0.026,4,0.2081,103.48,112.14,3651.85,1,0.2045,1.5385,12.405882,1,0
17.7581,0.2521,0.0897,7,0.2745,364.81,236.09,2416.18,1,0.0253,2.6084,11.510192,6,0
18.9859,0.3448,0.1516,6,0.7021,277.72,89.26,2796.13,0,0.0,3.0399,6.000904,4,0
8.2647,0.1894,0.0916,6,0.1,238.35,259.47,1194.75,1,0.0921,3.2971,9.476407,3,0
13.5622,0.2467,0.1106,4,0.2342,228.34,288.6,1161.33,1,0.0725,2.2564,13.803545,8,0
8.5541,0.0366,0.0697,3,0.1151,359.46,211.85,4607.86,0,0.0,2.5753,9.735035,2,0
127.7014,2.0922,0.0964,4,0.3441,120.41,31.49,1899.42,0,0.0,3.0315,9.744583,6,0
1000.0,30.0,0.2686,1,0.9094,74.2,12.86,4746.36,0,0.0,0.7493,0.02731,150,1
19.7337,0.3544,0.0515,6,0.1902,247.62,185.77,3062.01,1,0.1076,2.283,4.848343,2,0
1.4456,0.0557,0.0704,4,0.3297,339.39,246.99,531.28,0,0.0,2.3026,3.720563,1,0
17.8736,0.4069,0.0662,3,0.4388,370.51,107.25,3683.99,0,0.0,2.8023,14.845648,2,0
0.0,0.0283,0.0772,3,0.4756,314.87,272.88,4081.78,0,0.0,2.2071,2.040414,0,0
8.2224,0.1882,0.0574,3,0.3212,333.95,273.95,543.63,1,0.0526,2.7078,0.564952,2,0
11.9595,0.3522,0.163,6,0.4101,210.55,74.39,3344.58,0,0.0,1.3539,10.700599,3,0
20.5488,0.3171,0.0408,4,0.6581,141.28,190.29,4531.17,0,0.0,3.0247,13.65129,2,0
25.0052,0.4841,0.0437,4,0.4101,166.62,146.29,2743.97,1,0.0744,2.7911,8.0895,3,0
41.5964,0.6258,0.079,7,0.4277,400.96,80.01,509.48,1,0.0985,2.3563,11.627842,4,0
1000.0,22.3117,0.7437,1,0.9752,137.34,18.72,271.97,202,0.9408,0.1239,0.014154,310,1
64.3623,1.0944,0.0273,6,0.1254,282.11,70.25,1575.75,0,0.0,2.1962,3.569132,2,0
821.8863,13.7404,0.1454,1,0.8758,86.77,9.83,5366.68,0,0.0,0.5412,0.035342,19,1
464.1174,7.6297,0.7696,2,0.9689,113.57,47.37,281.31,92,0.8107,0.0,0.012978,282,1
16.3572,0.2024,0.0863,5,0.3308,161.16,88.44,2002.68,1,0.1601,2.1071,10.169402,1,0
9.6179,0.1728,0.083,7,0.1,198.75,286.25,4650.65,0,0.0,4.0023,3.513284,4,0
262.2271,4.3104,0.3,2,0.9455,193.83,59.53,255.3,323,0.8527,0.1772,0.002185,75,1
4.7277,0.0426,0.149,7,0.2802,116.28,220.01,4872.65,1,0.2184,1.9029,8.499174,2,0
4.0094,0.1947,0.1021,3,0.1422,217.55,212.27,974.83,0,0.0,3.3271,7.223454,1,0
420.8501,7.2492,0.5303,1,0.8876,88.07,15.71,69.36,83,0.8554,0.0,0.014605,59,1
1.9526,0.0327,0.1428,3,0.4534,117.02,215.62,3550.68,1,0.0419,1.9075,10.532606,1,0
31.7745,0.2175,0.1,3,0.4,239.06,72.08,1017.21,10,0.7373,1.3743,0.399738,3,1
1000.0,30.0,0.2506,1,0.8936,80.23,5.59,2498.67,0,0.0,0.9974,0.026371,82,1
389.7139,6.405,0.6479,1,0.9011,109.74,35.61,262.13,197,0.7239,0.219,0.000323,150,1
23.1042,0.3588,0.1499,3,0.1936,230.8,136.29,688.06,0,0.0,2.4773,12.688365,7,0
42.5935,0.7207,0.1287,4,0.349,115.03,107.55,1374.15,0,0.0,2.8917,12.365614,9,0
481.9313,7.8504,0.7502,1,0.8489,162.6,18.78,265.35,189,0.7984,0.185,0.008634,112,1
6.1374,0.182,0.0994,4,0.6236,176.24,216.86,3336.67,0,0.0,2.3438,11.201089,3,0
4.0748,0.1063,0.06,6,0.1,214.49,173.31,1089.12,1,0.0626,2.0199,4.313489,0,0
1000.0,30.0,0.1363,1,0.8595,125.91,13.72,6078.18,0,0.0,1.0067,0.035316,108,1
34.6572,0.4879,0.0316,3,0.123,151.21,30.01,3887.72,0,0.0,2.2178,13.270212,0,0
1000.0,30.0,0.3,1,0.9031,42.06,8.17,2372.3,0,0.0,0.5521,0.049357,124,1
16.3539,0.2534,0.0962,5,0.3817,164.7,70.34,1518.76,0,0.0,1.6792,1.579827,1,0
974.9412,16.1988,0.0738,2,0.7274,37.03,18.56,2044.3,0,0.0,1.0937,0.015381,22,1
8.1014,0.057,0.2301,7,0.4567,109.25,282.25,4552.53,0,0.0,2.8308,4.820649,7,0
16.7673,0.272,0.0165,6,0.4776,302.22,257.23,4269.74,0,0.0,2.9755,4.875853,1,0
732.9706,12.216,0.05,2,0.9351,121.68,26.33,5328.97,0,0.0,0.8305,0.032734,16,1
7.8666,0.1244,0.0573,3,0.1797,335.95,88.75,1478.54,0,0.0,2.2884,14.65862,0,0
35.0028,0.6343,0.1764,4,0.1158,326.08,87.25,929.91,1,0.1108,2.9182,3.642727,8,0
10.7381,0.3461,0.0379,5,0.2308,181.01,198.15,2148.51,0,0.0,2.976,8.510536,1,0
569.5466,9.4994,0.6165,1,0.8,56.75,16.08,205.06,344,0.8036,0.3187,0.019462,93,1
303.9031,4.9782,0.8359,1,0.861,61.71,32.06,155.97,121,0.8192,0.3499,0.009688,135,1
21.2453,0.3818,0.0806,3,0.6771,342.79,177.01,961.32,0,0.0,2.681,5.854571,4,0
18.2004,0.2792,0.0741,7,0.1,176.44,210.68,725.8,0,0.0,3.5383,11.96179,4,0
15.0155,0.228,0.1755,7,0.1025,291.26,91.39,1873.18,0,0.0,3.443,11.911818,4,0
282.6876,4.5981,0.3639,2,0.8,110.57,41.86,78.42,364,0.9103,0.4643,0.005985,70,1
1000.0,30.0,0.7146,1,0.8653,119.43,10.32,64.61,241,0.7524,0.1814,0.009957,278,1
8.1345,0.2048,0.0482,4,0.168,343.47,254.99,647.66,0,0.0,2.834,11.370563,1,0
366.8355,6.2913,0.6179,2,0.9133,134.51,53.69,280.92,334,0.6083,0.1007,0.005949,202,1
490.6909,8.1217,0.8181,2,0.9358,54.81,52.7,135.07,172,0.8896,0.4497,0.009214,352,1
1000.0,21.2921,0.1554,3,0.7572,138.0,15.7,2704.98,0,0.0,0.2312,0.035691,51,1
332.026,5.5565,0.7344,1,0.8,193.5,20.82,91.06,169,0.8552,0.1886,0.006651,83,1
47.7124,0.8172,0.1969,5,0.2278,276.9,80.64,3306.04,0,0.0,2.3993,5.892386,12,0
19.9583,0.2832,0.0876,4,0.3626,347.58,106.84,4555.65,0,0.0,2.3002,13.042494,2,0
8.5332,0.1835,0.053,3,0.226,241.58,267.28,2702.16,1,0.0863,3.2594,9.395958,1,0
31.9616,0.4937,0.0498,6,0.3496,366.84,72.33,2936.01,0,0.0,1.9445,13.369665,1,0
1000.0,30.0,0.7291,1,0.9943,174.7,10.0,59.41,69,0.7322,0.0846,0.011404,331,1
39.7136,0.6233,0.0474,5,0.2466,364.95,43.07,4082.38,0,0.0,2.3105,5.958756,1,0
493.2032,8.3944,0.5423,1,0.9654,129.5,34.79,93.81,303,0.8562,0.4825,0.004109,157,1
13.1536,0.2294,0.0202,6,0.1994,168.95,117.37,1972.36,0,0.0,2.2277,12.261766,0,0
6.7752,0.168,0.1562,3,0.4901,340.51,246.16,2027.53,1,0.0103,2.2744,9.831877,3,0
14.3271,0.2662,0.1125,7,0.3331,375.76,206.69,2366.82,0,0.0,1.3229,2.799671,4,0
44.6012,0.6279,0.1659,4,0.3296,162.16,65.37,3082.89,1,0.0901,2.4793,11.594046,8,0
76.0648,1.3176,0.1694,7,0.1562,204.12,62.42,610.99,0,0.0,2.1565,14.267652,13,0
7.6857,0.1373,0.1894,4,0.3232,236.8,80.56,1158.85,0,0.0,2.5207,1.961967,2,0
20.4817,0.2719,0.0393,5,0.1891,398.4,209.61,4059.6,0,0.0,3.7651,10.211101,2,0
484.773,8.1444,0.4553,2,0.9804,85.06,57.42,205.44,181,0.8076,0.3038,0.008259,213,1
1000.0,30.0,0.5729,1,0.8,125.78,15.25,238.69,245,0.9554,0.3062,0.014082,273,1
18.8581,0.3918,0.1069,7,0.2768,325.42,257.21,541.22,0,0.0,3.6409,6.754551,8,0
242.8143,4.1001,0.8607,1,0.9828,59.66,33.99,133.68,116,0.9525,0.0765,0.014806,117,1
26.9683,0.3271,0.1833,6,0.1,336.46,71.4,2786.54,1,0.1496,3.4176,4.091067,5,0
24.0294,0.4162,0.0286,5,0.2798,370.24,115.17,2422.34,0,0.0,3.0587,10.408853,1,0
11.7683,0.2514,0.1002,7,0.3542,154.65,257.45,1465.56,0,0.0,3.366,4.039648,3,0
26.8963,0.4504,0.0109,3,0.402,114.31,163.03,2143.48,0,0.0,2.2387,8.485616,0,0
13.0443,0.2998,0.043,5,0.2618,200.25,282.48,1239.03,1,0.0829,3.3206,3.695452,2,0
1000.0,26.1184,0.5182,1,0.8,157.71,10.04,170.32,150,0.6331,0.4107,0.010805,135,1
1000.0,17.8499,0.4375,1,0.9666,135.13,20.98,206.22,203,0.8086,0.14,0.018587,164,1
7.4017,0.2043,0.1841,4,0.2703,308.72,277.26,4729.7,0,0.0,2.7488,9.020304,5,0
8.1516,0.1844,0.0103,5,0.179,167.97,236.28,3315.5,1,0.0422,3.6864,2.999744,0,0
434.0088,7.2927,0.868,1,0.9998,113.59,31.1,119.26,196,0.7711,0.2286,0.017639,197,1
392.7344,6.6345,0.456,1,0.9813,75.96,53.13,280.4,240,0.7368,0.0698,0.019644,159,1
1000.0,30.0,0.753,1,0.9736,55.99,12.91,174.17,268,0.832,0.2858,0.018843,335,1
30.3376,0.5064,0.2002,4,0.2481,175.31,99.17,543.53,0,0.0,1.7412,12.801184,10,0
23.4159,0.4738,0.0918,3,0.2741,146.22,130.66,1839.74,0,0.0,1.9889,1.557918,5,0
847.366,14.2104,0.1644,2,0.8312,95.32,25.08,3296.54,0,0.0,0.6783,0.048722,58,1
6.2064,0.0883,0.1107,4,0.1707,218.38,277.0,4335.58,1,0.2172,2.2088,0.913518,3,0
1000.0,30.0,0.1442,3,0.8633,48.03,11.0,5182.95,0,0.0,0.9378,0.027689,88,1
35.7143,0.6341,0.0171,7,0.4878,290.86,114.92,2907.76,1,0.0212,1.6338,13.200578,1,0
959.5536,15.9458,0.5776,1,0.9569,104.08,14.93,197.08,131,0.7226,0.2731,0.015258,138,1
22.1812,0.3012,0.1055,3,0.4158,227.48,183.61,4344.8,1,0.0447,2.6842,8.235463,7,0
38.3783,0.5841,0.2625,4,0.2696,98.78,109.77,2256.24,1,0.0171,2.7413,2.682201,17,0
10.6594,0.1956,0.2347,5,0.4363,280.48,121.42,1970.75,1,0.0427,2.9595,4.315553,4,0
11.9881,0.2224,0.02,6,0.1119,167.14,65.05,2294.7,1,0.0489,1.5374,3.184625,0,0
111.0992,1.7652,0.7556,1,0.8902,148.84,44.94,57.19,200,0.8533,0.3867,0.010585,62,1
31.3057,0.583,0.0799,5,0.1,277.0,132.81,4643.63,0,0.0,2.057,5.868328,5,0
16.6154,0.2769,0.0817,5,0.1263,145.28,270.17,2675.02,0,0.0,1.9729,13.216195,5,0
1000.0,30.0,0.4677,1,0.9907,200.79,7.49,299.58,166,0.9083,0.1435,0.006447,191,1
1000.0,17.4064,0.0776,1,0.9184,105.3,20.37,7778.84,0,0.0,1.14,0.005606,27,1
1000.0,28.0523,0.1131,1,0.7378,95.32,16.76,3467.16,0,0.0,0.5212,0.009812,53,1
1000.0,26.178,0.3,1,0.8,144.94,10.99,289.57,343,0.8637,0.1557,0.009456,86,1
188.7917,3.1655,0.8782,2,0.9811,92.75,52.61,131.45,78,0.8057,0.4072,0.001579,147,1
23.6715,0.4939,0.0898,3,0.1,242.47,170.62,1334.13,1,0.0439,2.1741,5.993316,6,0
4.9278,0.0583,0.3579,3,0.4,257.54,130.9,2154.36,10,0.4141,0.9795,0.594025,7,1
665.2087,10.885,0.9448,2,0.9465,132.09,27.07,289.21,386,0.8937,0.265,0.001886,281,1
1000.0,30.0,0.9766,1,0.8739,103.48,5.34,274.12,393,0.8943,0.2882,0.016517,380,1
27.7376,0.4387,0.2397,4,0.1,117.4,93.28,866.53,0,0.0,2.6456,3.922397,10,0
657.6181,11.0396,0.8277,1,0.8,62.08,41.23,133.53,225,0.8184,0.29,0.009376,374,1
13.6707,0.2156,0.0675,6,0.4758,188.36,261.88,1028.98,0,0.0,1.4478,10.921724,3,0
55.5751,0.9566,0.0476,6,0.1,406.61,30.97,502.83,0,0.0,3.6779,12.262225,1,0
4.9222,0.112,0.026,4,0.2402,119.3,230.01,4309.0,0,0.0,1.7415,13.259384,0,0
1000.0,17.1104,0.7526,1,0.8989,96.12,22.86,115.82,99,0.7358,0.4275,0.016343,293,1
895.6062,15.2627,0.7658,2,0.8,72.51,20.45,118.23,246,0.8356,0.0845,0.016637,236,1
505.7474,8.4326,0.0645,2,0.7,80.65,17.2,5879.47,0,0.0,0.1703,0.005246,9,1
875.5934,14.7835,0.2386,2,0.7881,99.79,25.8,5918.65,0,0.0,0.1463,0.036063,89,1
1.1386,0.005,0.1001,5,0.2993,275.96,88.08,4506.94,0,0.0,1.9506,1.849273,0,0
13.8042,0.2185,0.0717,6,0.5379,242.67,167.55,4493.73,0,0.0,2.5342,5.818716,2,0
0.0,0.0245,0.0935,6,0.3134,374.04,265.72,957.13,1,0.2829,1.3048,6.642121,0,0
14.2436,0.1398,0.1243,5,0.1563,72.27,278.62,759.78,0,0.0,1.8372,14.853298,7,0
20.9414,0.4046,0.0232,6,0.1345,399.27,221.5,2719.33,0,0.0,3.2446,7.717809,1,0
24.9456,0.4127,0.0691,4,0.2746,199.97,125.2,2922.43,1,0.1042,3.3422,9.343381,3,0
33.5046,0.5918,0.0147,3,0.4563,204.86,133.19,1750.75,0,0.0,3.5721,4.779523,1,0
7.797,0.1038,0.3252,1,0.4,267.91,160.21,1055.16,1,0.75,0.6296,0.734331,4,1
2.6819,0.0915,0.0374,7,0.4809,347.89,177.05,952.09,1,0.0662,1.5873,6.080907,0,0
424.3165,6.914,0.6244,1,0.931,143.44,51.12,199.76,303,0.8762,0.2408,0.006596,226,1
5.0014,0.1021,0.4663,2,0.532,264.59,171.56,1995.85,0,0.0,1.094,0.571368,13,1
8.6989,0.1198,0.1393,7,0.5167,194.3,110.51,3648.04,0,0.0,2.4213,8.417114,2,0
4.9097,0.0622,0.0255,7,0.1943,365.57,262.94,4480.47,1,0.0436,3.6466,5.69549,0,0
1000.0,22.7653,0.7746,2,0.9772,150.13,20.37,281.05,99,0.9091,0.0,0.013103,357,1
28.9032,0.5258,0.0124,6,0.424,364.53,67.32,2201.88,0,0.0,2.9949,5.202548,0,0
2.6392,0.0298,0.1084,5,0.4336,227.97,237.3,1816.95,0,0.0,1.7826,10.528829,1,0
1.7115,0.0102,0.1484,4,0.43,341.45,206.5,4748.67,1,0.0003,2.1112,1.078931,1,0
8.1794,0.1221,0.0186,4,0.1327,215.22,234.25,1992.39,1,0.0234,3.3761,11.537978,0,0
726.5658,12.2501,0.3,1,0.7475,82.68,20.51,4507.69,0,0.0,0.3097,0.012277,74,1
540.6054,9.0877,0.5148,1,0.9399,123.22,43.55,137.34,290,0.9715,0.1554,0.004613,204,1
9.2751,0.0846,0.0737,6,0.3624,157.18,226.22,1935.17,0,0.0,3.1041,0.690271,1,0
31.939,0.5126,0.0312,7,0.456,250.48,138.97,4645.53,0,0.0,2.7206,7.32716,2,0
70.7574,1.1515,0.1656,5,0.3343,80.73,36.48,3431.3,0,0.0,2.2287,13.660649,6,0
15.5091,0.1354,0.0378,6,0.1567,166.22,152.96,3326.14,1,0.0438,2.99,10.20439,1,0
3.9183,0.0946,0.0551,3,0.1345,128.8,205.11,813.7,1,0.0326,3.3104,10.762685,0,0
1000.0,30.0,0.1311,1,0.9673,58.71,6.27,2561.52,0,0.0,1.094,0.001732,74,1
15.1188,0.2126,0.0686,3,0.1351,262.24,188.53,3474.7,1,0.083,2.5929,6.680527,2,0
8.283,0.0806,0.0254,4,0.1094,303.97,275.65,4632.84,0,0.0,3.3817,14.010683,0,0
18.8237,0.344,0.0218,3,0.5327,348.69,210.99,3847.01,0,0.0,2.4132,6.695938,1,0
218.3173,3.7469,0.7694,1,0.998,179.89,56.22,277.61,54,0.7992,0.2023,0.011769,160,1
26.5594,0.3658,0.0126,6,0.1,328.85,191.9,4274.4,1,0.0323,2.246,6.131559,0,0
339.8785,5.8413,0.2519,1,0.8941,113.91,27.95,5765.55,0,0.0,0.268,0.014648,40,1
50.5119,0.8437,0.026,6,0.2732,140.83,53.1,2664.39,0,0.0,2.1002,7.95901,1,0
1000.0,30.0,0.1911,2,0.9604,60.24,7.38,3528.75,0,0.0,0.5955,0.027681,141,1
14.4421,0.2582,0.0648,3,0.1992,368.62,58.5,4055.16,1,0.2654,2.6594,10.498741,0,0
8.5268,0.0522,0.0683,7,0.1,148.28,283.1,519.54,0,0.0,2.288,2.301214,2,0
8.4908,0.0893,0.1314,5,0.3287,335.19,289.13,3099.02,2,0.038,1.765,1.895855,6,0
24.6113,0.3546,0.13,7,0.5163,193.08,50.26,4771.27,2,0.1426,2.3154,9.699564,2,0
31.2106,0.5425,0.0135,6,0.4757,359.79,132.65,2804.76,0,0.0,2.3677,10.503492,0,0
17.8513,0.3839,0.0063,7,0.2035,267.61,85.0,2032.59,0,0.0,2.6117,7.72288,0,0
1000.0,30.0,0.3,1,0.9762,127.77,20.47,7737.85,0,0.0,0.9171,0.017577,195,1
19.7827,0.3204,0.2259,5,0.1762,169.99,112.38,4903.6,0,0.0,3.5234,10.308516,7,0
4.4325,0.0452,0.1111,3,0.2503,233.03,240.28,4931.0,1,0.1318,1.7875,10.453732,2,0
1000.0,20.5149,0.2233,1,0.9542,90.15,6.37,1270.55,0,0.0,0.9059,0.019151,28,1
454.7401,7.648,0.7557,2,0.9959,125.13,58.19,184.36,336,0.8256,0.3136,0.0072,332,1
1000.0,30.0,0.4818,1,0.9547,146.1,5.06,59.95,294,0.6603,0.0192,0.008099,204,1
24.5035,0.3789,0.1236,6,0.6521,304.01,187.49,672.8,0,0.0,3.7857,6.60068,8,0
99.5575,1.6025,0.0255,5,0.1,180.98,44.24,4903.74,0,0.0,2.3195,2.673837,1,0
937.9324,15.5397,0.6949,2,0.9993,91.39,15.78,243.09,239,0.901,0.1252,0.00542,170,1
9.591,0.2735,0.0532,5,0.1,362.2,220.26,3474.14,2,0.2458,2.6489,11.757551,2,0
548.0688,9.3421,0.1822,1,0.9152,84.44,27.96,5108.11,0,0.0,0.8203,0.045132,46,1
22.5319,0.2932,0.1101,7,0.2295,214.82,228.83,1640.07,1,0.3218,1.8876,1.529901,8,0
2.6605,0.0,0.0128,4,0.3729,402.17,183.49,4362.31,0,0.0,3.2911,5.465365,0,0
6.669,0.1433,0.0218,6,0.2452,197.93,206.03,1693.41,0,0.0,3.7367,6.199917,0,0
69.4804,1.0706,0.1996,3,0.1,125.14,61.2,912.89,1,0.2158,1.6419,10.431401,13,0
38.2125,0.5992,0.19,3,0.1705,391.93,64.76,4653.71,0,0.0,2.585,13.147877,8,0
9.2896,0.1924,0.309,6,0.3332,320.56,236.59,1639.4,1,0.1546,2.9093,7.096875,12,0
1000.0,26.0712,0.5092,1,0.8966,192.15,14.08,83.85,64,0.9611,0.261,0.019286,187,1
1.5246,0.0373,0.0268,3,0.1987,366.39,114.06,2471.33,1,0.2854,2.2511,4.585605,0,0
23.7271,0.4789,0.1101,5,0.2752,126.06,94.82,3072.94,0,0.0,2.9565,9.022954,4,0
26.8287,0.4874,0.1772,6,0.3428,324.78,142.55,1865.01,1,0.2026,1.7321,9.948093,11,0
1000.0,30.0,0.5407,1,0.8615,84.83,13.81,87.87,88,0.8071,0.5467,0.007143,236,1
8.9092,0.2135,0.2624,6,0.1237,287.9,137.95,2377.64,1,0.0691,3.1819,8.060829,5,0
712.2001,11.7406,0.7483,1,0.9357,118.69,36.11,147.01,174,0.8113,0.453,0.012925,318,1
168.6231,2.7705,0.6064,1,0.9693,75.66,55.43,212.13,345,0.5543,0.0,0.019066,95,1
13.105,0.2709,0.054,6,0.1271,204.72,270.0,1784.03,2,0.1612,3.387,5.356874,4,0
44.5458,0.7122,0.0249,4,0.3188,263.53,43.95,4646.29,1,0.0314,2.7575,7.966737,0,0
6.3129,0.1213,0.1349,4,0.1822,198.12,265.11,1407.87,0,0.0,2.924,12.562559,3,0
375.7169,6.1976,0.6775,1,0.8,98.17,58.74,213.06,384,0.6708,0.2994,0.014951,245,1
177.5199,2.8706,0.7352,2,0.9276,98.61,53.66,190.9,232,0.7436,0.47,0.004864,115,1
24.2211,0.2987,0.0941,6,0.174,186.32,79.87,622.1,2,0.2116,3.3036,9.272857,2,0
16.321,0.2017,0.0804,5,0.2897,132.79,189.05,3915.91,1,0.2618,2.1392,5.765362,3,0
610.336,10.2496,0.1497,2,0.8536,113.77,26.75,1298.54,0,0.0,0.6444,0.004286,40,1
20.8628,0.2617,0.3026,6,0.1273,217.44,65.8,3845.95,0,0.0,1.7411,2.976024,6,0
14.7919,0.2303,0.2194,5,0.1803,140.6,276.7,2266.41,1,0.0278,2.7544,2.052563,15,0
18.4711,0.2449,0.0719,5,0.4943,336.49,202.99,2344.95,0,0.0,3.7696,13.140872,4,0
73.444,1.2423,0.1489,5,0.3868,133.39,57.05,2967.2,1,0.0223,1.7963,9.230443,10,0
8.6659,0.1851,0.0619,6,0.5015,91.23,239.34,1100.22,1,0.1275,1.8896,10.905861,2,0
30.693,0.4961,0.0348,6,0.7312,318.63,87.55,3028.52,1,0.1594,1.8857,9.21899,1,0
664.6517,11.1481,0.1416,1,0.8218,55.39,21.24,5035.68,0,0.0,0.6726,0.02833,33,1
1000.0,25.9312,0.1431,2,0.9303,68.28,23.79,4823.7,0,0.0,0.4426,0.004467,88,1
58.5881,0.935,0.0265,5,0.3487,422.82,53.74,1934.26,1,0.0431,2.119,9.57956,1,0
1000.0,20.841,0.2183,1,0.7268,134.89,17.54,4555.97,0,0.0,0.4928,0.017152,79,1
325.4933,5.5615,0.5369,2,0.9143,138.34,54.06,64.09,85,0.6722,0.5021,0.005149,161,1
248.8599,4.0602,0.5274,1,0.9291,130.1,37.61,255.46,219,0.8342,0.1313,0.016133,80,1
6.3113,0.1956,0.0415,4,0.3679,200.37,275.38,710.56,0,0.0,1.6914,13.313649,1,0
328.9582,5.2058,0.944,1,0.854,131.65,33.0,284.87,305,0.9024,0.2577,0.000192,168,1
8.9222,0.2115,0.0152,6,0.2423,251.84,231.41,1787.92,1,0.0886,2.8129,12.912046,0,0
1000.0,30.0,0.2064,2,0.7636,95.31,7.38,4449.02,0,0.0,1.0175,0.00657,88,1
1000.0,19.139,0.3,1,0.8226,140.34,26.07,2468.07,0,0.0,1.0104,0.041824,150,1
947.0637,15.8716,0.6209,1,0.9199,175.27,24.93,91.66,298,0.6957,0.5432,0.01935,245,1
16.9225,0.2516,0.0729,6,0.2092,286.96,162.19,2655.55,1,0.2892,3.1264,2.485297,3,0
808.3928,13.5688,0.182,3,0.9525,126.87,19.4,7578.05,0,0.0,0.9639,0.022229,47,1
55.7387,0.9284,0.1401,4,0.26,212.78,41.92,3133.41,1,0.0202,2.0588,4.12146,5,0
1000.0,30.0,0.2256,1,0.7805,68.56,4.15,5456.9,0,0.0,0.7762,0.038628,81,1
103.7835,1.7394,0.2724,5,0.2544,396.43,39.57,861.39,0,0.0,3.4875,11.216299,18,0
37.3144,0.6309,0.1677,3,0.2943,72.0,95.35,2565.23,1,0.1451,1.7037,14.296615,9,0
28.7655,0.5311,0.0956,7,0.1079,399.35,86.68,2976.72,1,0.0888,3.0131,8.943809,3,0
13.62,0.3625,0.0458,7,0.3847,179.5,149.9,2438.34,1,0.0801,1.6293,6.068218,1,0
1000.0,30.0,0.1958,2,0.7674,109.82,14.95,6662.49,0,0.0,0.289,0.007326,96,1
23.4698,0.3892,0.2016,4,0.3475,169.63,183.38,3248.8,1,0.0689,2.5301,8.099797,13,0
58.0516,0.9853,0.2169,5,0.2401,303.91,51.81,3630.39,1,0.1406,2.5806,13.29993,11,0
15.8634,0.329,0.0541,6,0.2023,396.0,246.33,783.65,1,0.1684,3.2396,4.675097,3,0
312.413,5.384,0.6743,1,0.9577,100.54,22.06,123.14,130,0.9288,0.151,0.019772,77,1
38.4019,0.6552,0.0238,6,0.4004,175.78,105.27,4564.86,0,0.0,3.3351,11.802562,1,0
785.138,12.987,0.7318,2,0.9727,106.67,32.49,142.19,341,0.8097,0.3493,0.0092,310,1
6.0742,0.1525,0.0578,4,0.3511,292.68,283.64,4668.08,1,0.0272,3.2005,8.659638,2,0
9.7318,0.152,0.0169,4,0.469,314.43,286.77,945.85,1,0.0529,1.9354,9.768696,1,0
92.8894,1.5351,0.0786,6,0.1,373.26,34.21,4309.34,0,0.0,3.2836,3.576588,4,0
19.6189,0.3315,0.1189,5,0.4115,157.37,80.81,3764.35,0,0.0,3.5123,3.298717,3,0
817.9825,13.5005,0.5176,2,0.9481,187.97,23.7,171.41,341,0.7965,0.4067,0.004223,168,1
642.3831,10.6581,0.2505,1,0.7,130.42,12.71,5489.72,0,0.0,0.4461,0.033823,34,1
1000.0,30.0,0.0949,2,0.7408,113.48,6.49,6273.37,0,0.0,0.0,0.034691,74,1
1000.0,30.0,0.3,1,0.7,142.41,8.69,1517.54,0,0.0,0.1101,0.003252,114,1
608.6785,10.139,0.3,1,0.8065,98.03,21.2,7614.6,0,0.0,0.2555,0.010894,64,1
1000.0,30.0,0.299,1,0.7,100.34,11.56,2340.01,0,0.0,0.653,0.026482,188,1
1000.0,30.0,0.5363,1,0.8943,135.88,10.79,130.97,164,0.8146,0.189,0.014199,223,1
98.4958,1.769,0.2192,7,0.2151,104.46,42.3,3568.02,1,0.1701,2.1912,1.402534,15,0
482.9835,8.1976,0.3,2,0.7975,144.92,19.9,2019.02,0,0.0,1.0267,0.034422,48,1
32.1923,0.5443,0.0285,5,0.1,324.13,87.78,4421.14,0,0.0,2.3977,3.031292,1,0
17.845,0.2839,0.0392,7,0.2444,347.14,125.23,4259.11,0,0.0,3.6913,12.433261,1,0
5.3598,0.1245,0.1164,6,0.1619,249.48,204.49,2465.71,2,0.0901,1.9668,4.463133,1,0
1000.0,23.9517,0.1044,3,0.8467,123.28,23.77,6773.42,0,0.0,0.0849,0.018318,60,1
657.8829,10.9991,0.8403,1,0.9163,136.17,44.65,182.03,260,0.9243,0.5045,0.015769,410,1
9.4037,0.1481,0.1259,4,0.4862,77.22,271.65,4203.21,0,0.0,2.1463,3.231421,5,0
13.2878,0.1773,0.0259,4,0.2752,131.33,232.02,3997.1,0,0.0,3.165,7.944332,1,0
17.6396,0.2161,0.0304,4,0.6136,157.97,217.0,4271.78,2,0.0409,2.985,14.94307,1,0
1000.0,30.0,0.742,1,0.9096,99.7,8.34,58.66,107,0.7269,0.5072,0.019294,302,1
84.8832,1.456,0.0741,3,0.1591,286.42,31.01,860.15,0,0.0,3.2615,8.165945,3,0
25.6157,0.4057,0.1222,6,0.1668,240.67,58.47,4085.17,0,0.0,2.8534,4.364234,3,0
21.7785,0.3757,0.0366,3,0.1151,126.77,201.73,3629.33,0,0.0,2.4745,2.255679,2,0
21.8114,0.3375,0.1527,3,0.7268,221.82,76.71,1520.37,0,0.0,1.4342,0.216114,4,1
9.7695,0.2243,0.1049,4,0.6051,176.62,221.46,4192.47,0,0.0,3.3117,10.987313,4,0
2.9677,0.0411,0.4124,3,0.1482,207.93,243.93,792.14,0,0.0,2.7241,13.049989,7,0
629.8515,10.5846,0.3,1,0.8,98.04,35.59,138.65,219,0.9721,0.4855,0.015208,111,1
12.0664,0.2336,0.0954,6,0.3175,86.99,295.1,4117.09,1,0.2296,2.8779,14.331603,5,0
1000.0,21.3962,0.1958,2,0.941,23.86,14.03,1744.07,0,0.0,0.9182,0.035832,58,1
8.2111,0.2714,0.1283,5,0.11,240.01,262.5,1858.92,0,0.0,2.0373,14.710179,6,0
19.29,0.4797,0.145,3,0.2059,296.2,160.83,4226.61,0,0.0,2.619,5.833336,8,0
5.1987,0.1263,0.13,4,0.2899,233.51,141.78,4015.66,0,0.0,3.4279,3.995135,1,0
87.3439,1.3599,0.0958,6,0.3656,352.16,53.44,770.96,0,0.0,2.3402,1.573599,7,0
0.8546,0.0114,0.2044,3,0.1,297.61,228.32,2287.16,0,0.0,3.4643,10.390114,2,0
12.5442,0.1468,0.0594,6,0.4486,252.01,208.13,3872.48,0,0.0,1.6375,3.590602,1,0
98.3923,1.5154,0.8568,1,0.8606,120.88,58.42,143.99,328,0.946,0.3837,0.001093,70,1
159.0928,2.8159,0.3,2,0.9456,147.99,38.45,211.81,120,0.8608,0.0679,0.013331,31,1
11.4289,0.197,0.0216,4,0.6311,82.91,183.24,2621.35,0,0.0,1.7621,7.240864,0,0
20.723,0.3953,0.0611,6,0.1363,272.55,103.78,3251.01,1,0.0424,3.2237,3.669966,2,0
717.5902,12.0121,0.8328,1,0.9671,203.58,28.27,69.63,256,0.8265,0.2535,0.014909,280,1
16.5145,0.2109,0.1328,5,0.3102,227.03,166.57,4544.18,0,0.0,2.0797,8.494394,6,0
13.7822,0.2108,0.1886,7,0.3156,392.21,296.31,4563.09,1,0.1969,1.967,2.446365,11,0
1000.0,30.0,0.6602,2,0.9491,81.95,5.85,156.36,177,0.9638,0.3216,0.007805,308,1
27.2309,0.3861,0.0498,6,0.1,271.65,65.51,3116.58,0,0.0,1.5474,9.852857,1,0
27.8093,0.5295,0.0609,3,0.5307,46.97,165.63,4049.63,0,0.0,1.8935,7.731803,4,0
35.6746,0.5299,0.0321,7,0.1,354.97,129.62,2687.43,1,0.0566,2.9867,5.656444,2,0
18.6532,0.3585,0.2311,5,0.4661,381.14,82.16,4962.27,1,0.0428,2.0277,9.795775,6,0
95.9688,1.6467,0.0335,6,0.4599,223.12,35.29,1664.43,0,0.0,3.1123,6.591494,1,0
1000.0,30.0,0.8982,1,0.9926,192.62,8.56,119.98,228,0.8256,0.2048,0.016272,238,1
12.4862,0.2016,0.3606,2,0.8523,326.79,131.06,1399.52,10,0.75,1.1786,0.699497,9,1
1.1444,0.2171,0.0213,3,0.162,267.97,220.95,1930.18,1,0.0302,2.8779,1.79833,0,0
1000.0,30.0,0.2471,2,0.853,99.91,4.78,6524.14,0,0.0,0.7564,0.008849,38,1
22.4213,0.2923,0.4561,2,0.4,217.44,107.44,617.48,1,0.5873,0.9655,0.53758,16,1
15.3744,0.3369,0.0632,4,0.3036,362.09,186.28,2781.77,0,0.0,1.8756,10.594264,3,0
1000.0,27.4737,0.3,3,0.9864,105.32,5.34,2036.58,0,0.0,0.2816,0.02272,44,1
8.8326,0.0766,0.0176,3,0.4149,67.01,80.67,4316.99,0,0.0,3.3596,5.648396,0,0
13.7974,0.2437,0.0304,3,0.4887,193.57,195.07,3570.02,2,0.0659,3.1789,1.050271,1,0
7.8385,0.1775,0.0262,5,0.3513,159.46,193.86,3042.78,0,0.0,1.6631,9.983904,0,0
47.9531,0.7533,0.0124,6,0.3148,91.06,88.35,3872.85,2,0.0292,3.2905,7.363429,0,0
11.1771,0.2016,0.2839,1,0.6656,143.36,185.44,1528.95,0,0.0,1.1202,0.354423,10,1
7.911,0.2668,0.1,3,0.6333,276.89,65.4,2381.12,10,0.7256,0.4015,0.110205,2,1
10.5937,0.2555,0.0672,6,0.1304,267.53,97.1,4148.24,0,0.0,2.1377,4.561945,1,0
814.3302,13.6757,0.5358,1,0.8468,153.36,7.87,52.93,367,0.9487,0.028,0.016143,57,1
263.2584,4.3967,0.4269,1,0.9843,182.99,58.04,211.98,251,0.9782,0.4534,0.001603,111,1
19.7552,0.2995,0.0799,3,0.5671,277.81,88.87,2731.09,0,0.0,1.7515,11.831116,2,0
487.1588,8.3496,0.6475,1,0.9616,189.49,34.58,273.49,120,0.9823,0.1662,0.018784,184,1
10.7062,0.132,0.0421,7,0.1,214.78,188.09,2857.88,0,0.0,1.4414,2.715684,1,0
1000.0,30.0,0.3,3,0.9582,112.35,4.97,7085.01,0,0.0,0.9685,0.027199,106,1
19.0042,0.3637,0.1524,4,0.3179,136.22,220.42,4666.94,1,0.0261,3.4174,10.063023,11,0
19.3194,0.394,0.1244,6,0.2969,357.65,228.26,4507.89,0,0.0,3.2054,13.421073,8,0
335.1287,5.5622,0.1111,1,0.8512,134.5,19.56,1063.7,0,0.0,0.6139,0.02293,12,1
1000.0,18.5642,0.3425,1,0.8,96.22,25.53,65.75,324,0.7074,0.3963,0.000892,163,1
216.6853,3.7066,0.3,1,0.8785,54.49,52.13,183.5,301,0.9589,0.2199,0.001346,56,1
1000.0,30.0,0.3,1,0.7,50.7,13.86,1997.46,0,0.0,0.5674,0.011538,236,1
402.436,6.6662,0.5133,1,0.9246,112.39,35.88,104.78,117,0.7765,0.4529,0.008504,123,1
5.2817,0.0295,0.1713,5,0.1,109.72,236.21,1965.34,0,0.0,2.113,10.387754,3,0
3.9887,0.1711,0.067,7,0.1,335.98,261.4,4574.43,2,0.0223,1.9222,13.082577,0,0
275.5099,4.6011,0.7707,1,0.9271,64.57,20.14,168.23,140,0.8482,0.0,0.000177,70,1
7.3787,0.1314,0.0255,4,0.1977,190.86,121.46,2324.81,1,0.0924,1.8277,9.834215,0,0
52.8389,0.7239,0.1126,6,0.6414,283.59,81.1,4046.39,0,0.0,2.8845,3.132646,7,0
33.0869,0.5487,0.0448,5,0.304,76.55,122.45,4944.94,1,0.1735,1.4742,7.535456,3,0
29.6778,0.5392,0.0304,4,0.2545,328.75,128.27,4570.18,0,0.0,1.2191,12.822824,1,0
450.6278,7.4934,0.7328,2,0.9524,118.28,56.53,275.66,170,0.7891,0.0526,0.019669,312,1
3.1075,0.0,0.0475,6,0.1,300.14,282.17,4504.99,1,0.0376,1.7916,12.991385,0,0
12.3157,0.1033,0.0431,6,0.3667,339.22,266.05,1638.82,0,0.0,3.0449,13.817202,2,0
222.3828,3.6928,0.6658,1,0.9523,206.61,21.3,50.39,70,0.8075,0.1814,0.00316,53,1
6.3216,0.1609,0.1291,6,0.2296,144.1,130.24,2968.87,1,0.0735,3.213,14.579269,2,0
11.412,0.1932,0.0396,7,0.4849,198.64,107.58,1681.48,0,0.0,2.0273,11.296753,0,0
1000.0,30.0,0.3,1,0.9764,96.4,8.05,1215.98,0,0.0,0.4937,0.011294,146,1
5.9891,0.1591,0.1073,4,0.2829,174.3,251.06,2010.31,0,0.0,1.6307,10.541978,2,0
54.1301,0.7869,0.1072,7,0.1275,333.78,63.4,4615.51,0,0.0,2.5615,2.900521,5,0
326.2097,5.5384,0.7529,1,0.9196,83.3,58.0,57.29,135,0.5706,0.2208,0.014945,239,1
119.0807,1.9401,0.5866,1,0.9807,62.81,56.08,279.97,156,0.9378,0.0,0.008911,63,1
5.2262,0.0282,0.0631,5,0.2069,387.18,234.43,1439.0,0,0.0,1.6594,6.297951,0,0
52.4005,0.7269,0.0437,5,0.4361,186.4,83.79,586.97,0,0.0,2.3303,7.646536,3,0
21.575,0.3203,0.0849,3,0.181,390.37,201.19,2295.99,1,0.0354,2.8916,14.099361,5,0
374.7239,6.4054,0.3,1,0.8626,116.39,33.91,134.39,74,0.8817,0.156,0.019935,64,1
9.9835,0.2251,0.0949,7,0.253,188.93,33.53,3394.54,0,0.0,1.4632,7.413973,0,0
745.2183,12.438,0.3895,1,0.8,183.03,29.9,85.43,221,0.8408,0.195,0.014541,144,1
1000.0,17.6088,0.3,1,0.8529,42.15,26.53,3410.4,0,0.0,0.1018,0.039398,140,1
34.0174,0.5139,0.127,6,0.1925,242.8,116.63,2559.68,1,0.0947,1.9007,1.782549,7,0
10.2328,0.0,0.1858,3,0.6826,109.6,145.57,2417.49,10,0.2,1.3464,0.327395,3,1
23.394,0.4697,0.0675,4,0.1,310.53,107.3,4716.13,1,0.0402,1.6175,2.396078,2,0
18.0025,0.373,0.0338,3,0.3987,298.09,111.97,1822.62,0,0.0,2.1462,2.207578,1,0
10.75,0.1841,0.0932,5,0.3103,258.57,230.03,2541.29,0,0.0,3.0725,6.205116,3,0
21.5263,0.4072,0.2833,1,0.5241,336.17,77.74,2139.63,5,0.6428,0.7988,0.608297,10,1
1000.0,30.0,0.2482,2,0.8373,58.6,13.27,2080.02,0,0.0,0.7418,0.011549,173,1
1000.0,21.8371,0.1131,2,0.8704,47.9,17.78,5621.85,0,0.0,0.2136,0.034529,43,1
9.9033,0.2042,0.1167,7,0.2871,336.05,77.97,1192.89,1,0.0013,2.2182,9.534398,1,0
26.8888,0.4494,0.2466,1,0.5486,115.36,71.07,1984.98,5,0.4112,1.0848,0.374956,7,1
47.9554,0.894,0.1753,5,0.1551,366.86,91.86,2593.88,1,0.0515,2.5816,10.299894,13,0
1000.0,30.0,0.2141,2,0.9331,56.97,9.0,6657.03,0,0.0,0.4278,0.026409,168,1
771.7112,12.8035,0.3,3,0.8443,93.29,26.11,6939.33,0,0.0,0.556,0.03532,100,1
2.2922,0.0503,0.0569,3,0.4868,222.53,263.47,3352.91,1,0.1102,2.6728,8.747532,0,0
11.9906,0.0698,0.3111,1,0.5233,82.72,156.54,2634.93,0,0.0,0.7287,0.067403,3,1
14.2973,0.247,0.1392,7,0.2038,121.96,237.52,3783.11,0,0.0,1.8442,11.74398,7,0
17.7354,0.2417,0.1205,6,0.5072,418.66,146.17,4270.25,0,0.0,2.0117,13.399409,5,0
1000.0,17.494,0.4441,1,0.9819,123.41,28.43,249.36,79,0.8596,0.1256,0.003917,221,1
1000.0,30.0,0.151,1,0.878,79.55,11.33,4321.14,0,0.0,0.1579,0.021427,59,1
20.5377,0.4042,0.131,6,0.2932,197.24,66.72,1022.25,0,0.0,1.9875,13.194384,2,0
16.2868,0.2311,0.2899,5,0.1769,360.89,220.86,4228.48,1,0.0413,2.9511,5.299153,17,0
335.6412,5.712,0.5808,2,0.9443,88.54,23.43,52.7,270,0.9058,0.2658,0.014216,76,1
59.974,1.1145,0.0202,3,0.4241,233.23,77.54,3982.54,2,0.0344,2.8946,3.744702,1,0
28.3603,0.4072,0.1691,2,0.4,172.34,62.53,2715.11,5,0.5189,0.6319,0.058399,2,1
9.6344,0.1587,0.2048,6,0.2406,147.52,264.66,3640.96,1,0.044,2.5467,6.45258,9,0
4.7156,0.0,0.0387,7,0.3193,217.58,212.21,4415.97,0,0.0,3.4267,6.989744,0,0
1000.0,30.0,0.3,2,0.7,80.13,14.59,6085.11,0,0.0,0.8031,0.017189,231,1
0.5004,0.191,0.1178,6,0.3988,231.15,215.21,949.52,0,0.0,2.1448,4.59196,1,0
58.4409,0.921,0.007,6,0.1703,218.89,82.79,3261.47,0,0.0,2.0874,1.621122,0,0
15.797,0.2561,0.1096,3,0.1119,164.65,145.33,3959.23,1,0.0396,1.9569,10.225278,4,0
3.4246,0.0887,0.0355,6,0.3265,128.66,80.03,1932.98,0,0.0,2.3525,0.710236,0,0
11.6753,0.2883,0.106,3,0.1,299.49,290.68,4457.01,1,0.1529,1.791,6.350996,7,0
18.5335,0.1553,0.3245,3,0.5434,183.35,128.41,524.46,1,0.4569,1.3177,0.351785,8,1
1000.0,21.2377,0.1546,3,0.8746,132.31,14.43,1307.83,0,0.0,0.217,0.046207,47,1
1000.0,29.544,0.1964,2,0.8989,79.27,5.52,4587.03,0,0.0,0.4507,0.045903,31,1
16.0259,0.3185,0.1663,3,0.1989,232.86,209.59,734.84,1,0.0249,1.7092,4.979563,8,0
1000.0,30.0,0.233,1,0.8591,58.95,3.18,6635.35,0,0.0,0.9888,0.031401,119,1
522.8964,8.6433,0.7159,2,0.9993,194.17,29.8,165.89,306,0.6848,0.3671,0.008144,183,1
143.7636,2.4655,0.1701,5,0.2195,126.95,30.94,2782.06,0,0.0,2.9247,11.507497,12,0
20.2841,0.3672,0.0876,3,0.4899,220.92,179.82,4206.66,2,0.06,1.5968,7.572481,5,0
31.0485,0.4631,0.0612,7,0.1338,79.86,83.04,2307.19,0,0.0,1.6426,1.312035,2,0
24.5595,0.3321,0.0645,4,0.2385,138.11,199.66,676.77,1,0.0663,1.7881,3.198497,4,0
1000.0,30.0,0.551,1,0.9637,119.39,5.82,50.28,204,0.9043,0.2506,0.006137,106,1
1000.0,30.0,0.3,1,0.8712,91.51,16.09,4352.05,0,0.0,0.436,0.03035,220,1
11.1785,0.1313,0.1832,4,0.3985,262.78,205.19,2996.88,1,0.0503,1.8836,3.055584,5,0
865.5741,14.2238,0.7047,2,0.9736,194.35,15.7,223.03,339,0.6585,0.3697,0.003407,158,1
305.129,5.1328,0.9582,1,0.9521,105.75,22.77,144.59,191,0.9219,0.0,0.007207,111,1
1000.0,30.0,0.3,1,0.8034,63.13,20.29,5730.54,0,0.0,0.4133,0.023714,228,1
295.4637,4.7816,0.6813,2,0.9973,157.93,52.36,133.86,350,0.8197,0.4293,0.003587,171,1
7.8569,0.1291,0.009,4,0.3035,167.99,136.83,4241.48,0,0.0,2.9636,13.375236,0,0
1000.0,20.2725,0.2118,1,0.7,67.42,21.64,2170.78,0,0.0,0.2744,0.014964,92,1
7.682,0.0905,0.1122,4,0.2956,273.81,243.55,3779.67,1,0.0577,3.0011,10.559316,3,0
1000.0,30.0,0.0672,1,0.9669,53.94,15.79,1615.03,0,0.0,0.1074,0.012797,37,1
1000.0,29.8648,0.0698,1,0.9393,117.72,15.68,7199.92,0,0.0,0.8366,0.015956,32,1
0.0,0.0,0.0527,7,0.3082,298.25,257.7,1789.03,0,0.0,2.8412,11.151813,0,0
10.8639,0.0441,0.1078,6,0.404,385.66,136.42,4377.04,0,0.0,1.5282,1.804791,2,0
41.4992,0.6317,0.194,5,0.1713,195.43,74.55,4732.53,0,0.0,2.3275,0.598526,9,0
659.3459,11.135,0.7854,1,0.9611,128.37,22.08,163.45,384,0.8242,0.256,0.008201,191,1
1000.0,21.3227,0.3,1,0.7614,125.55,13.65,5250.95,0,0.0,0.4103,0.006707,87,1
287.6658,4.8647,0.8984,1,0.8,131.21,56.82,157.8,376,0.5,0.3322,0.00342,248,1
1000.0,30.0,0.7159,1,0.8651,159.15,7.77,112.88,201,0.879,0.0,0.004422,204,1
47.6135,0.7764,0.0255,5,0.4018,295.01,43.84,2386.4,0,0.0,2.3532,1.851602,0,0
0.0,0.0,0.2237,4,0.1,140.32,260.88,4309.69,1,0.0421,1.5337,11.502819,3,0
43.7897,0.783,0.1386,7,0.1239,409.18,94.33,4138.07,0,0.0,2.0687,5.282329,9,0
31.2551,0.5878,0.1685,3,0.1,138.46,143.62,1334.44,2,0.0709,1.7351,3.497662,12,0
21.2227,0.3889,0.1378,7,0.2023,297.24,133.15,2828.48,0,0.0,2.7859,13.228973,5,0
10.7453,0.1654,0.0653,3,0.2301,208.89,170.49,1770.22,0,0.0,3.3874,14.622682,2,0
3.6823,0.0611,0.0303,6,0.1975,146.12,269.13,3369.04,1,0.047,1.895,14.463761,0,0
4.3807,0.1034,0.1796,5,0.4564,230.27,255.07,2922.51,1,0.2805,3.0581,8.566406,4,0
9.9529,0.1227,0.1349,4,0.1081,109.64,212.98,4165.72,1,0.2503,2.1677,6.881484,3,0
5.6441,0.033,0.2047,3,0.2672,193.46,130.37,1863.12,0,0.0,1.9482,4.075753,1,0
11.7473,0.2243,0.0296,3,0.5853,395.22,193.67,1205.17,0,0.0,1.5698,5.118197,1,0
1000.0,30.0,0.1676,1,0.8663,62.61,17.73,7767.0,0,0.0,0.1663,0.000298,105,1
1000.0,30.0,0.5849,2,0.9977,177.9,9.28,229.68,350,0.8486,0.1909,0.001525,206,1
6.0061,0.1125,0.1352,6,0.2256,165.94,85.21,3226.34,0,0.0,3.2684,12.076744,1,0
48.4996,0.7596,0.0709,5,0.3629,350.25,95.33,4585.54,1,0.2657,2.1018,7.415052,5,0
382.9609,6.5514,0.3829,1,0.9899,97.85,56.07,81.99,119,0.8073,0.2363,0.018523,135,1
513.6991,8.3918,0.7017,1,0.9397,158.27,41.57,257.12,302,0.881,0.1334,0.017265,248,1
17.4005,0.2447,0.0125,6,0.5177,217.42,223.22,1995.02,0,0.0,3.0399,14.997175,0,0
1000.0,30.0,0.1757,1,0.8996,72.74,16.94,6806.53,0,0.0,0.3894,0.042487,104,1
8.6197,0.1447,0.3143,3,0.8857,175.54,100.76,1491.56,10,0.5721,0.8611,0.563469,5,1
737.5458,12.5829,0.3,1,0.8407,97.28,15.93,6925.02,0,0.0,0.4137,0.0069,59,1
3.4347,0.0291,0.2025,3,0.1265,242.72,142.22,3913.45,0,0.0,2.226,10.276484,2,0
14.4748,0.3555,0.1001,7,0.5382,108.64,118.86,3846.93,0,0.0,2.3776,12.167025,3,0
11.381,0.1592,0.0185,3,0.132,232.71,235.41,4584.05,0,0.0,2.5038,11.455492,0,0
25.8128,0.4198,0.1064,2,0.712,137.02,64.55,1505.35,10,0.5631,1.127,0.640952,3,1
196.1566,3.3216,0.4874,1,0.8669,180.9,52.82,65.03,68,0.9309,0.3571,0.015734,85,1
6.4607,0.0881,0.1077,5,0.2276,282.79,276.07,3569.34,0,0.0,2.6574,4.466768,3,0
0.0968,0.045,0.0388,3,0.1996,229.03,207.38,4330.3,0,0.0,2.1178,6.532062,0,0
9.6298,0.2123,0.1948,2,0.4509,170.45,102.62,1824.04,10,0.75,0.8978,0.465537,3,1
7.9996,0.0877,0.1086,6,0.1,275.62,172.93,2493.75,0,0.0,2.719,6.573194,2,0
44.098,0.7937,0.0853,3,0.5595,268.11,99.58,771.34,0,0.0,2.3954,13.368444,6,0
1000.0,30.0,0.0907,1,0.8399,87.34,15.78,5907.42,0,0.0,0.2321,0.026171,66,1
17.4231,0.3253,0.0687,4,0.4986,189.41,102.86,1632.92,0,0.0,3.0525,12.596705,2,0
389.3173,6.2934,0.6754,1,0.97,76.4,51.18,100.59,209,0.8059,0.3029,0.009424,218,1
629.5747,10.4463,0.2253,1,0.8261,135.45,26.45,2420.21,0,0.0,0.8351,0.030464,62,1
1000.0,22.4593,0.1013,2,0.7606,66.39,26.38,6572.23,0,0.0,0.6551,0.021942,60,1
33.4746,0.5405,0.0317,4,0.6792,234.57,76.94,3261.19,0,0.0,1.9847,9.39661,1,0
30.0628,0.4342,0.0246,6,0.3631,285.86,156.52,2777.36,0,0.0,2.1452,14.595829,1,0
20.9266,0.2674,0.126,3,0.511,188.63,67.33,3053.94,1,0.1715,3.0978,6.138324,2,0
37.1082,0.6095,0.085,5,0.3635,109.35,127.14,1869.34,0,0.0,2.7683,8.595347,6,0
22.2217,0.3341,0.1898,4,0.1533,101.75,109.37,4165.42,1,0.0233,2.7467,12.732343,7,0
15.0768,0.2036,0.0972,5,0.4797,381.98,284.59,4776.24,0,0.0,2.3955,2.761175,6,0
1000.0,28.1467,0.2542,1,0.9206,105.91,16.11,5888.22,0,0.0,0.1604,0.035978,115,1
442.6568,7.6188,0.5614,1,0.9715,152.66,37.53,220.5,363,0.7066,0.4102,0.006489,156,1
18.6748,0.3238,0.1252,3,0.247,280.42,199.33,2619.06,2,0.1098,2.2293,13.619274,7,0
723.7958,12.225,0.7125,1,0.9901,159.96,29.57,199.86,309,0.9443,0.3239,0.010699,254,1
384.9693,6.2454,0.7963,1,0.9773,90.09,54.25,151.38,252,0.7666,0.6043,0.016678,273,1
32.635,0.5918,0.0809,5,0.1,295.37,134.73,4839.08,0,0.0,2.181,4.348799,5,0
29.3297,0.5611,0.0736,7,0.3394,144.36,114.75,4055.33,1,0.0148,3.4982,5.467682,4,0
14.2436,0.2433,0.0048,4,0.3224,289.91,173.65,2528.43,0,0.0,2.1227,1.330517,0,0
26.8085,0.4919,0.0352,4,0.2291,115.85,132.29,506.49,0,0.0,2.0679,0.758446,2,0
8.0532,0.1577,0.0467,5,0.1049,224.69,276.96,3858.89,0,0.0,2.6596,11.577957,2,0
51.6415,0.8203,0.0271,6,0.4817,248.26,55.53,1669.05,1,0.1446,1.916,10.845261,1,0
867.5234,14.5661,0.4729,1,0.9446,151.35,28.02,72.41,103,0.7297,0.1459,0.003544,192,1
1000.0,30.0,0.1525,2,0.7896,74.7,12.81,4256.21,0,0.0,0.2314,0.031441,87,1
36.6564,0.5164,0.1568,6,0.4106,123.25,112.55,1086.46,1,0.0713,3.2712,8.449131,9,0
1000.0,21.6979,0.1113,3,0.9303,40.49,8.24,2134.95,0,0.0,0.5237,0.007258,19,1
8.6825,0.1713,0.109,3,0.2608,398.16,279.05,3018.15,0,0.0,1.5106,2.518693,4,0
2.0742,0.0549,0.0717,4,0.142,319.0,109.92,1663.34,1,0.0044,1.971,7.042698,0,0
41.8323,0.6633,0.026,7,0.2533,344.95,68.13,2153.26,0,0.0,2.3931,12.754252,1,0
1000.0,25.3691,0.8058,1,0.9553,89.88,19.13,106.17,218,0.6885,0.3364,0.019998,390,1
35.1687,0.6135,0.0287,7,0.252,193.94,93.8,1624.51,1,0.0292,1.7045,12.171539,1,0
0.0,0.0697,0.005,7,0.384,275.4,170.7,1998.1,1,0.0233,2.8784,10.654589,0,0
827.1812,13.7237,0.1887,1,0.7184,46.77,26.0,7487.74,0,0.0,0.3818,0.032311,67,1
1000.0,18.8997,0.05,1,0.8868,118.05,21.42,7436.4,0,0.0,0.903,0.006994,20,1
32.2156,0.5232,0.1413,4,0.2908,214.46,133.52,3364.2,2,0.1225,3.0273,12.378459,10,0
13.4118,0.3219,0.0573,7,0.4941,350.29,234.87,2597.91,2,0.0786,2.6785,6.463728,3,0
146.7054,2.4681,0.0136,4,0.3555,130.13,31.96,1467.47,0,0.0,1.6882,13.800896,1,0
39.1008,0.6571,0.1192,5,0.1734,399.4,90.86,2077.12,0,0.0,1.6565,13.211731,7,0
37.6085,0.6836,0.2769,4,0.3027,159.78,54.39,3939.16,0,0.0,2.6639,9.78102,9,0
37.138,0.5541,0.094,5,0.2934,236.62,93.44,2284.49,0,0.0,3.3059,2.780462,5,0
1000.0,22.3652,0.3,2,0.9603,107.21,15.19,7905.98,0,0.0,0.6734,0.037481,102,1
883.3823,14.9175,0.05,1,0.755,74.5,9.73,2260.21,0,0.0,0.7476,0.006991,7,1
735.3259,12.3334,0.5336,1,0.9851,53.84,38.1,89.72,88,0.6692,0.1652,0.002031,246,1
9.6443,0.123,0.1013,3,0.6589,192.8,293.62,3336.64,0,0.0,3.4064,14.764289,6,0
5.4022,0.1829,0.0984,6,0.3939,298.68,283.6,4240.35,0,0.0,3.2159,4.911673,2,0
26.7825,0.6215,0.1924,4,0.5375,187.39,78.22,4124.52,1,0.2961,2.881,12.432316,7,0
4.2578,0.1887,0.1234,5,0.242,139.48,93.97,4434.38,1,0.0575,2.2042,12.087791,1,0
69.8241,1.1304,0.1193,3,0.5255,331.22,43.19,1576.29,0,0.0,2.3517,4.280027,5,0
28.7188,0.4853,0.1182,5,0.3928,351.4,132.06,2796.69,2,0.0682,1.6741,6.229311,7,0
1000.0,30.0,0.1983,1,0.7,40.27,13.15,5894.42,0,0.0,0.4383,0.021455,132,1
15.0284,0.3014,0.0554,7,0.1429,136.31,201.87,793.12,1,0.1968,1.5565,7.767875,3,0
377.7665,6.3629,0.808,1,0.9406,122.69,52.42,295.43,216,0.7372,0.2856,0.001009,266,1
10.5389,0.1423,0.0771,4,0.1545,248.62,241.67,2707.02,0,0.0,3.3229,4.080998,2,0
511.819,8.6422,0.3,1,0.842,82.16,24.93,6537.93,0,0.0,0.7858,0.043053,63,1
443.3849,7.8422,0.7542,2,0.9215,82.1,56.84,102.67,183,0.7018,0.0812,0.002204,322,1
15.982,0.1818,0.1465,7,0.1957,281.5,143.03,4270.83,2,0.1221,1.925,1.294019,5,0
16.7408,0.3235,0.0276,5,0.3512,199.72,178.6,1660.95,1,0.1085,2.9333,10.994253,1,0
1000.0,30.0,0.1477,3,0.9125,89.89,6.75,6905.05,0,0.0,0.1777,0.034489,72,1
5.2782,0.151,0.1233,6,0.3162,148.07,100.48,2346.99,0,0.0,1.8445,5.96301,1,0
8.2124,0.1601,0.0071,6,0.2199,438.13,98.82,4531.68,1,0.0094,2.0914,3.237742,0,0
47.6785,0.7466,0.0244,5,0.3662,258.06,31.19,4434.53,0,0.0,2.7986,1.209082,0,0
34.5856,0.5843,0.0246,6,0.3955,105.77,107.27,1024.05,0,0.0,2.9545,9.212215,1,0
0.0,0.0124,0.034,6,0.2652,158.76,258.12,3877.77,1,0.5,2.3467,13.995981,0,0
822.7992,13.7149,0.3,1,0.8791,107.07,13.87,256.67,268,0.8569,0.3444,0.001412,57,1
423.0016,6.9741,0.2703,2,0.849,111.96,27.29,4326.77,0,0.0,0.8547,0.009074,51,1
11.8911,0.1672,0.0054,5,0.3245,205.12,226.15,1938.51,0,0.0,2.0332,5.677459,0,0
1000.0,30.0,0.3,1,0.8,120.0,6.19,183.8,177,0.9629,0.3175,0.006875,71,1
1000.0,20.3856,0.5502,1,0.9906,84.4,15.66,101.78,325,0.781,0.4633,0.007123,174,1
18.4106,0.3086,0.0201,7,0.3496,377.36,139.17,2545.27,0,0.0,1.8755,7.358265,0,0
9.7996,0.1205,0.0536,4,0.1365,415.85,112.32,2683.54,0,0.0,3.2627,7.175153,1,0
584.0217,9.9132,0.6933,1,0.9369,77.68,39.55,242.31,188,0.9179,0.0893,0.016062,268,1
4.4727,0.0874,0.0213,5,0.1762,280.88,255.44,2883.98,1,0.0769,2.3017,14.91198,0,0
91.9064,1.4031,0.0486,7,0.1,173.42,36.66,1264.0,0,0.0,2.2769,11.068095,2,0
1000.0,30.0,0.3,2,0.8486,89.5,6.36,6392.36,0,0.0,0.8973,0.009847,197,1
8.7007,0.2012,0.1763,5,0.4807,178.12,253.97,2759.29,1,0.0909,2.7026,2.064553,5,0
13.8035,0.3026,0.134,7,0.1535,207.12,145.42,4328.6,1,0.166,1.9391,10.420867,5,0
229.6585,3.7578,0.7204,1,0.8708,205.02,49.8,177.91,363,0.8925,0.0531,0.004157,134,1
21.9649,0.2848,0.1141,3,0.6522,80.49,80.41,1284.46,5,0.3318,1.2664,0.500412,1,1
9.5399,0.2433,0.0876,7,0.1951,232.7,207.22,4182.68,0,0.0,3.2467,10.835681,2,0
1000.0,30.0,0.8996,1,0.9982,94.9,7.9,129.36,175,0.8886,0.345,0.019891,374,1
19.9923,0.3784,0.0971,3,0.3411,138.01,205.26,682.59,2,0.072,2.2792,1.117584,7,0
245.6118,4.1135,0.496,1,0.9438,80.45,51.05,223.68,133,0.8652,0.1294,0.002926,104,1
1000.0,21.7158,0.05,1,0.7304,43.72,12.68,2492.72,0,0.0,0.4642,0.008117,13,1
4.244,0.0878,0.2962,1,0.5939,334.1,173.02,1499.93,5,0.75,0.6781,0.342,3,1
56.2979,0.9456,0.0675,4,0.1,206.54,53.49,4082.39,0,0.0,3.0636,11.974437,3,0
13.0613,0.1881,0.0258,4,0.1689,81.2,192.64,3185.23,0,0.0,1.5139,5.706736,0,0
162.3913,2.9277,0.5873,1,0.8836,165.29,57.23,70.31,209,0.6697,0.1652,0.009834,92,1
22.6211,0.3478,0.066,3,0.2555,372.32,193.79,3388.7,0,0.0,3.3327,5.365582,5,0
909.2246,15.3906,0.7845,1,0.9195,168.36,29.41,50.38,352,0.8826,0.0256,0.014304,350,1
14.7159,0.2374,0.1342,3,0.1,349.86,232.82,4591.29,0,0.0,2.5052,4.438681,8,0
503.2721,8.1795,0.1826,3,0.7855,155.44,18.94,1423.28,0,0.0,0.2453,0.021904,28,1
0.0,0.0434,0.0918,4,0.2111,375.25,167.01,3147.46,0,0.0,2.6801,10.811111,0,0
688.1917,11.422,0.4544,2,0.9603,154.92,32.63,118.56,244,0.8509,0.4949,0.00837,168,1
1000.0,25.5688,0.3,1,0.7271,71.71,24.82,6685.58,0,0.0,0.5301,0.026451,191,1
14.55,0.3225,0.0774,5,0.5092,177.43,187.29,4606.6,1,0.0335,2.4337,3.333366,3,0
383.0701,6.3945,0.3483,1,0.8708,100.93,42.37,85.03,222,0.6195,0.4869,0.000415,94,1
578.8048,9.8757,0.666,1,0.9153,162.52,47.63,185.56,296,0.6916,0.3003,0.001401,308,1
5.3957,0.0647,0.1006,7,0.1,207.22,278.65,3747.1,0,0.0,1.7001,10.465466,2,0
9.9866,0.2489,0.1259,7,0.4968,118.57,271.58,2400.41,0,0.0,1.9507,14.34846,5,0
42.796,0.719,0.3202,4,0.1586,394.07,109.24,1091.7,0,0.0,2.4436,6.616509,23,0
8.0764,0.0469,0.0427,6,0.5702,173.68,298.96,2784.98,1,0.0348,2.5034,9.725136,0,0
1000.0,30.0,0.3,2,0.9671,90.5,14.23,5827.28,0,0.0,0.3636,0.018515,143,1
55.0103,0.8999,0.0892,4,0.2268,221.02,73.11,3973.26,0,0.0,3.4083,13.662538,5,0
806.6021,13.5927,0.5335,2,0.9852,143.79,14.4,201.38,92,0.76,0.619,0.015672,104,1
279.2906,4.6041,0.6421,1,0.8653,74.39,41.21,236.37,232,0.8874,0.2377,0.007083,124,1
4.709,0.0,0.0464,5,0.1291,353.34,209.5,3158.53,0,0.0,2.0663,3.403762,0,0
86.1886,1.4022,0.1086,4,0.5216,142.6,51.4,4702.41,1,0.019,2.119,1.764713,8,0
640.7394,10.7206,0.6354,1,0.9684,183.92,12.18,163.39,269,0.6657,0.3562,0.003758,82,1
619.8484,10.1737,0.5988,1,0.9833,183.57,26.31,63.14,315,0.6374,0.0884,0.010416,161,1
3.5405,0.1135,0.1,1,0.6732,119.15,154.53,1134.76,0,0.0,0.7632,0.624356,1,1
10.8815,0.2038,0.0199,4,0.2565,308.07,235.82,4653.64,2,0.0013,3.269,2.88005,0,0
1000.0,27.2141,0.0511,1,0.7451,79.39,27.48,3978.89,0,0.0,0.5294,0.005536,37,1
375.1166,6.3174,0.2198,1,0.7922,120.22,27.93,6384.96,0,0.0,0.2413,0.049631,38,1
20.8172,0.4564,0.0324,5,0.2185,105.2,36.95,2407.74,1,0.0062,1.6134,3.929542,0,0
5.3898,0.0511,0.0874,6,0.3874,323.02,281.32,4947.58,0,0.0,1.6455,4.774468,1,0
40.8784,0.6378,0.1231,4,0.1472,359.23,99.45,3670.54,0,0.0,3.0361,2.699357,8,0
1000.0,30.0,0.3,1,0.8877,76.98,13.01,3949.1,0,0.0,0.554,0.006242,172,1
66.105,1.203,0.087,4,0.2536,149.01,31.01,1500.02,0,0.0,2.065,3.395316,3,0
215.662,3.5085,0.565,1,0.92,149.89,35.0,125.13,348,0.8109,0.4603,0.013959,68,1
397.7147,6.702,0.3672,1,0.9988,128.62,42.76,108.03,374,0.7211,0.5208,0.015074,104,1
303.6073,4.9475,0.7951,2,0.8152,56.24,28.17,212.68,131,0.7466,0.3502,0.012762,111,1
208.1422,3.2659,0.5981,2,0.8169,155.03,36.04,79.74,341,0.8191,0.071,0.011737,72,1
7.5884,0.0916,0.169,4,0.5023,288.86,291.74,1458.55,0,0.0,3.4217,6.197043,7,0
748.7426,12.3991,0.1283,1,0.9176,106.14,23.41,7880.67,0,0.0,0.3128,0.027515,37,1
647.9189,10.9424,0.8309,1,0.9801,106.72,44.39,279.67,214,0.8897,0.054,0.003634,407,1
5.5413,0.0717,0.2211,7,0.3159,129.96,175.39,3942.69,0,0.0,3.0426,8.108259,3,0
12.6988,0.25,0.0934,7,0.1,210.15,111.32,2871.53,0,0.0,1.7786,3.366509,2,0
512.5315,8.5101,0.4466,1,0.904,152.5,41.57,130.53,66,0.7758,0.1552,0.007867,160,1
1000.0,18.4162,0.3,1,0.8999,55.76,22.85,6980.4,0,0.0,0.7183,0.040489,126,1
24.0549,0.2838,0.1256,4,0.1918,311.58,40.99,2376.77,0,0.0,1.7277,10.289212,1,0
769.8884,12.703,0.0912,2,0.9581,135.97,24.18,7309.44,0,0.0,0.7182,0.00675,28,1
1000.0,30.0,0.3,1,0.8824,60.89,15.87,1384.67,0,0.0,0.4744,0.045511,196,1
10.4055,0.1639,0.0379,4,0.3572,291.69,248.86,4757.14,0,0.0,2.3983,6.305877,1,0
21.7963,0.3914,0.2595,5,0.1,313.7,197.18,2333.97,1,0.2329,3.631,5.006897,19,0
10.1699,0.2673,0.1057,4,0.3242,174.88,178.39,2936.25,1,0.0298,2.8882,11.822451,5,0
24.8396,0.4144,0.1798,3,0.2117,178.2,90.45,4936.82,0,0.0,2.5777,4.953674,6,0
26.462,0.4414,0.033,7,0.4548,353.88,130.18,2895.22,1,0.024,1.7383,1.059814,2,0
15.5667,0.189,0.2161,6,0.6252,255.94,257.88,931.11,1,0.2913,1.9289,14.581502,15,0
24.1399,0.4162,0.0515,6,0.3006,74.49,164.01,3340.23,1,0.0994,3.3297,5.663326,3,0
786.6925,13.0032,0.1375,3,0.8729,142.09,22.34,7424.16,0,0.0,0.2073,0.021461,40,1
6.7527,0.1778,0.1219,4,0.44,173.58,299.36,564.72,1,0.0926,1.644,12.638235,2,0
5.9356,0.0297,0.0238,6,0.4587,374.79,255.4,3408.93,0,0.0,2.0564,7.966127,0,0
15.7969,0.2498,0.2438,6,0.1,181.07,52.0,2173.8,1,0.3431,1.6198,4.236599,3,0
119.357,1.9631,0.2084,5,0.1975,215.37,36.45,2959.9,1,0.0632,2.604,8.366634,15,0
13.628,0.2411,0.0298,3,0.3608,274.27,221.65,3183.47,0,0.0,2.3749,1.203735,1,0
99.697,1.5616,0.0468,7,0.1,284.71,46.6,671.3,0,0.0,3.0279,7.376207,3,0
17.6335,0.2722,0.081,3,0.1,298.89,125.72,2023.84,0,0.0,1.8003,1.332954,2,0
423.1945,7.2782,0.3637,1,0.9307,183.67,37.5,251.28,236,0.6415,0.0354,0.002604,98,1
1000.0,30.0,0.7383,1,0.953,99.28,10.45,236.66,114,0.717,0.1396,0.00539,241,1
19.6254,0.3769,0.2186,6,0.5369,185.6,155.12,2709.65,1,0.0192,2.2886,9.183324,12,0
225.2461,3.6454,0.814,1,0.897,148.12,34.22,193.73,53,0.9248,0.2974,0.00131,103,1
7.1497,0.1156,0.017,3,0.2578,239.41,269.47,4944.18,0,0.0,2.3526,5.206391,0,0
747.5892,12.5073,0.4705,1,0.9383,90.75,36.55,83.55,58,0.9008,0.1165,0.009017,214,1
15.0777,0.3189,0.0577,5,0.2951,171.58,123.96,3786.3,1,0.045,2.2441,9.695402,2,0
5.7989,0.1265,0.0046,6,0.3308,328.21,185.27,4591.64,0,0.0,3.0941,13.506432,0,0
11.2946,0.2625,0.1821,3,0.3194,347.89,285.47,4208.9,0,0.0,2.8255,8.061081,11,0
73.5921,1.1829,0.0242,7,0.6105,366.19,53.58,4066.22,0,0.0,3.0189,3.225404,1,0
1000.0,22.8499,0.0586,1,0.8515,112.2,11.17,2079.81,0,0.0,0.7545,0.026557,14,1
6.8746,0.0656,0.0969,6,0.1588,225.24,67.41,2492.86,0,0.0,3.5225,13.103152,0,0
0.0,0.1178,0.1291,3,0.4312,184.38,175.32,413.55,0,0.0,0.7394,0.562003,4,1
566.6589,9.3073,0.8716,2,0.8317,75.12,47.62,205.17,232,0.5722,0.3474,0.005814,394,1
924.7988,15.3023,0.2032,2,0.901,61.76,25.03,4248.52,0,0.0,0.4057,0.028641,78,1
15.65,0.2283,0.0157,7,0.1,311.52,209.05,2807.94,0,0.0,2.6602,14.93815,0,0
18.5137,0.0847,0.4152,3,0.4539,214.36,164.38,927.15,0,0.0,0.5859,0.679862,12,1
23.5305,0.4163,0.0513,3,0.1787,240.86,174.93,1690.81,0,0.0,2.9749,13.639649,3,0
16.9014,0.3386,0.0871,5,0.1682,89.2,137.66,3612.44,0,0.0,1.8038,12.070496,3,0
4.4298,0.1091,0.1088,7,0.1002,52.55,271.22,2756.96,0,0.0,2.1216,3.447757,2,0
290.8513,4.7789,0.6674,1,0.9553,117.66,48.87,209.49,167,0.761,0.4185,0.016296,158,1
20.513,0.4082,0.1353,3,0.2722,363.78,103.51,604.16,0,0.0,1.8688,14.00732,5,0
1000.0,30.0,0.1405,1,0.854,171.61,6.1,1808.54,0,0.0,0.5979,0.00273,63,1
1000.0,18.6562,0.1266,1,0.8973,69.78,20.0,1946.94,0,0.0,0.4389,0.002583,47,1
73.2075,1.2447,0.136,4,0.1,307.5,32.02,4539.19,0,0.0,2.2468,14.875497,5,0
5.6334,0.0465,0.043,6,0.4221,127.81,72.68,808.04,0,0.0,1.4979,11.076938,0,0
474.5047,7.9268,0.8141,1,0.81,116.42,34.68,102.73,118,0.7166,0.3317,0.017822,223,1
10.9412,0.1574,0.0193,5,0.3404,328.57,268.14,4833.6,0,0.0,2.6894,12.436219,1,0
627.1946,10.687,0.6798,1,0.9714,177.46,15.91,192.79,264,0.9304,0.5542,0.014762,114,1
37.4473,0.7428,0.0135,5,0.5664,283.94,127.23,2184.86,1,0.1116,2.5525,10.537102,1,0
10.1748,0.2187,0.1,2,0.4,320.38,156.4,2393.59,0,0.0,0.5897,0.42892,3,1
12.5819,0.1466,0.1218,2,0.5013,180.61,190.1,984.84,0,0.0,0.3648,0.625557,2,1
21.1638,0.4204,0.0644,7,0.3552,266.13,165.59,4061.13,2,0.1259,2.9641,11.473474,3,0
563.7313,9.4266,0.487,1,0.9787,165.08,34.04,98.6,394,0.9355,0.0935,0.011731,156,1
33.7844,0.5235,0.0011,6,0.2732,250.97,61.36,1896.47,2,0.2266,1.7374,1.090437,0,0
654.8277,10.8582,0.6753,2,0.8929,114.0,44.67,296.97,62,0.5,0.1418,0.000654,328,1
1000.0,20.3459,0.6179,1,0.9546,134.51,21.46,162.65,305,0.8095,0.0603,0.00735,271,1
1000.0,23.0527,0.3,2,0.8329,91.54,8.53,7963.62,0,0.0,0.7515,0.016441,58,1
1000.0,30.0,0.7693,1,0.802,69.76,6.04,180.92,330,0.6671,0.0,0.013678,328,1
1000.0,22.8799,0.3,2,0.799,142.51,28.56,3560.05,0,0.0,0.2488,0.012185,195,1
37.8436,0.5745,0.0943,3,0.1823,213.71,107.72,3567.37,2,0.0579,1.6376,7.630041,6,0
4.1675,0.0,0.2394,6,0.1053,306.63,228.64,2584.53,0,0.0,2.7031,13.205238,5,0
526.8487,8.9029,0.9071,1,0.9885,163.1,54.34,81.57,150,0.9401,0.2149,0.001812,439,1
537.4375,9.0041,0.5999,1,0.9543,143.43,29.95,233.44,124,0.9684,0.2746,0.011465,161,1
563.2469,9.4951,0.8422,1,0.9959,128.58,29.49,118.84,292,0.738,0.1993,0.003663,233,1
476.6543,8.0965,0.6971,1,0.9921,134.07,35.14,92.55,153,0.9136,0.3115,0.00359,195,1
18.3698,0.3094,0.0282,5,0.22,224.56,278.61,1913.75,0,0.0,3.0334,11.556622,2,0
5.485,0.1574,0.1524,7,0.1762,222.45,103.75,944.36,1,0.0884,2.0418,7.210413,0,0
18.3155,0.2646,0.1399,5,0.1803,134.23,211.81,767.6,2,0.0265,1.6193,7.829641,8,0
18.2433,0.1945,0.1,1,0.7168,109.5,137.03,2610.64,0,0.0,0.5175,0.312372,3,1
12.8982,0.2642,0.1466,4,0.121,415.21,91.41,3442.45,2,0.0115,2.044,12.252069,3,0
23.2958,0.4769,0.1341,4,0.2336,365.43,99.49,3169.81,1,0.0181,2.5858,14.628362,5,0
1000.0,30.0,0.3,2,0.7705,146.95,12.87,6959.24,0,0.0,0.1724,0.010815,186,1
17.9648,0.2364,0.0314,3,0.1,138.59,112.43,1370.42,1,0.3404,1.7206,6.112941,0,0
6.2197,0.1593,0.1984,6,0.1793,375.1,202.82,4281.62,0,0.0,3.2003,1.121871,4,0
1.4099,0.0466,0.0161,4,0.5064,213.8,108.08,4612.8,1,0.034,2.0825,5.530435,0,0
422.017,7.0241,0.2202,3,0.8782,128.59,25.89,2914.94,0,0.0,0.1966,0.004122,40,1
1000.0,19.1646,0.3,2,0.8681,84.21,24.79,3971.2,0,0.0,0.2374,0.022803,143,1
264.4418,4.3043,0.6238,1,0.9655,93.9,44.98,99.11,161,0.8251,0.4,0.015917,124,1
13.9326,0.3136,0.0449,6,0.1629,382.1,62.42,3515.93,0,0.0,3.2167,0.729092,0,0
806.4794,13.338,0.8211,1,0.8489,178.74,28.9,170.05,302,0.8071,0.4365,0.01272,320,1
68.7458,1.1156,0.0964,3,0.2787,385.51,36.35,3396.64,0,0.0,2.6179,7.288945,3,0
5.8889,0.1477,0.0594,3,0.1715,156.59,276.08,4529.9,1,0.1812,3.2189,0.669501,1,0
7.108,0.1565,0.0087,7,0.4255,74.61,209.09,1168.4,2,0.2918,2.529,4.832887,0,0
257.7138,4.4523,0.4085,1,0.8393,93.69,37.2,79.46,91,0.6465,0.1293,0.015547,66,1
1000.0,24.3696,0.05,1,0.9687,139.55,28.34,7576.92,0,0.0,0.213,0.002919,34,1
14.8462,0.2457,0.0557,4,0.6573,278.13,114.5,4044.86,0,0.0,3.8967,1.937678,1,0
9.8384,0.0889,0.0484,3,0.1,62.01,290.85,3139.1,1,0.084,3.0267,1.59988,2,0
0.0,0.0381,0.1221,3,0.6364,201.62,174.14,575.22,1,0.5829,1.3433,0.269644,1,1
1000.0,29.5716,0.1568,2,0.7,85.65,25.17,1894.19,0,0.0,0.3983,0.034712,116,1
34.19,0.544,0.0704,3,0.1,371.83,130.78,1379.19,1,0.2169,1.7152,12.550766,5,0
18.6034,0.2861,0.117,5,0.2613,109.72,219.97,2286.16,0,0.0,2.4263,14.002703,8,0
881.0863,14.5225,0.4461,1,0.8742,91.6,23.0,52.91,365,0.8805,0.5795,0.017603,149,1
7.8977,0.1447,0.0466,6,0.4598,138.6,101.75,3205.89,1,0.0444,2.7592,6.609427,0,0
16.7666,0.268,0.1333,6,0.4,79.68,278.46,631.08,0,0.0,1.6799,8.399605,10,0
17.1384,0.2826,0.2518,5,0.4134,114.83,111.14,2375.78,1,0.1479,3.2583,6.616083,6,0
19.1537,0.3548,0.0554,5,0.2829,137.36,67.18,3532.0,0,0.0,1.8479,11.794752,1,0
77.1692,1.2311,0.0697,4,0.2333,142.03,33.57,1896.39,0,0.0,2.9216,11.222304,2,0
1000.0,21.4297,0.0835,2,0.8547,82.56,23.26,4320.15,0,0.0,0.155,0.002778,41,1
12.7877,0.1993,0.0493,3,0.1396,301.71,181.73,3087.3,1,0.0635,2.2305,10.82558,1,0
463.9686,7.6259,0.3,3,0.8747,140.63,14.99,2823.85,0,0.0,0.4661,0.026552,34,1
21.1413,0.3857,0.0453,6,0.122,318.16,177.3,525.43,2,0.0141,3.1671,3.763086,3,0
17.6453,0.2465,0.0047,4,0.1966,325.96,123.41,4877.01,1,0.104,2.8635,3.612389,0,0
5.3803,0.0855,0.1418,3,0.6332,183.34,172.54,442.91,0,0.0,0.3394,0.790318,2,1
16.8389,0.2244,0.0542,5,0.4201,376.62,215.82,3671.13,1,0.1222,1.3452,6.889459,2,0
13.5074,0.29,0.0449,3,0.179,212.46,249.74,3173.3,1,0.1622,3.0466,13.80679,2,0
96.984,1.5554,0.0132,5,0.3066,359.95,41.96,2112.88,0,0.0,2.5683,6.891117,0,0
0.4067,0.0211,0.1268,7,0.3861,265.61,298.42,1237.48,1,0.0539,3.2039,7.554312,0,0
6.615,0.0749,0.1071,5,0.1,386.72,141.22,3398.1,1,0.0289,3.4932,12.425154,1,0
480.1997,7.9227,0.6934,2,0.9729,55.35,59.58,52.46,169,0.8065,0.5982,0.011512,330,1
43.4169,0.7426,0.1221,4,0.2479,328.78,103.88,513.62,1,0.0831,2.0341,14.503909,8,0
1000.0,30.0,0.271,1,0.8002,86.49,5.54,2647.56,0,0.0,0.3108,0.005596,63,1
312.4275,5.2506,0.6652,1,0.978,179.84,41.07,201.17,378,0.9192,0.2238,0.002307,145,1
1000.0,30.0,0.5773,1,0.9051,175.51,5.07,135.58,271,0.6195,0.0559,0.010635,262,1
12.6543,0.1687,0.05,5,0.4704,369.74,255.84,3519.56,1,0.0422,3.2413,2.132562,2,0
800.9875,13.3336,0.1467,3,0.7,77.21,23.1,1182.21,0,0.0,0.1717,0.047687,45,1
36.6085,0.6438,0.0205,4,0.3309,299.87,72.91,3841.67,0,0.0,2.7948,12.292397,0,0
1000.0,30.0,0.3,1,0.9691,130.95,18.9,4725.12,0,0.0,0.1756,0.012955,222,1
182.2876,3.1251,0.3562,1,0.9007,52.54,49.04,129.07,218,0.8896,0.3084,0.018771,54,1
1000.0,25.956,0.0601,1,0.8853,96.16,7.75,1906.91,0,0.0,0.3857,0.034476,12,1
8.9377,0.1453,0.0163,6,0.3367,149.08,281.81,1719.33,0,0.0,1.916,12.903418,0,0
11.1686,0.1832,0.0986,4,0.4748,75.36,297.09,566.65,0,0.0,1.9065,5.922823,5,0
9.981,0.0947,0.021,6,0.1598,323.26,179.76,3576.15,0,0.0,3.302,4.394317,0,0
2.5551,0.0416,0.0341,3,0.1,299.11,288.97,1796.66,0,0.0,2.8684,10.240831,0,0
9.4367,0.1706,0.0528,6,0.2485,205.19,84.4,1110.27,1,0.0785,2.8984,6.808043,0,0
21.473,0.2438,0.0968,7,0.3251,243.42,223.89,1655.49,0,0.0,2.4175,12.143876,7,0
1000.0,23.0185,0.2073,2,0.8706,33.7,28.41,2637.72,0,0.0,0.6781,0.007788,134,1
60.332,1.105,0.0677,5,0.1,182.32,50.27,2152.27,1,0.0177,3.4006,13.534056,3,0
13.8554,0.2899,0.1843,3,0.3079,248.52,151.67,4374.19,1,0.012,2.4874,4.178604,6,0
2.244,0.0933,0.0679,5,0.1954,265.15,277.62,3761.92,1,0.0512,3.6039,7.660782,1,0
1000.0,23.004,0.3,1,0.9268,74.95,28.2,5174.78,0,0.0,1.0328,0.010921,195,1
1000.0,23.0227,0.1619,3,0.9681,50.59,22.2,6253.71,0,0.0,0.982,0.012459,82,1
1000.0,26.6066,0.3,2,0.9412,101.5,14.97,1566.2,0,0.0,0.065,0.02948,119,1
28.2636,0.4032,0.2843,7,0.2702,184.65,101.24,2214.95,1,0.0337,2.8627,10.754413,13,0
12.0433,0.0943,0.1402,5,0.3631,267.15,288.34,1229.59,0,0.0,3.3101,12.718028,7,0
6.0414,0.1801,0.1908,7,0.1345,285.52,138.04,1495.16,0,0.0,3.102,1.140111,3,0
4.2147,0.0233,0.1317,4,0.4419,253.88,267.81,4792.84,0,0.0,1.8319,14.456666,2,0
11.5709,0.1674,0.1888,4,0.1229,327.41,255.78,3184.14,1,0.0218,2.5763,13.903414,7,0
10.7838,0.4594,0.3605,1,0.4575,276.79,79.74,1842.48,1,0.6045,1.0751,0.239195,5,1
447.1951,7.58,0.766,2,0.9082,141.57,24.86,107.12,225,0.821,0.0,0.016484,143,1
715.1766,11.9062,0.0944,2,0.9126,133.53,23.29,1929.59,0,0.0,0.0012,0.042986,26,1
1000.0,30.0,0.1611,2,0.9298,138.55,6.92,7516.8,0,0.0,0.0,0.007953,96,1
5.4901,0.136,0.134,7,0.6915,301.48,188.19,509.37,2,0.0441,1.5897,9.774754,2,0
1.0443,0.0477,0.0956,4,0.3042,248.48,260.38,4355.34,0,0.0,2.1861,14.569247,0,0
179.1176,2.9866,0.8892,1,0.9406,180.43,54.37,177.51,268,0.9297,0.125,0.011633,142,1
6.8854,0.0916,0.0605,4,0.1,250.61,254.36,4560.86,0,0.0,3.1379,10.05059,0,0
1000.0,30.0,0.0632,2,0.7,68.23,12.91,6214.71,0,0.0,0.5477,0.008298,45,1
18.1877,0.21,0.0793,6,0.2319,280.92,278.18,1437.26,1,0.1767,2.7181,9.000378,6,0
0.4985,0.0,0.2958,2,0.6653,171.33,175.61,1795.04,5,0.6325,0.5993,0.77582,3,1
6.7989,0.1444,0.1053,6,0.3384,381.41,175.2,1923.77,0,0.0,3.1615,9.326793,2,0
1000.0,30.0,0.1503,1,0.8726,47.13,16.71,1970.49,0,0.0,1.0277,0.023249,99,1
16.5094,0.1723,0.1313,5,0.162,279.54,198.71,3988.45,1,0.1086,1.8885,6.299922,6,0
28.5161,0.4312,0.1067,1,0.7366,260.69,78.12,1705.63,5,0.2595,1.1623,0.478388,3,1
0.3814,0.0585,0.1872,2,0.4345,200.2,170.7,1739.63,5,0.2,0.7104,0.138612,3,1
19.6026,0.3584,0.0513,4,0.324,347.71,217.7,1955.35,0,0.0,2.8566,1.118016,3,0
15.1319,0.2691,0.0308,6,0.3326,86.26,281.52,3873.52,2,0.0558,3.3911,4.706825,2,0
454.5503,7.4505,0.733,1,0.9948,116.56,13.25,143.44,308,0.99,0.2894,0.018785,73,1
43.5295,0.6583,0.1699,4,0.1,238.7,44.79,1133.86,0,0.0,2.8665,6.574419,5,0
509.9076,8.2933,0.855,1,0.9246,49.24,40.87,211.98,287,0.9261,0.4366,0.017272,292,1
9.0905,0.1747,0.0114,5,0.2563,277.39,236.78,1199.17,0,0.0,2.5693,11.842321,0,0
6.9406,0.098,0.1319,7,0.1447,99.58,205.88,2571.84,1,0.0406,2.7672,6.873253,2,0
24.5619,0.3263,0.111,5,0.3129,322.31,156.5,1063.52,0,0.0,3.2831,3.932994,5,0
7.9585,0.1285,0.061,7,0.2641,275.61,278.54,3128.63,1,0.0104,2.8628,10.621358,2,0
80.7919,1.4147,0.0878,6,0.2354,264.26,54.53,4463.73,1,0.1946,2.8872,9.387999,6,0
5.2541,0.0332,0.0899,6,0.2532,118.72,259.99,3110.07,0,0.0,2.3046,11.223726,1,0
10.1942,0.0849,0.0566,5,0.1,101.2,131.56,1690.53,0,0.0,2.0437,12.603291,1,0
13.0353,0.1747,0.1084,4,0.1,168.83,240.99,2724.67,1,0.0261,3.4179,2.625911,6,0
8.8254,0.132,0.2767,3,0.1528,359.72,247.61,4933.51,0,0.0,1.4099,5.738382,9,0
6.7687,0.0391,0.0306,6,0.1,304.69,285.94,4843.58,1,0.0079,3.194,8.65793,0,0
9.4148,0.1438,0.0529,4,0.1779,259.92,220.3,3470.01,0,0.0,1.7165,2.771196,1,0
5.4606,0.0414,0.0179,3,0.2115,289.41,283.09,3842.75,0,0.0,2.4569,3.094272,0,0
5.6497,0.086,0.1028,4,0.193,67.13,94.32,4115.61,1,0.0687,1.7063,4.877119,0,0
29.8189,0.4391,0.0143,3,0.2911,171.39,138.33,2329.42,1,0.2586,3.4598,0.586155,0,0
1000.0,30.0,0.1627,1,0.9228,103.42,3.87,3946.4,0,0.0,0.6641,0.000472,119,1
1000.0,21.7028,0.7838,1,0.9691,143.26,15.08,299.34,330,0.8757,0.2633,0.013421,257,1
256.1259,4.204,0.4109,1,0.9797,186.66,58.6,165.24,202,0.9149,0.169,0.015775,103,1
13.2646,0.1836,0.0754,5,0.1,136.76,154.07,3893.42,0,0.0,3.5093,9.84031,2,0
25.8184,0.441,0.0433,6,0.4881,261.02,158.3,4558.7,0,0.0,2.5521,11.760622,2,0
30.8192,0.5851,0.1283,4,0.1,280.72,103.41,3157.57,2,0.0275,1.4219,5.028139,7,0
1000.0,30.0,0.1213,3,0.8061,126.55,4.64,5796.15,0,0.0,1.0012,0.01289,86,1
11.1973,0.0894,0.4023,1,0.5498,269.61,140.91,2978.91,0,0.0,0.6056,0.685309,12,1
32.7523,0.5377,0.0867,4,0.4181,130.14,142.74,2912.96,0,0.0,1.8003,14.571269,6,0
14.3672,0.2217,0.2436,6,0.1,69.19,297.17,2009.17,0,0.0,1.3773,14.372446,13,0
51.2592,0.8493,0.0275,3,0.2919,133.47,51.18,4127.09,0,0.0,2.5822,9.781956,1,0
18.5052,0.1971,0.1289,5,0.1278,247.35,159.21,1476.49,0,0.0,2.5514,8.441443,5,0
10.3719,0.0,0.164,4,0.1134,145.23,259.17,2291.14,1,0.149,2.8817,11.695512,5,0
15.9728,0.23,0.0953,4,0.3322,342.52,271.88,1166.29,1,0.0436,2.9524,4.795834,6,0
2.1743,0.0004,0.0729,6,0.2009,90.33,178.06,2412.01,0,0.0,3.288,10.264175,0,0
10.8748,0.1765,0.0776,6,0.2025,293.5,193.58,3141.26,0,0.0,1.5988,4.273248,2,0
15.8176,0.2242,0.0022,3,0.1,365.95,259.85,4738.88,0,0.0,3.2233,0.793154,0,0
29.6014,0.4645,0.056,6,0.439,277.78,117.4,1406.92,0,0.0,2.4305,6.543324,3,0
146.7315,2.4752,0.5644,1,0.9988,93.02,42.5,256.48,360,0.7814,0.1077,0.01878,59,1
1000.0,30.0,0.1586,1,0.9234,140.78,11.81,3231.33,0,0.0,0.7639,0.014959,126,1
882.6924,14.7296,0.1624,1,0.8566,33.77,25.56,6665.91,0,0.0,0.7492,0.038194,60,1
302.9587,5.0106,0.3713,1,0.9918,175.9,45.05,50.36,180,0.6547,0.0,0.002171,82,1
17.3854,0.3961,0.1604,6,0.4469,367.67,248.91,1722.5,0,0.0,1.684,5.4196,11,0
3.7475,0.0622,0.3263,5,0.308,279.1,290.19,967.75,0,0.0,3.5961,1.215283,4,0
36.1314,0.5319,0.0108,6,0.6551,231.31,138.79,4415.06,0,0.0,2.4112,6.732378,0,0
18.2156,0.2813,0.0842,6,0.246,192.45,225.53,2346.38,0,0.0,2.0197,11.357213,5,0
1.6052,0.032,0.0509,4,0.1711,244.86,161.48,1659.43,2,0.0067,3.0048,9.949554,0,0
10.2026,0.1228,0.0349,5,0.2075,303.14,220.23,846.41,0,0.0,3.6524,4.810716,1,0
43.6584,0.7038,0.2102,5,0.2195,345.11,77.5,1579.89,1,0.0488,2.1444,12.644744,11,0
1000.0,23.5242,0.0671,2,0.7,32.48,5.26,4577.91,0,0.0,0.0552,0.00147,8,1
1000.0,22.3866,0.164,2,0.9687,76.83,28.98,2254.06,0,0.0,0.8871,0.014465,106,1
21.2986,0.2657,0.2697,2,0.5563,172.84,90.72,351.87,10,0.6573,0.5486,0.732243,5,1
17.5691,0.2974,0.1426,3,0.1954,252.33,116.4,4338.3,0,0.0,2.4955,7.537899,4,0
17.3857,0.1219,0.2015,2,0.6799,125.02,79.14,1359.06,10,0.7293,1.3782,0.207542,2,1
340.705,5.7832,0.6059,1,0.9919,71.12,57.85,154.05,298,0.8999,0.006,0.001164,201,1
29.3182,0.4919,0.0367,7,0.2774,285.24,88.16,2753.51,0,0.0,3.5865,4.03747,1,0
